"User_ID","UTC_Time","Account","Operation","Coin","Change","Remark"
"26289805","2024-12-31 03:42:32","Spot","Simple Earn Flexible Interest","EURI","0.00004674","Binance Earn"
"26289805","2024-12-31 03:54:24","Spot","Simple Earn Flexible Interest","BTC","2E-8","Binance Earn"
"26289805","2024-12-31 14:04:32","Isolated Margin","Transaction Sold","BTC","-0.02901000",""
"26289805","2024-12-31 14:04:32","Isolated Margin","Isolated Margin Loan","BTC","0.08000000",""
"26289805","2024-12-31 14:04:32","Isolated Margin","Transaction Sold","BTC","-0.03405000",""
"26289805","2024-12-31 14:04:32","Isolated Margin","Transaction Revenue","USDC","2768.13420000",""
"26289805","2024-12-31 14:04:32","Isolated Margin","Transaction Fee","USDC","-1.53565827",""
"26289805","2024-12-31 14:04:32","Isolated Margin","Transaction Fee","USDC","-3.08672752",""
"26289805","2024-12-31 14:04:32","Isolated Margin","Transaction Revenue","USDC","3249.18685950",""
"26289805","2024-12-31 14:04:32","Isolated Margin","Transaction Fee","USDC","-2.62972749",""
"26289805","2024-12-31 14:04:32","Isolated Margin","Transaction Revenue","USDC","1616.48239060",""
"26289805","2024-12-31 14:04:32","Isolated Margin","Transaction Sold","BTC","-0.01694000",""
"26289805","2024-12-31 16:48:41","Isolated Margin","Isolated Margin Repayment","BTC","-0.08000033",""
"26289805","2024-12-31 16:48:41","Isolated Margin","Transaction Buy","BTC","0.03240000",""
"26289805","2024-12-31 16:48:41","Isolated Margin","Transaction Buy","BTC","0.00713000",""
"26289805","2024-12-31 16:48:41","Isolated Margin","Transaction Spend","USDC","-1289.45359100",""
"26289805","2024-12-31 16:48:41","Isolated Margin","Transaction Buy","BTC","0.01055000",""
"26289805","2024-12-31 16:48:41","Isolated Margin","Transaction Spend","USDC","-999.54782850",""
"26289805","2024-12-31 16:48:41","Isolated Margin","Transaction Spend","USDC","-3069.57600000",""
"26289805","2024-12-31 16:48:41","Isolated Margin","Transaction Fee","BTC","-0.00003078",""
"26289805","2024-12-31 16:48:41","Isolated Margin","Transaction Buy","BTC","0.01361000",""
"26289805","2024-12-31 16:48:41","Isolated Margin","Transaction Fee","BTC","-0.00001293",""
"26289805","2024-12-31 16:48:41","Isolated Margin","Transaction Spend","USDC","-675.52472000",""
"26289805","2024-12-31 16:48:41","Isolated Margin","Transaction Fee","BTC","-0.00000677",""
"26289805","2024-12-31 16:48:41","Isolated Margin","Transaction Fee","BTC","-0.00001002",""
"26289805","2024-12-31 16:48:41","Isolated Margin","Transaction Spend","USDC","-1554.61776000",""
"26289805","2024-12-31 16:48:41","Isolated Margin","Transaction Fee","BTC","-0.00001559",""
"26289805","2024-12-31 16:48:41","Isolated Margin","Transaction Buy","BTC","0.01641000",""
"26289805","2024-12-31 16:49:02","Isolated Margin","Transfer Between Main Account/Futures and Margin Account","USDC","-38.00000000",""
"26289805","2024-12-31 16:49:02","Spot","Transfer Between Main Account/Futures and Margin Account","USDC","38.00000000",""
"26289805","2024-12-31 16:49:09","Isolated Margin","Transfer Between Main Account/Futures and Margin Account","BTC","-0.00002358",""
"26289805","2024-12-31 16:49:09","Spot","Transfer Between Main Account/Futures and Margin Account","BTC","0.00002358",""
"26289805","2024-12-31 18:06:00","Spot","Simple Earn Flexible Subscription","BTC","-0.00002360","Binance Earn"
"26289805","2024-12-31 18:28:26","Spot","Simple Earn Flexible Subscription","EURI","-0.00004674","Binance Earn"
"26289805","2025-01-01 04:41:43","Spot","Simple Earn Flexible Interest","BTC","2E-8","Binance Earn"
"26289805","2025-01-01 04:46:47","Spot","Simple Earn Flexible Interest","EURI","0.00004675","Binance Earn"
"26289805","2025-01-01 18:04:36","Spot","Simple Earn Flexible Subscription","BTC","-2E-8","Binance Earn"
"26289805","2025-01-01 18:27:25","Spot","Simple Earn Flexible Subscription","EURI","-0.00004675","Binance Earn"
"26289805","2025-01-01 21:36:28","Isolated Margin","Transaction Fee","USDC","-0.30634623",""
"26289805","2025-01-01 21:36:28","Isolated Margin","Transaction Sold","BTC","-0.02870000",""
"26289805","2025-01-01 21:36:28","Isolated Margin","Transaction Sold","BTC","-0.03099000",""
"26289805","2025-01-01 21:36:28","Isolated Margin","Isolated Margin Loan","BTC","0.08000000",""
"26289805","2025-01-01 21:36:28","Isolated Margin","Transaction Revenue","USDC","2930.59724100",""
"26289805","2025-01-01 21:36:28","Isolated Margin","Transaction Fee","USDC","-2.78406738",""
"26289805","2025-01-01 21:36:28","Isolated Margin","Transaction Fee","USDC","-1.51825552",""
"26289805","2025-01-01 21:36:28","Isolated Margin","Transaction Revenue","USDC","1598.16371000",""
"26289805","2025-01-01 21:36:28","Isolated Margin","Transaction Sold","BTC","-0.01690000",""
"26289805","2025-01-01 21:36:28","Isolated Margin","Transaction Fee","USDC","-2.57833926",""
"26289805","2025-01-01 21:36:28","Isolated Margin","Transaction Revenue","USDC","322.46971900",""
"26289805","2025-01-01 21:36:28","Isolated Margin","Transaction Sold","BTC","-0.00341000",""
"26289805","2025-01-01 21:36:28","Isolated Margin","Transaction Revenue","USDC","2714.04133000",""
"26289805","2025-01-02 01:07:05","Isolated Margin","Transaction Buy","BTC","0.00037000",""
"26289805","2025-01-02 01:07:05","Isolated Margin","Transaction Spend","USDC","-7.62576720",""
"26289805","2025-01-02 01:07:05","Isolated Margin","Transaction Spend","USDC","-5.71921320",""
"26289805","2025-01-02 01:07:05","Isolated Margin","Transaction Spend","USDC","-2849.94840000",""
"26289805","2025-01-02 01:07:05","Isolated Margin","Transaction Spend","USDC","-7.62537600",""
"26289805","2025-01-02 01:07:05","Isolated Margin","Transaction Fee","BTC","-1.0E-7",""
"26289805","2025-01-02 01:07:05","Isolated Margin","Transaction Fee","BTC","-4.8E-7",""
"26289805","2025-01-02 01:07:05","Isolated Margin","Transaction Fee","BTC","-1.9E-7",""
"26289805","2025-01-02 01:07:05","Isolated Margin","Transaction Buy","BTC","0.00006000",""
"26289805","2025-01-02 01:07:05","Isolated Margin","Transaction Fee","BTC","-0.00000103",""
"26289805","2025-01-02 01:07:05","Isolated Margin","Transaction Fee","BTC","-0.00002841",""
"26289805","2025-01-02 01:07:05","Isolated Margin","Transaction Fee","BTC","-9.5E-7",""
"26289805","2025-01-02 01:07:05","Isolated Margin","Transaction Buy","BTC","0.00632000",""
"26289805","2025-01-02 01:07:05","Isolated Margin","Transaction Fee","BTC","-0.00003521",""
"26289805","2025-01-02 01:07:05","Isolated Margin","Transaction Fee","BTC","-6E-8",""
"26289805","2025-01-02 01:07:05","Isolated Margin","Transaction Spend","USDC","-9.53193000",""
"26289805","2025-01-02 01:07:05","Isolated Margin","Transaction Spend","USDC","-35.26929540",""
"26289805","2025-01-02 01:07:05","Isolated Margin","Transaction Spend","USDC","-9.53165100",""
"26289805","2025-01-02 01:07:05","Isolated Margin","Transaction Buy","BTC","0.03706000",""
"26289805","2025-01-02 01:07:05","Isolated Margin","Transaction Spend","USDC","-102.94363440",""
"26289805","2025-01-02 01:07:05","Isolated Margin","Transaction Fee","BTC","-8E-8",""
"26289805","2025-01-02 01:07:05","Isolated Margin","Transaction Spend","USDC","-47.66000000",""
"26289805","2025-01-02 01:07:05","Isolated Margin","Transaction Buy","BTC","0.00010000",""
"26289805","2025-01-02 01:07:05","Isolated Margin","Transaction Fee","BTC","-3.5E-7",""
"26289805","2025-01-02 01:07:05","Isolated Margin","Transaction Buy","BTC","0.02990000",""
"26289805","2025-01-02 01:07:05","Isolated Margin","Transaction Fee","BTC","-7E-8",""
"26289805","2025-01-02 01:07:05","Isolated Margin","Transaction Spend","USDC","-276.43124800",""
"26289805","2025-01-02 01:07:05","Isolated Margin","Transaction Fee","BTC","-1.0E-7",""
"26289805","2025-01-02 01:07:05","Isolated Margin","Transaction Buy","BTC","0.00006000",""
"26289805","2025-01-02 01:07:05","Isolated Margin","Transaction Fee","BTC","-0.00000276",""
"26289805","2025-01-02 01:07:05","Isolated Margin","Transaction Fee","BTC","-2.1E-7",""
"26289805","2025-01-02 01:07:05","Isolated Margin","Transaction Buy","BTC","0.00108000",""
"26289805","2025-01-02 01:07:05","Isolated Margin","Transaction Spend","USDC","-602.42751920",""
"26289805","2025-01-02 01:07:05","Isolated Margin","Transaction Fee","BTC","-6E-8",""
"26289805","2025-01-02 01:07:05","Isolated Margin","Transaction Buy","BTC","0.00050000",""
"26289805","2025-01-02 01:07:05","Isolated Margin","Transaction Fee","BTC","-8E-8",""
"26289805","2025-01-02 01:07:05","Isolated Margin","Transaction Buy","BTC","0.00020000",""
"26289805","2025-01-02 01:07:05","Isolated Margin","Transaction Spend","USDC","-19.06437400",""
"26289805","2025-01-02 01:07:05","Isolated Margin","Transaction Buy","BTC","0.00008000",""
"26289805","2025-01-02 01:07:05","Isolated Margin","Transaction Spend","USDC","-95.31679000",""
"26289805","2025-01-02 01:07:05","Isolated Margin","Transaction Fee","BTC","-0.00000600",""
"26289805","2025-01-02 01:07:05","Isolated Margin","Transaction Spend","USDC","-6.67245040",""
"26289805","2025-01-02 01:07:05","Isolated Margin","Transaction Buy","BTC","0.00290000",""
"26289805","2025-01-02 01:07:05","Isolated Margin","Transaction Buy","BTC","0.00007000",""
"26289805","2025-01-02 01:07:05","Isolated Margin","Transaction Spend","USDC","-3532.65666780",""
"26289805","2025-01-02 01:07:05","Isolated Margin","Transaction Buy","BTC","0.00010000",""
"26289805","2025-01-02 01:07:05","Isolated Margin","Transaction Buy","BTC","0.00022000",""
"26289805","2025-01-02 01:07:05","Isolated Margin","Transaction Buy","BTC","0.00100000",""
"26289805","2025-01-02 01:07:05","Isolated Margin","Transaction Spend","USDC","-5.71923060",""
"26289805","2025-01-02 01:07:05","Isolated Margin","Transaction Buy","BTC","0.00008000",""
"26289805","2025-01-02 01:07:05","Isolated Margin","Transaction Spend","USDC","-20.97005240",""
"26289805","2025-01-02 01:07:05","Isolated Margin","Isolated Margin Repayment","BTC","-0.08000055",""
"26289805","2025-01-02 03:02:20","Spot","Simple Earn Flexible Interest","BTC","2E-8","Binance Earn"
"26289805","2025-01-02 03:03:58","Spot","Simple Earn Flexible Subscription","BTC","-2E-8","Binance Earn"
"26289805","2025-01-02 09:07:16","Isolated Margin","Transfer Between Main Account/Futures and Margin Account","BTC","-0.00002331",""
"26289805","2025-01-02 09:07:16","Spot","Transfer Between Main Account/Futures and Margin Account","BTC","0.00002331",""
"26289805","2025-01-02 10:07:34","Isolated Margin","Isolated Margin Loan","BTC","0.07500000",""
"26289805","2025-01-02 10:09:10","Isolated Margin","Isolated Margin Repayment","BTC","-0.07500000",""
"26289805","2025-01-02 18:05:35","Spot","Simple Earn Flexible Subscription","BTC","-0.00002331","Binance Earn"
"26289805","2025-01-03 03:16:26","Spot","Simple Earn Flexible Interest","BTC","2E-8","Binance Earn"
"26289805","2025-01-03 17:30:01","Isolated Margin","Transaction Sold","BTC","-0.07500000",""
"26289805","2025-01-03 17:30:01","Isolated Margin","Transaction Fee","USDC","-6.98967345",""
"26289805","2025-01-03 17:30:01","Isolated Margin","Transaction Revenue","USDC","7357.55100000",""
"26289805","2025-01-03 17:30:01","Isolated Margin","Isolated Margin Loan","BTC","0.07500000",""
"26289805","2025-01-03 18:07:24","Spot","Simple Earn Flexible Subscription","BTC","-2E-8","Binance Earn"
"26289805","2025-01-04 03:40:50","Spot","Simple Earn Flexible Interest","BTC","2E-8","Binance Earn"
"26289805","2025-01-04 18:02:27","Spot","Simple Earn Flexible Subscription","BTC","-2E-8","Binance Earn"
"26289805","2025-01-05 03:02:31","Spot","Simple Earn Flexible Interest","BTC","2E-8","Binance Earn"
"26289805","2025-01-05 18:06:01","Spot","Simple Earn Flexible Subscription","BTC","-2E-8","Binance Earn"
"26289805","2025-01-06 03:21:09","Spot","Simple Earn Flexible Interest","BTC","2E-8","Binance Earn"
"26289805","2025-01-06 14:49:06","Isolated Margin","Transaction Buy","BTC","0.07500000",""
"26289805","2025-01-06 14:49:06","Isolated Margin","Transaction Spend","USDC","-7522.50000000",""
"26289805","2025-01-06 14:49:06","Isolated Margin","Transaction Fee","BTC","-0.00007125",""
"26289805","2025-01-06 17:06:53","Isolated Margin","Transaction Sold","BTC","-0.04920000",""
"26289805","2025-01-06 17:06:53","Isolated Margin","Transaction Revenue","USDC","5013.48344400",""
"26289805","2025-01-06 17:06:53","Isolated Margin","Transaction Revenue","USDC","2527.12173600",""
"26289805","2025-01-06 17:06:53","Isolated Margin","Transaction Fee","USDC","-2.40076565",""
"26289805","2025-01-06 17:06:53","Isolated Margin","Transaction Sold","BTC","-0.02480000",""
"26289805","2025-01-06 17:06:53","Isolated Margin","Transaction Fee","USDC","-4.76280927",""
"26289805","2025-01-06 17:08:48","Isolated Margin","Transaction Revenue","USDC","91.78198200",""
"26289805","2025-01-06 17:08:48","Isolated Margin","Transaction Fee","USDC","-0.08719288",""
"26289805","2025-01-06 17:08:48","Isolated Margin","Transaction Sold","BTC","-0.00090000",""
"26289805","2025-01-06 18:02:48","Spot","Simple Earn Flexible Subscription","BTC","-2E-8","Binance Earn"
"26289805","2025-01-07 03:10:41","Spot","Simple Earn Flexible Interest","BTC","2E-8","Binance Earn"
"26289805","2025-01-07 13:13:37","Spot","Tax Payment","EUR","-0.00405100",""
"26289805","2025-01-07 13:13:37","Spot","Tax Payment","BNB","-2E-8",""
"26289805","2025-01-07 13:13:37","Spot","Tax Payment","USDC","-2.20090845",""
"26289805","2025-01-07 13:13:37","Spot","Tax Payment","USDT","-0.92842743",""
"26289805","2025-01-07 13:13:37","Spot","Tax Payment","BTC","-2E-8",""
"26289805","2025-01-07 17:21:34","Isolated Margin","Transaction Buy","BTC","0.07510000",""
"26289805","2025-01-07 17:21:34","Isolated Margin","Transaction Spend","USDC","-7319.80249100",""
"26289805","2025-01-07 17:21:34","Isolated Margin","Transaction Fee","BTC","-0.00007135",""
"26289805","2025-01-07 17:21:48","Isolated Margin","Isolated Margin Repayment","BTC","-0.07501109",""
"26289805","2025-01-07 17:22:17","Isolated Margin","Transfer Between Main Account/Futures and Margin Account","BTC","-0.00004631",""
"26289805","2025-01-07 17:22:17","Spot","Transfer Between Main Account/Futures and Margin Account","BTC","0.00004631",""
"26289805","2025-01-07 17:22:27","Isolated Margin","Transfer Between Main Account/Futures and Margin Account","USDC","-57.00000000",""
"26289805","2025-01-07 17:22:27","Spot","Transfer Between Main Account/Futures and Margin Account","USDC","57.00000000",""
"26289805","2025-01-07 18:06:30","Spot","Simple Earn Flexible Subscription","BTC","-0.00004631","Binance Earn"
"26289805","2025-01-08 03:01:49","Spot","Simple Earn Flexible Interest","BTC","2E-8","Binance Earn"
"26289805","2025-01-08 03:03:45","Spot","Simple Earn Flexible Subscription","BTC","-2E-8","Binance Earn"
"26289805","2025-01-09 03:15:30","Spot","Simple Earn Flexible Interest","BTC","2E-8","Binance Earn"
"26289805","2025-01-09 14:33:45","Spot","Transaction Spend","USDC","-9.24886100",""
"26289805","2025-01-09 14:33:45","Spot","Transaction Fee","BTC","-1.0E-7",""
"26289805","2025-01-09 14:33:45","Spot","Transaction Buy","BTC","0.00010000",""
"26289805","2025-01-09 14:34:07","Spot","Transaction Spend","USDC","-9.72246000",""
"26289805","2025-01-09 14:34:07","Spot","Transaction Fee","ETH","-0.00000285",""
"26289805","2025-01-09 14:34:07","Spot","Transaction Buy","ETH","0.00300000",""
"26289805","2025-01-09 18:06:35","Spot","Simple Earn Flexible Subscription","BTC","-0.00009992","Binance Earn"
"26289805","2025-01-09 20:22:48","Spot","Transaction Spend","USDC","-94.84800000",""
"26289805","2025-01-09 20:22:48","Spot","Transaction Buy","BTC","0.00104000",""
"26289805","2025-01-09 20:22:48","Spot","Transaction Fee","BTC","-0.00000104",""
"26289805","2025-01-10 03:04:11","Spot","Simple Earn Flexible Subscription","BTC","-0.00103896","Binance Earn"
"26289805","2025-01-10 03:14:00","Spot","Simple Earn Flexible Interest","BTC","2E-8","Binance Earn"
"26289805","2025-01-10 07:56:17","Spot","Transaction Sold","ATOM","-2.54000000",""
"26289805","2025-01-10 07:56:17","Spot","Transaction Revenue","USDC","16.75384000",""
"26289805","2025-01-10 07:56:17","Spot","Transaction Fee","USDC","-0.01591615",""
"26289805","2025-01-10 18:07:18","Spot","Simple Earn Flexible Subscription","BTC","-2E-8","Binance Earn"
"26289805","2025-01-11 00:03:51","Isolated Margin","Isolated Margin Loan","BTC","0.07500000",""
"26289805","2025-01-11 03:02:02","Spot","Simple Earn Flexible Interest","BTC","3E-8","Binance Earn"
"26289805","2025-01-11 03:04:41","Spot","Simple Earn Flexible Subscription","BTC","-3E-8","Binance Earn"
"26289805","2025-01-11 08:54:47","Isolated Margin","Isolated Margin Repayment","BTC","-0.07500000",""
"26289805","2025-01-12 03:18:16","Spot","Simple Earn Flexible Interest","BTC","3E-8","Binance Earn"
"26289805","2025-01-12 18:06:18","Spot","Simple Earn Flexible Subscription","BTC","-3E-8","Binance Earn"
"26289805","2025-01-13 03:06:38","Spot","Simple Earn Flexible Interest","BTC","3E-8","Binance Earn"
"26289805","2025-01-13 14:34:41","Spot","Transaction Fee","ETH","-0.00003350",""
"26289805","2025-01-13 14:34:41","Spot","Transaction Buy","ETH","0.03350000",""
"26289805","2025-01-13 14:34:41","Spot","Transaction Spend","USDC","-99.02600000",""
"26289805","2025-01-13 18:03:54","Spot","Simple Earn Flexible Subscription","BTC","-3E-8","Binance Earn"
"26289805","2025-01-14 03:06:31","Spot","Simple Earn Flexible Interest","BTC","3E-8","Binance Earn"
"26289805","2025-01-14 03:41:01","Spot","Simple Earn Flexible Interest","EURI","0.00006017","Binance Earn"
"26289805","2025-01-14 18:06:19","Spot","Simple Earn Flexible Subscription","BTC","-3E-8","Binance Earn"
"26289805","2025-01-14 18:27:47","Spot","Simple Earn Flexible Subscription","EURI","-0.00006017","Binance Earn"
"26289805","2025-01-15 03:07:21","Spot","Simple Earn Flexible Interest","BTC","3E-8","Binance Earn"
"26289805","2025-01-15 03:07:55","Spot","Simple Earn Flexible Interest","EURI","0.00006018","Binance Earn"
"26289805","2025-01-15 03:27:00","Spot","Simple Earn Flexible Subscription","EURI","-0.00006018","Binance Earn"
"26289805","2025-01-15 07:40:36","Isolated Margin","Isolated Margin Loan","BTC","0.07500000",""
"26289805","2025-01-15 07:40:36","Isolated Margin","Transaction Revenue","USDC","5216.52801930",""
"26289805","2025-01-15 07:40:36","Isolated Margin","Transaction Fee","USDC","-1.97728889",""
"26289805","2025-01-15 07:40:36","Isolated Margin","Transaction Sold","BTC","-0.05361000",""
"26289805","2025-01-15 07:40:36","Isolated Margin","Transaction Sold","BTC","-0.02139000",""
"26289805","2025-01-15 07:40:36","Isolated Margin","Transaction Fee","USDC","-4.95570162",""
"26289805","2025-01-15 07:40:36","Isolated Margin","Transaction Revenue","USDC","2081.35673070",""
"26289805","2025-01-15 13:30:18","Isolated Margin","Transaction Spend","USDC","-6.87400000",""
"26289805","2025-01-15 13:30:18","Isolated Margin","Transaction Buy","BTC","0.01947000",""
"26289805","2025-01-15 13:30:18","Isolated Margin","Transaction Buy","BTC","0.00305000",""
"26289805","2025-01-15 13:30:18","Isolated Margin","Transaction Fee","BTC","-6E-8",""
"26289805","2025-01-15 13:30:18","Isolated Margin","Transaction Fee","BTC","-9E-8",""
"26289805","2025-01-15 13:30:18","Isolated Margin","Transaction Spend","USDC","-5.89200000",""
"26289805","2025-01-15 13:30:18","Isolated Margin","Transaction Buy","BTC","0.00030000",""
"26289805","2025-01-15 13:30:18","Isolated Margin","Transaction Spend","USDC","-14.73000000",""
"26289805","2025-01-15 13:30:18","Isolated Margin","Transaction Spend","USDC","-98.20000000",""
"26289805","2025-01-15 13:30:18","Isolated Margin","Transaction Fee","BTC","-0.00000290",""
"26289805","2025-01-15 13:30:18","Isolated Margin","Transaction Spend","USDC","-1528.97400000",""
"26289805","2025-01-15 13:30:18","Isolated Margin","Transaction Buy","BTC","0.01557000",""
"26289805","2025-01-15 13:30:18","Isolated Margin","Transaction Spend","USDC","-5.89200000",""
"26289805","2025-01-15 13:30:18","Isolated Margin","Transaction Fee","BTC","-6E-8",""
"26289805","2025-01-15 13:30:18","Isolated Margin","Transaction Spend","USDC","-21.60400000",""
"26289805","2025-01-15 13:30:18","Isolated Margin","Transaction Buy","BTC","0.00157000",""
"26289805","2025-01-15 13:30:18","Isolated Margin","Transaction Fee","BTC","-1.4E-7",""
"26289805","2025-01-15 13:30:18","Isolated Margin","Transaction Spend","USDC","-8.83800000",""
"26289805","2025-01-15 13:30:18","Isolated Margin","Transaction Spend","USDC","-1911.95400000",""
"26289805","2025-01-15 13:30:18","Isolated Margin","Transaction Spend","USDC","-8.83800000",""
"26289805","2025-01-15 13:30:18","Isolated Margin","Transaction Fee","BTC","-9.5E-7",""
"26289805","2025-01-15 13:30:18","Isolated Margin","Transaction Fee","BTC","-6E-8",""
"26289805","2025-01-15 13:30:18","Isolated Margin","Transaction Spend","USDC","-131.58800000",""
"26289805","2025-01-15 13:30:18","Isolated Margin","Transaction Buy","BTC","0.00010000",""
"26289805","2025-01-15 13:30:18","Isolated Margin","Transaction Fee","BTC","-0.00001850",""
"26289805","2025-01-15 13:30:18","Isolated Margin","Transaction Buy","BTC","0.00006000",""
"26289805","2025-01-15 13:30:18","Isolated Margin","Transaction Buy","BTC","0.00370000",""
"26289805","2025-01-15 13:30:18","Isolated Margin","Transaction Spend","USDC","-5.89200000",""
"26289805","2025-01-15 13:30:18","Isolated Margin","Transaction Fee","BTC","-1.0E-7",""
"26289805","2025-01-15 13:30:18","Isolated Margin","Transaction Spend","USDC","-363.34000000",""
"26289805","2025-01-15 13:30:18","Isolated Margin","Transaction Fee","BTC","-0.00000787",""
"26289805","2025-01-15 13:30:18","Isolated Margin","Transaction Fee","BTC","-2.9E-7",""
"26289805","2025-01-15 13:30:18","Isolated Margin","Transaction Fee","BTC","-9E-8",""
"26289805","2025-01-15 13:30:18","Isolated Margin","Transaction Fee","BTC","-7E-8",""
"26289805","2025-01-15 13:30:18","Isolated Margin","Transaction Buy","BTC","0.00009000",""
"26289805","2025-01-15 13:30:18","Isolated Margin","Transaction Fee","BTC","-9E-8",""
"26289805","2025-01-15 13:30:18","Isolated Margin","Transaction Buy","BTC","0.00007000",""
"26289805","2025-01-15 13:30:18","Isolated Margin","Transaction Buy","BTC","0.00828000",""
"26289805","2025-01-15 13:30:18","Isolated Margin","Transaction Fee","BTC","-0.00001479",""
"26289805","2025-01-15 13:30:18","Isolated Margin","Transaction Spend","USDC","-8.83800000",""
"26289805","2025-01-15 13:30:18","Isolated Margin","Transaction Buy","BTC","0.00781000",""
"26289805","2025-01-15 13:30:18","Isolated Margin","Transaction Buy","BTC","0.00033000",""
"26289805","2025-01-15 13:30:18","Isolated Margin","Transaction Fee","BTC","-6E-8",""
"26289805","2025-01-15 13:30:18","Isolated Margin","Transaction Spend","USDC","-766.94200000",""
"26289805","2025-01-15 13:30:18","Isolated Margin","Transaction Buy","BTC","0.00100000",""
"26289805","2025-01-15 13:30:18","Isolated Margin","Transaction Buy","BTC","0.00079000",""
"26289805","2025-01-15 13:30:18","Isolated Margin","Transaction Buy","BTC","0.00009000",""
"26289805","2025-01-15 13:30:18","Isolated Margin","Transaction Fee","BTC","-0.00000352",""
"26289805","2025-01-15 13:30:18","Isolated Margin","Transaction Buy","BTC","0.00006000",""
"26289805","2025-01-15 13:30:18","Isolated Margin","Transaction Buy","BTC","0.00006000",""
"26289805","2025-01-15 13:30:18","Isolated Margin","Transaction Spend","USDC","-8.83800000",""
"26289805","2025-01-15 13:30:18","Isolated Margin","Transaction Spend","USDC","-1050.74000000",""
"26289805","2025-01-15 13:30:18","Isolated Margin","Transaction Buy","BTC","0.00009000",""
"26289805","2025-01-15 13:30:18","Isolated Margin","Transaction Spend","USDC","-299.51000000",""
"26289805","2025-01-15 13:30:18","Isolated Margin","Transaction Spend","USDC","-32.40600000",""
"26289805","2025-01-15 13:30:18","Isolated Margin","Transaction Buy","BTC","0.00015000",""
"26289805","2025-01-15 13:30:18","Isolated Margin","Transaction Fee","BTC","-0.00000149",""
"26289805","2025-01-15 13:30:18","Isolated Margin","Transaction Buy","BTC","0.00134000",""
"26289805","2025-01-15 13:30:18","Isolated Margin","Transaction Fee","BTC","-2.1E-7",""
"26289805","2025-01-15 13:30:18","Isolated Margin","Transaction Spend","USDC","-5.89200000",""
"26289805","2025-01-15 13:30:18","Isolated Margin","Transaction Buy","BTC","0.00009000",""
"26289805","2025-01-15 13:30:18","Isolated Margin","Transaction Fee","BTC","-0.00000742",""
"26289805","2025-01-15 13:30:18","Isolated Margin","Transaction Spend","USDC","-9.82000000",""
"26289805","2025-01-15 13:30:18","Isolated Margin","Transaction Spend","USDC","-154.17400000",""
"26289805","2025-01-15 13:30:18","Isolated Margin","Transaction Buy","BTC","0.00006000",""
"26289805","2025-01-15 13:30:18","Isolated Margin","Transaction Buy","BTC","0.01070000",""
"26289805","2025-01-15 13:30:18","Isolated Margin","Transaction Fee","BTC","-9E-8",""
"26289805","2025-01-15 13:30:18","Isolated Margin","Transaction Fee","BTC","-0.00001017",""
"26289805","2025-01-15 13:30:18","Isolated Margin","Transaction Fee","BTC","-3.1E-7",""
"26289805","2025-01-15 13:30:18","Isolated Margin","Transaction Spend","USDC","-29.46000000",""
"26289805","2025-01-15 13:30:18","Isolated Margin","Transaction Fee","BTC","-0.00000127",""
"26289805","2025-01-15 13:30:18","Isolated Margin","Transaction Fee","BTC","-7.5E-7",""
"26289805","2025-01-15 13:30:18","Isolated Margin","Transaction Spend","USDC","-77.57800000",""
"26289805","2025-01-15 13:30:18","Isolated Margin","Transaction Spend","USDC","-813.09600000",""
"26289805","2025-01-15 13:30:18","Isolated Margin","Transaction Buy","BTC","0.00022000",""
"26289805","2025-01-15 13:30:19","Isolated Margin","Isolated Margin Repayment","BTC","-0.06753791",""
"26289805","2025-01-15 14:50:47","Isolated Margin","Transaction Fee","USDC","-1.11023840",""
"26289805","2025-01-15 14:50:47","Isolated Margin","Transaction Revenue","USDC","905.20732000",""
"26289805","2025-01-15 14:50:47","Isolated Margin","Transaction Fee","USDC","-1.11026082",""
"26289805","2025-01-15 14:50:47","Isolated Margin","Transaction Sold","BTC","-0.01180000",""
"26289805","2025-01-15 14:50:47","Isolated Margin","Transaction Sold","BTC","-0.00914000",""
"26289805","2025-01-15 14:50:47","Isolated Margin","Isolated Margin Loan","BTC","0.06655926",""
"26289805","2025-01-15 14:50:47","Isolated Margin","Transaction Revenue","USDC","1168.69560000",""
"26289805","2025-01-15 14:50:47","Isolated Margin","Transaction Sold","BTC","-0.01180000",""
"26289805","2025-01-15 14:50:47","Isolated Margin","Transaction Revenue","USDC","4086.47292000",""
"26289805","2025-01-15 14:50:47","Isolated Margin","Transaction Fee","USDC","-0.85994695",""
"26289805","2025-01-15 14:50:47","Isolated Margin","Transaction Sold","BTC","-0.04126000",""
"26289805","2025-01-15 14:50:47","Isolated Margin","Transaction Fee","USDC","-3.88214927",""
"26289805","2025-01-15 14:50:47","Isolated Margin","Transaction Revenue","USDC","1168.67200000",""
"26289805","2025-01-15 18:03:51","Spot","Simple Earn Flexible Subscription","BTC","-3E-8","Binance Earn"
"26289805","2025-01-15 20:30:56","Spot","Simple Earn Flexible Redemption","BTC","0.00549689","Binance Earn"
"26289805","2025-01-15 20:31:10","Isolated Margin","Transfer Between Main Account/Futures and Margin Account","BTC","0.00549689",""
"26289805","2025-01-15 20:31:10","Spot","Transfer Between Main Account/Futures and Margin Account","BTC","-0.00549689",""
"26289805","2025-01-15 20:33:39","Isolated Margin","Transaction Fee","USDC","-1.15169249",""
"26289805","2025-01-15 20:33:39","Isolated Margin","Transaction Revenue","USDC","1212.30788000",""
"26289805","2025-01-15 20:33:39","Isolated Margin","Transaction Sold","BTC","-0.03289000",""
"26289805","2025-01-15 20:33:39","Isolated Margin","Transaction Revenue","USDC","3292.55212000",""
"26289805","2025-01-15 20:33:39","Isolated Margin","Transaction Fee","USDC","-3.12792451",""
"26289805","2025-01-15 20:33:39","Isolated Margin","Transaction Sold","BTC","-0.01211000",""
"26289805","2025-01-15 20:33:39","Isolated Margin","Isolated Margin Loan","BTC","0.03950311",""
"26289805","2025-01-16 03:41:13","Spot","Simple Earn Flexible Interest","EURI","0.00006019","Binance Earn"
"26289805","2025-01-16 14:50:10","Isolated Margin","Isolated Margin Repayment","BTC","-0.10221160",""
"26289805","2025-01-16 14:50:10","Isolated Margin","Transaction Buy","BTC","0.03321000",""
"26289805","2025-01-16 14:50:10","Isolated Margin","Transaction Spend","USDC","-3241.76426100",""
"26289805","2025-01-16 14:50:10","Isolated Margin","Transaction Fee","BTC","-0.00003155",""
"26289805","2025-01-16 14:50:10","Isolated Margin","Transaction Buy","BTC","0.01916000",""
"26289805","2025-01-16 14:50:10","Isolated Margin","Transaction Buy","BTC","0.06123000",""
"26289805","2025-01-16 14:50:10","Isolated Margin","Transaction Fee","BTC","-0.00001820",""
"26289805","2025-01-16 14:50:10","Isolated Margin","Transaction Fee","BTC","-0.00005817",""
"26289805","2025-01-16 14:50:10","Isolated Margin","Transaction Spend","USDC","-5976.91134300",""
"26289805","2025-01-16 14:50:10","Isolated Margin","Transaction Spend","USDC","-1870.28615600",""
"26289805","2025-01-16 14:50:24","Isolated Margin","Isolated Margin Repayment","BTC","-0.01128048",""
"26289805","2025-01-16 14:50:56","Isolated Margin","Isolated Margin Repayment","BTC","-0.00003880",""
"26289805","2025-01-16 14:50:56","Isolated Margin","Transaction Spend","USDC","-547.14430400",""
"26289805","2025-01-16 14:50:56","Isolated Margin","Transaction Fee","BTC","-0.00000532",""
"26289805","2025-01-16 14:50:56","Isolated Margin","Transaction Buy","BTC","0.00560000",""
"26289805","2025-01-16 14:51:16","Spot","Transfer Between Main Account/Futures and Margin Account","BTC","0.00555588",""
"26289805","2025-01-16 14:51:16","Isolated Margin","Transfer Between Main Account/Futures and Margin Account","BTC","-0.00555588",""
"26289805","2025-01-16 14:51:52","Spot","Transfer Between Main Account/Futures and Margin Account","USDC","107.00000000",""
"26289805","2025-01-16 14:51:52","Isolated Margin","Transfer Between Main Account/Futures and Margin Account","USDC","-107.00000000",""
"26289805","2025-01-16 18:06:58","Spot","Simple Earn Flexible Subscription","BTC","-0.00555588","Binance Earn"
"26289805","2025-01-16 18:26:13","Spot","Simple Earn Flexible Subscription","EURI","-0.00006019","Binance Earn"
"26289805","2025-01-16 20:52:34","Spot","Transaction Spend","USDC","-3.41955000",""
"26289805","2025-01-16 20:52:34","Spot","Transaction Buy","ATOM","6.99000000",""
"26289805","2025-01-16 20:52:34","Spot","Transaction Buy","ATOM","0.51000000",""
"26289805","2025-01-16 20:52:34","Spot","Transaction Fee","ATOM","-0.00048450",""
"26289805","2025-01-16 20:52:34","Spot","Transaction Fee","ATOM","-0.00664050",""
"26289805","2025-01-16 20:52:34","Spot","Transaction Spend","USDC","-46.86096000",""
"26289805","2025-01-17 03:41:09","Spot","Simple Earn Flexible Interest","EURI","0.00006021","Binance Earn"
"26289805","2025-01-17 18:29:23","Spot","Simple Earn Flexible Subscription","EURI","-0.00006021","Binance Earn"
"26289805","2025-01-18 03:04:35","Spot","Simple Earn Flexible Interest","BTC","3E-8","Binance Earn"
"26289805","2025-01-18 03:05:07","Spot","Simple Earn Flexible Subscription","BTC","-3E-8","Binance Earn"
"26289805","2025-01-18 03:05:12","Spot","Simple Earn Flexible Interest","EURI","0.00006023","Binance Earn"
"26289805","2025-01-18 03:23:53","Spot","Simple Earn Flexible Subscription","EURI","-0.00006023","Binance Earn"
"26289805","2025-01-19 03:45:46","Spot","Simple Earn Flexible Interest","BTC","3E-8","Binance Earn"
"26289805","2025-01-19 03:50:32","Spot","Simple Earn Flexible Interest","EURI","0.00006025","Binance Earn"
"26289805","2025-01-19 18:08:58","Spot","Simple Earn Flexible Subscription","BTC","-3E-8","Binance Earn"
"26289805","2025-01-19 18:30:43","Spot","Simple Earn Flexible Subscription","EURI","-0.00006025","Binance Earn"
"26289805","2025-01-20 03:42:23","Spot","Simple Earn Flexible Interest","EURI","0.00006026","Binance Earn"
"26289805","2025-01-20 03:44:38","Spot","Simple Earn Flexible Interest","BTC","3E-8","Binance Earn"
"26289805","2025-01-20 18:09:18","Spot","Simple Earn Flexible Subscription","BTC","-3E-8","Binance Earn"
"26289805","2025-01-20 18:30:36","Spot","Simple Earn Flexible Subscription","EURI","-0.00006026","Binance Earn"
"26289805","2025-01-21 04:21:40","Spot","Simple Earn Flexible Interest","BTC","3E-8","Binance Earn"
"26289805","2025-01-21 04:35:13","Spot","Simple Earn Flexible Interest","EURI","0.00006028","Binance Earn"
"26289805","2025-01-21 18:08:28","Spot","Simple Earn Flexible Subscription","BTC","-3E-8","Binance Earn"
"26289805","2025-01-21 18:31:44","Spot","Simple Earn Flexible Subscription","EURI","-0.00006028","Binance Earn"
"26289805","2025-01-21 22:04:20","Isolated Margin","Isolated Margin Loan","BTC","0.07400000",""
"26289805","2025-01-21 22:04:20","Isolated Margin","Transaction Sold","BTC","-0.07400000",""
"26289805","2025-01-21 22:04:20","Isolated Margin","Transaction Fee","USDC","-7.49401234",""
"26289805","2025-01-21 22:04:20","Isolated Margin","Transaction Revenue","USDC","7888.43404000",""
"26289805","2025-01-21 23:35:25","Isolated Margin","Transaction Spend","USDC","-7942.80075000",""
"26289805","2025-01-21 23:35:25","Isolated Margin","Isolated Margin Repayment","BTC","-0.07400020",""
"26289805","2025-01-21 23:35:25","Isolated Margin","Transaction Fee","BTC","-0.00007125",""
"26289805","2025-01-21 23:35:25","Isolated Margin","Transaction Buy","BTC","0.07500000",""
"26289805","2025-01-21 23:35:53","Spot","Transfer Between Main Account/Futures and Margin Account","BTC","0.00092855",""
"26289805","2025-01-21 23:35:53","Isolated Margin","Transfer Between Main Account/Futures and Margin Account","BTC","-0.00092855",""
"26289805","2025-01-22 03:05:43","Spot","Simple Earn Flexible Subscription","BTC","-0.00092855","Binance Earn"
"26289805","2025-01-22 03:46:17","Spot","Simple Earn Flexible Interest","BTC","3E-8","Binance Earn"
"26289805","2025-01-22 03:46:56","Spot","Simple Earn Flexible Interest","EURI","0.00006030","Binance Earn"
"26289805","2025-01-22 18:04:38","Spot","Simple Earn Flexible Subscription","BTC","-3E-8","Binance Earn"
"26289805","2025-01-22 18:25:50","Spot","Simple Earn Flexible Subscription","EURI","-0.00006030","Binance Earn"
"26289805","2025-01-23 10:03:00","Spot","Simple Earn Flexible Interest","EURI","0.00006032","Binance Earn"
"26289805","2025-01-23 11:26:11","Spot","Simple Earn Flexible Interest","BTC","3E-8","Binance Earn"
"26289805","2025-01-23 18:07:57","Spot","Simple Earn Flexible Subscription","BTC","-3E-8","Binance Earn"
"26289805","2025-01-23 18:27:09","Spot","Simple Earn Flexible Subscription","EURI","-0.00006032","Binance Earn"
"26289805","2025-01-23 21:09:39","Isolated Margin","Transaction Revenue","USDC","3288.79430000",""
"26289805","2025-01-23 21:09:39","Isolated Margin","Transaction Fee","USDC","-1.01859836",""
"26289805","2025-01-23 21:09:39","Isolated Margin","Transaction Revenue","USDC","2855.78690000",""
"26289805","2025-01-23 21:09:39","Isolated Margin","Transaction Sold","BTC","-0.03190000",""
"26289805","2025-01-23 21:09:39","Isolated Margin","Transaction Revenue","USDC","1072.20880000",""
"26289805","2025-01-23 21:09:39","Isolated Margin","Transaction Fee","USDC","-2.71299756",""
"26289805","2025-01-23 21:09:39","Isolated Margin","Isolated Margin Loan","BTC","0.07000000",""
"26289805","2025-01-23 21:09:39","Isolated Margin","Transaction Sold","BTC","-0.02770000",""
"26289805","2025-01-23 21:09:39","Isolated Margin","Transaction Fee","USDC","-3.12435459",""
"26289805","2025-01-23 21:09:39","Isolated Margin","Transaction Sold","BTC","-0.01040000",""
"26289805","2025-01-23 21:28:21","Isolated Margin","Transaction Buy","BTC","0.07020000",""
"26289805","2025-01-23 21:28:21","Isolated Margin","Isolated Margin Repayment","BTC","-0.07000010",""
"26289805","2025-01-23 21:28:21","Isolated Margin","Transaction Spend","USDC","-7233.40870200",""
"26289805","2025-01-23 21:28:21","Isolated Margin","Transaction Fee","BTC","-0.00006669",""
"26289805","2025-01-23 21:28:55","Isolated Margin","Transfer Between Main Account/Futures and Margin Account","BTC","-0.00013321",""
"26289805","2025-01-23 21:28:55","Spot","Transfer Between Main Account/Futures and Margin Account","BTC","0.00013321",""
"26289805","2025-01-24 03:03:32","Spot","Simple Earn Flexible Subscription","BTC","-0.00013321","Binance Earn"
"26289805","2025-01-24 03:47:59","Spot","Simple Earn Flexible Interest","EURI","0.00006034","Binance Earn"
"26289805","2025-01-24 04:21:23","Spot","Simple Earn Flexible Interest","BTC","4E-8","Binance Earn"
"26289805","2025-01-24 18:09:01","Spot","Simple Earn Flexible Subscription","BTC","-4E-8","Binance Earn"
"26289805","2025-01-24 18:28:02","Spot","Simple Earn Flexible Subscription","EURI","-0.00006034","Binance Earn"
"26289805","2025-01-25 12:09:40","Spot","Simple Earn Flexible Interest","BTC","4E-8","Binance Earn"
"26289805","2025-01-25 12:15:52","Spot","Simple Earn Flexible Interest","EURI","0.00006035","Binance Earn"
"26289805","2025-01-25 18:07:44","Spot","Simple Earn Flexible Subscription","BTC","-4E-8","Binance Earn"
"26289805","2025-01-25 18:29:37","Spot","Simple Earn Flexible Subscription","EURI","-0.00006035","Binance Earn"
"26289805","2025-01-25 22:16:57","Isolated Margin","Transaction Revenue","USDC","1532.94022330",""
"26289805","2025-01-25 22:16:57","Isolated Margin","Transaction Fee","USDC","-5.43090567",""
"26289805","2025-01-25 22:16:57","Isolated Margin","Transaction Sold","BTC","-0.01459000",""
"26289805","2025-01-25 22:16:57","Isolated Margin","Transaction Revenue","USDC","5716.74280670",""
"26289805","2025-01-25 22:16:57","Isolated Margin","Isolated Margin Loan","BTC","0.06900000",""
"26289805","2025-01-25 22:16:57","Isolated Margin","Transaction Sold","BTC","-0.05441000",""
"26289805","2025-01-25 22:16:57","Isolated Margin","Transaction Fee","USDC","-1.45629321",""
"26289805","2025-01-26 03:17:45","Spot","Simple Earn Flexible Interest","EURI","0.00006037","Binance Earn"
"26289805","2025-01-26 03:24:51","Spot","Simple Earn Flexible Subscription","EURI","-0.00006037","Binance Earn"
"26289805","2025-01-26 03:26:41","Spot","Simple Earn Flexible Interest","BTC","4E-8","Binance Earn"
"26289805","2025-01-26 18:08:44","Spot","Simple Earn Flexible Subscription","BTC","-4E-8","Binance Earn"
"26289805","2025-01-27 04:08:05","Spot","Simple Earn Flexible Interest","EURI","0.00006039","Binance Earn"
"26289805","2025-01-27 04:18:34","Spot","Simple Earn Flexible Interest","BTC","4E-8","Binance Earn"
"26289805","2025-01-27 07:29:28","Isolated Margin","Transaction Buy","BTC","0.06930000",""
"26289805","2025-01-27 07:29:28","Isolated Margin","Transaction Spend","USDC","-6784.47000000",""
"26289805","2025-01-27 07:29:28","Isolated Margin","Transaction Fee","BTC","-0.00006930",""
"26289805","2025-01-27 07:29:29","Isolated Margin","Isolated Margin Repayment","BTC","-0.06900340",""
"26289805","2025-01-27 07:36:22","Spot","Transfer Between Main Account/Futures and Margin Account","BTC","0.00022730",""
"26289805","2025-01-27 07:36:22","Isolated Margin","Transfer Between Main Account/Futures and Margin Account","BTC","-0.00022730",""
"26289805","2025-01-27 07:37:57","Spot","Transfer Between Main Account/Futures and Margin Account","USDC","373.00000000",""
"26289805","2025-01-27 07:37:57","Isolated Margin","Transfer Between Main Account/Futures and Margin Account","USDC","-373.00000000",""
"26289805","2025-01-27 07:38:15","Spot","Transaction Buy","ETH","0.01630000",""
"26289805","2025-01-27 07:38:15","Spot","Transaction Spend","USDC","-49.85355000",""
"26289805","2025-01-27 07:38:15","Spot","Transaction Fee","ETH","-0.00001549",""
"26289805","2025-01-27 07:38:26","Spot","Transaction Fee","BTC","-9.6E-7",""
"26289805","2025-01-27 07:38:26","Spot","Transaction Spend","USDC","-99.50093780",""
"26289805","2025-01-27 07:38:26","Spot","Transaction Buy","BTC","0.00101000",""
"26289805","2025-01-27 18:08:32","Spot","Simple Earn Flexible Subscription","BTC","-0.00123638","Binance Earn"
"26289805","2025-01-27 18:30:44","Spot","Simple Earn Flexible Subscription","EURI","-0.00006039","Binance Earn"
"26289805","2025-01-27 18:41:23","Spot","Transaction Buy","ATOM","5.00000000",""
"26289805","2025-01-27 18:41:23","Spot","Transaction Fee","ATOM","-0.00500000",""
"26289805","2025-01-27 18:41:23","Spot","Transaction Spend","USDC","-28.50000000",""
"26289805","2025-01-28 02:54:22","Spot","Simple Earn Flexible Interest","BTC","4E-8","Binance Earn"
"26289805","2025-01-28 02:59:16","Spot","Simple Earn Flexible Interest","EURI","0.00006041","Binance Earn"
"26289805","2025-01-28 03:07:27","Spot","Simple Earn Flexible Subscription","BTC","-4E-8","Binance Earn"
"26289805","2025-01-28 03:29:58","Spot","Simple Earn Flexible Subscription","EURI","-0.00006041","Binance Earn"
"26289805","2025-01-29 03:43:20","Spot","Simple Earn Flexible Interest","BTC","5E-8","Binance Earn"
"26289805","2025-01-29 03:44:09","Spot","Simple Earn Flexible Interest","EURI","0.00006043","Binance Earn"
"26289805","2025-01-29 17:41:00","Isolated Margin","Transaction Revenue","USDC","7690.94925000",""
"26289805","2025-01-29 17:41:00","Isolated Margin","Transaction Fee","USDC","-7.30640179",""
"26289805","2025-01-29 17:41:00","Isolated Margin","Transaction Sold","BTC","-0.07500000",""
"26289805","2025-01-29 17:41:00","Isolated Margin","Isolated Margin Loan","BTC","0.07500000",""
"26289805","2025-01-29 18:08:24","Spot","Simple Earn Flexible Subscription","BTC","-5E-8","Binance Earn"
"26289805","2025-01-29 18:28:22","Spot","Simple Earn Flexible Subscription","EURI","-0.00006043","Binance Earn"
"26289805","2025-01-29 20:24:24","Isolated Margin","Transaction Buy","BTC","0.07550000",""
"26289805","2025-01-29 20:24:24","Isolated Margin","Transaction Spend","USDC","-7867.10000000",""
"26289805","2025-01-29 20:24:24","Isolated Margin","Transaction Fee","BTC","-0.00007173",""
"26289805","2025-01-29 20:24:24","Isolated Margin","Isolated Margin Repayment","BTC","-0.07500044",""
"26289805","2025-01-30 03:07:27","Spot","Simple Earn Flexible Interest","BTC","5E-8","Binance Earn"
"26289805","2025-01-30 03:08:20","Spot","Simple Earn Flexible Interest","EURI","0.00006044","Binance Earn"
"26289805","2025-01-30 03:24:23","Spot","Simple Earn Flexible Subscription","EURI","-0.00006044","Binance Earn"
"26289805","2025-01-30 07:35:30","Spot","Transfer Between Main Account/Futures and Margin Account","BTC","0.00042783",""
"26289805","2025-01-30 07:35:30","Isolated Margin","Transfer Between Main Account/Futures and Margin Account","BTC","-0.00042783",""
"26289805","2025-01-30 16:33:38","Isolated Margin","Transaction Revenue","USDC","646.71991540",""
"26289805","2025-01-30 16:33:38","Isolated Margin","Isolated Margin Loan","BTC","0.06000000",""
"26289805","2025-01-30 16:33:38","Isolated Margin","Transaction Fee","USDC","-0.66968853",""
"26289805","2025-01-30 16:33:38","Isolated Margin","Transaction Revenue","USDC","4999.11319220",""
"26289805","2025-01-30 16:33:38","Isolated Margin","Transaction Fee","USDC","-4.74915753",""
"26289805","2025-01-30 16:33:38","Isolated Margin","Transaction Sold","BTC","-0.04723000",""
"26289805","2025-01-30 16:33:38","Isolated Margin","Transaction Fee","USDC","-0.61438392",""
"26289805","2025-01-30 16:33:38","Isolated Margin","Transaction Sold","BTC","-0.00611000",""
"26289805","2025-01-30 16:33:38","Isolated Margin","Transaction Sold","BTC","-0.00666000",""
"26289805","2025-01-30 16:33:38","Isolated Margin","Transaction Revenue","USDC","704.93529240",""
"26289805","2025-01-30 18:08:39","Spot","Simple Earn Flexible Subscription","BTC","-0.00042788","Binance Earn"
"26289805","2025-01-31 04:53:32","Spot","Simple Earn Flexible Interest","BTC","5E-8","Binance Earn"
"26289805","2025-01-31 04:58:15","Spot","Simple Earn Flexible Interest","EURI","0.00006046","Binance Earn"
"26289805","2025-01-31 18:08:14","Spot","Simple Earn Flexible Subscription","BTC","-5E-8","Binance Earn"
"26289805","2025-01-31 18:29:55","Spot","Simple Earn Flexible Subscription","EURI","-0.00006046","Binance Earn"
"26289805","2025-01-31 18:47:46","Isolated Margin","Transaction Buy","BTC","0.06200000",""
"26289805","2025-01-31 18:47:46","Isolated Margin","Isolated Margin Repayment","BTC","-0.06000216",""
"26289805","2025-01-31 18:47:46","Isolated Margin","Transaction Fee","BTC","-0.00005890",""
"26289805","2025-01-31 18:47:46","Isolated Margin","Transaction Spend","USDC","-6390.34000000",""
"26289805","2025-01-31 18:48:47","Isolated Margin","Transaction Fee","USDC","-0.15660862",""
"26289805","2025-01-31 18:48:47","Isolated Margin","Transaction Sold","BTC","-0.00160000",""
"26289805","2025-01-31 18:48:47","Isolated Margin","Transaction Revenue","USDC","164.85118400",""
"26289805","2025-01-31 18:49:21","Isolated Margin","Transfer Between Main Account/Futures and Margin Account","BTC","-0.00033894",""
"26289805","2025-01-31 18:49:21","Spot","Transfer Between Main Account/Futures and Margin Account","BTC","0.00033894",""
"26289805","2025-01-31 22:23:30","Spot","Transaction Buy","ETH","0.01510000",""
"26289805","2025-01-31 22:23:30","Spot","Transaction Fee","ETH","-0.00001435",""
"26289805","2025-01-31 22:23:30","Spot","Transaction Spend","USDC","-49.89372200",""
"26289805","2025-01-31 22:27:40","Spot","Withdraw","ETH","-0.06783381","Withdraw fee is included"
"26289805","2025-01-31 22:28:42","Spot","Withdraw","ATOM","-12.49532500","Withdraw fee is included"
"26289805","2025-02-01 03:05:24","Spot","Simple Earn Flexible Subscription","BTC","-0.00033894","Binance Earn"
"26289805","2025-02-01 03:07:00","Spot","Simple Earn Flexible Interest","BTC","5E-8","Binance Earn"
"26289805","2025-02-01 03:18:04","Spot","Simple Earn Flexible Interest","EURI","0.00006048","Binance Earn"
"26289805","2025-02-01 03:26:47","Spot","Simple Earn Flexible Subscription","EURI","-0.00006048","Binance Earn"
"26289805","2025-02-01 18:07:59","Spot","Simple Earn Flexible Subscription","BTC","-5E-8","Binance Earn"
"26289805","2025-02-02 03:13:35","Spot","Simple Earn Flexible Interest","EURI","0.00006050","Binance Earn"
"26289805","2025-02-02 03:22:18","Spot","Simple Earn Flexible Interest","BTC","5E-8","Binance Earn"
"26289805","2025-02-02 03:27:52","Spot","Simple Earn Flexible Subscription","EURI","-0.00006050","Binance Earn"
"26289805","2025-02-02 09:48:33","Spot","Transaction Buy","ETH","0.01600000",""
"26289805","2025-02-02 09:48:33","Spot","Transaction Spend","USDC","-49.76848000",""
"26289805","2025-02-02 09:48:33","Spot","Transaction Fee","ETH","-0.00001520",""
"26289805","2025-02-02 09:48:46","Spot","Transaction Buy","BTC","0.00070000",""
"26289805","2025-02-02 09:48:46","Spot","Transaction Spend","USDC","-69.87906100",""
"26289805","2025-02-02 09:48:46","Spot","Transaction Fee","BTC","-6.7E-7",""
"26289805","2025-02-02 15:31:01","Spot","Transaction Spend","USDC","-20.35000000",""
"26289805","2025-02-02 15:31:01","Spot","Transaction Fee","ATOM","-0.00370000",""
"26289805","2025-02-02 15:31:01","Spot","Transaction Buy","ATOM","3.70000000",""
"26289805","2025-02-02 17:43:57","Isolated Margin","Transaction Spend","USDC","-4542.77100000",""
"26289805","2025-02-02 17:43:57","Isolated Margin","Transaction Spend","USDC","-3272.74900000",""
"26289805","2025-02-02 17:43:57","Isolated Margin","Transaction Fee","BTC","-0.00004418",""
"26289805","2025-02-02 17:43:57","Isolated Margin","Isolated Margin Loan","USDC","7048.95825729",""
"26289805","2025-02-02 17:43:57","Isolated Margin","Transaction Buy","BTC","0.03350000",""
"26289805","2025-02-02 17:43:57","Isolated Margin","Transaction Buy","BTC","0.04650000",""
"26289805","2025-02-02 17:43:57","Isolated Margin","Transaction Fee","BTC","-0.00003183",""
"26289805","2025-02-02 17:53:19","Spot","Transaction Buy","ATOM","4.00000000",""
"26289805","2025-02-02 17:53:19","Spot","Transaction Fee","ATOM","-0.00400000",""
"26289805","2025-02-02 17:53:19","Spot","Transaction Spend","USDC","-21.00000000",""
"26289805","2025-02-02 18:06:29","Spot","Simple Earn Flexible Subscription","BTC","-0.00069938","Binance Earn"
"26289805","2025-02-02 18:13:58","Spot","Transaction Spend","USDC","-29.98600000",""
"26289805","2025-02-02 18:13:58","Spot","Transaction Fee","ATOM","-0.00551000",""
"26289805","2025-02-02 18:13:58","Spot","Transaction Buy","ATOM","5.80000000",""
"26289805","2025-02-03 01:39:53","Isolated Margin","Transaction Sold","BTC","-0.07970000",""
"26289805","2025-02-03 01:39:53","Isolated Margin","Transaction Fee","USDC","-7.15050113",""
"26289805","2025-02-03 01:39:53","Isolated Margin","Isolated Margin Repayment","USDC","-7049.86484574",""
"26289805","2025-02-03 01:39:53","Isolated Margin","Transaction Revenue","USDC","7526.84329300",""
"26289805","2025-02-03 03:08:23","Spot","Simple Earn Flexible Interest","EURI","0.00006051","Binance Earn"
"26289805","2025-02-03 03:18:56","Spot","Simple Earn Flexible Interest","BTC","5E-8","Binance Earn"
"26289805","2025-02-03 03:25:40","Spot","Simple Earn Flexible Subscription","EURI","-0.00006051","Binance Earn"
"26289805","2025-02-03 07:40:08","Isolated Margin","Transfer Between Main Account/Futures and Margin Account","BTC","-0.00022399",""
"26289805","2025-02-03 07:40:08","Spot","Transfer Between Main Account/Futures and Margin Account","BTC","0.00022399",""
"26289805","2025-02-03 07:52:19","Spot","Transaction Buy","ATOM","22.97000000",""
"26289805","2025-02-03 07:52:19","Spot","Transaction Fee","ATOM","-0.02182150",""
"26289805","2025-02-03 07:52:19","Spot","Transaction Spend","USDC","-99.96544000",""
"26289805","2025-02-03 07:55:40","Spot","Withdraw","ATOM","-36.43496800","Withdraw fee is included"
"26289805","2025-02-03 18:08:37","Spot","Simple Earn Flexible Subscription","BTC","-0.00022404","Binance Earn"
"26289805","2025-02-04 04:38:12","Spot","Simple Earn Flexible Interest","EURI","0.00006053","Binance Earn"
"26289805","2025-02-04 04:43:21","Spot","Simple Earn Flexible Interest","BTC","6E-8","Binance Earn"
"26289805","2025-02-04 18:08:06","Spot","Simple Earn Flexible Subscription","BTC","-6E-8","Binance Earn"
"26289805","2025-02-04 18:29:32","Spot","Simple Earn Flexible Subscription","EURI","-0.00006053","Binance Earn"
"26289805","2025-02-05 03:07:24","Spot","Simple Earn Flexible Interest","BTC","6E-8","Binance Earn"
"26289805","2025-02-05 03:24:18","Spot","Simple Earn Flexible Interest","EURI","0.00006055","Binance Earn"
"26289805","2025-02-05 03:28:15","Spot","Simple Earn Flexible Subscription","EURI","-0.00006055","Binance Earn"
"26289805","2025-02-05 18:07:52","Spot","Simple Earn Flexible Subscription","BTC","-6E-8","Binance Earn"
"26289805","2025-02-06 03:09:05","Spot","Simple Earn Flexible Interest","EURI","0.00006057","Binance Earn"
"26289805","2025-02-06 03:19:43","Spot","Simple Earn Flexible Interest","BTC","6E-8","Binance Earn"
"26289805","2025-02-06 03:27:08","Spot","Simple Earn Flexible Subscription","EURI","-0.00006057","Binance Earn"
"26289805","2025-02-06 06:45:39","Spot","Deposit","EUR","1139.00000000",""
"26289805","2025-02-06 07:03:24","Spot","Transaction Fee","USDC","-0.49993390",""
"26289805","2025-02-06 07:03:24","Spot","Transaction Revenue","USDC","499.93390000",""
"26289805","2025-02-06 07:03:24","Spot","Transaction Sold","EUR","-481.40000000",""
"26289805","2025-02-06 07:03:52","Spot","Simple Earn Flexible Subscription","USDC","-501.28570490","Binance Earn"
"26289805","2025-02-06 18:06:17","Spot","Simple Earn Flexible Subscription","BTC","-6E-8","Binance Earn"
"26289805","2025-02-07 03:14:33","Spot","Simple Earn Flexible Interest","BTC","6E-8","Binance Earn"
"26289805","2025-02-07 03:15:14","Spot","Simple Earn Flexible Interest","EURI","0.00006059","Binance Earn"
"26289805","2025-02-07 03:31:15","Spot","Simple Earn Flexible Subscription","EURI","-0.00006059","Binance Earn"
"26289805","2025-02-07 18:05:47","Spot","Simple Earn Flexible Subscription","BTC","-6E-8","Binance Earn"
"26289805","2025-02-08 03:15:54","Spot","Simple Earn Flexible Interest","USDC","0.09589000","Binance Earn"
"26289805","2025-02-08 03:19:06","Spot","Simple Earn Flexible Interest","BTC","6E-8","Binance Earn"
"26289805","2025-02-08 03:28:43","Spot","Simple Earn Flexible Interest","EURI","0.00006060","Binance Earn"
"26289805","2025-02-08 03:43:07","Spot","Simple Earn Flexible Subscription","USDC","-0.09589000","Binance Earn"
"26289805","2025-02-08 18:06:09","Spot","Simple Earn Flexible Subscription","BTC","-6E-8","Binance Earn"
"26289805","2025-02-08 18:25:52","Spot","Simple Earn Flexible Subscription","EURI","-0.00006060","Binance Earn"
"26289805","2025-02-09 03:07:43","Spot","Simple Earn Flexible Interest","BTC","6E-8","Binance Earn"
"26289805","2025-02-09 03:15:27","Spot","Simple Earn Flexible Interest","EURI","0.00006062","Binance Earn"
"26289805","2025-02-09 03:16:33","Spot","Simple Earn Flexible Interest","USDC","0.09589000","Binance Earn"
"26289805","2025-02-09 03:25:40","Spot","Simple Earn Flexible Subscription","EURI","-0.00006062","Binance Earn"
"26289805","2025-02-09 03:40:10","Spot","Simple Earn Flexible Subscription","USDC","-0.09589000","Binance Earn"
"26289805","2025-02-09 18:10:07","Spot","Simple Earn Flexible Subscription","BTC","-6E-8","Binance Earn"
"26289805","2025-02-10 03:08:44","Spot","Simple Earn Flexible Interest","EURI","0.00006064","Binance Earn"
"26289805","2025-02-10 03:21:12","Spot","Simple Earn Flexible Interest","USDC","0.09589000","Binance Earn"
"26289805","2025-02-10 03:24:37","Spot","Simple Earn Flexible Interest","BTC","6E-8","Binance Earn"
"26289805","2025-02-10 03:27:39","Spot","Simple Earn Flexible Subscription","EURI","-0.00006064","Binance Earn"
"26289805","2025-02-10 03:42:34","Spot","Simple Earn Flexible Subscription","USDC","-0.09589000","Binance Earn"
"26289805","2025-02-10 18:09:48","Spot","Simple Earn Flexible Subscription","BTC","-6E-8","Binance Earn"
"26289805","2025-02-11 03:15:59","Spot","Simple Earn Flexible Interest","USDC","0.09589000","Binance Earn"
"26289805","2025-02-11 03:20:15","Spot","Simple Earn Flexible Interest","EURI","0.00004718","Binance Earn"
"26289805","2025-02-11 03:24:07","Spot","Simple Earn Flexible Interest","BTC","6E-8","Binance Earn"
"26289805","2025-02-11 03:26:21","Spot","Simple Earn Flexible Subscription","EURI","-0.00004718","Binance Earn"
"26289805","2025-02-11 03:40:48","Spot","Simple Earn Flexible Subscription","USDC","-0.09589000","Binance Earn"
"26289805","2025-02-11 18:10:25","Spot","Simple Earn Flexible Subscription","BTC","-6E-8","Binance Earn"
"26289805","2025-02-12 03:18:32","Spot","Simple Earn Flexible Interest","EURI","0.00004719","Binance Earn"
"26289805","2025-02-12 03:23:27","Spot","Simple Earn Flexible Interest","USDC","0.09589000","Binance Earn"
"26289805","2025-02-12 03:26:07","Spot","Simple Earn Flexible Interest","BTC","6E-8","Binance Earn"
"26289805","2025-02-12 03:27:45","Spot","Simple Earn Flexible Subscription","EURI","-0.00004719","Binance Earn"
"26289805","2025-02-12 03:41:27","Spot","Simple Earn Flexible Subscription","USDC","-0.09589000","Binance Earn"
"26289805","2025-02-12 18:09:11","Spot","Simple Earn Flexible Subscription","BTC","-6E-8","Binance Earn"
"26289805","2025-02-13 03:14:41","Spot","Simple Earn Flexible Interest","EURI","0.00004720","Binance Earn"
"26289805","2025-02-13 03:15:28","Spot","Simple Earn Flexible Interest","USDC","0.09589000","Binance Earn"
"26289805","2025-02-13 03:27:13","Spot","Simple Earn Flexible Interest","BTC","6E-8","Binance Earn"
"26289805","2025-02-13 03:27:15","Spot","Simple Earn Flexible Subscription","EURI","-0.00004720","Binance Earn"
"26289805","2025-02-13 03:41:34","Spot","Simple Earn Flexible Subscription","USDC","-0.09589000","Binance Earn"
"26289805","2025-02-13 18:10:14","Spot","Simple Earn Flexible Subscription","BTC","-6E-8","Binance Earn"
"26289805","2025-02-14 03:09:22","Spot","Simple Earn Flexible Interest","USDC","0.09589000","Binance Earn"
"26289805","2025-02-14 03:14:32","Spot","Simple Earn Flexible Interest","BTC","6E-8","Binance Earn"
"26289805","2025-02-14 03:19:47","Spot","Simple Earn Flexible Interest","EURI","0.00004721","Binance Earn"
"26289805","2025-02-14 03:28:57","Spot","Simple Earn Flexible Subscription","EURI","-0.00004721","Binance Earn"
"26289805","2025-02-14 03:43:20","Spot","Simple Earn Flexible Subscription","USDC","-0.09589000","Binance Earn"
"26289805","2025-02-14 18:09:42","Spot","Simple Earn Flexible Subscription","BTC","-6E-8","Binance Earn"
"26289805","2025-02-15 03:08:16","Spot","Simple Earn Flexible Interest","EURI","0.00004722","Binance Earn"
"26289805","2025-02-15 03:24:37","Spot","Simple Earn Flexible Interest","USDC","0.09589000","Binance Earn"
"26289805","2025-02-15 03:26:59","Spot","Simple Earn Flexible Interest","BTC","6E-8","Binance Earn"
"26289805","2025-02-15 03:28:32","Spot","Simple Earn Flexible Subscription","EURI","-0.00004722","Binance Earn"
"26289805","2025-02-15 03:42:44","Spot","Simple Earn Flexible Subscription","USDC","-0.09589000","Binance Earn"
"26289805","2025-02-15 18:09:29","Spot","Simple Earn Flexible Subscription","BTC","-6E-8","Binance Earn"
"26289805","2025-02-16 03:07:07","Spot","Simple Earn Flexible Interest","BTC","6E-8","Binance Earn"
"26289805","2025-02-16 03:23:48","Spot","Simple Earn Flexible Interest","EURI","0.00004723","Binance Earn"
"26289805","2025-02-16 03:27:54","Spot","Simple Earn Flexible Interest","USDC","0.09589000","Binance Earn"
"26289805","2025-02-16 03:28:34","Spot","Simple Earn Flexible Subscription","EURI","-0.00004723","Binance Earn"
"26289805","2025-02-16 03:42:48","Spot","Simple Earn Flexible Subscription","USDC","-0.09589000","Binance Earn"
"26289805","2025-02-16 18:09:40","Spot","Simple Earn Flexible Subscription","BTC","-6E-8","Binance Earn"
"26289805","2025-02-17 03:19:03","Spot","Simple Earn Flexible Interest","BTC","6E-8","Binance Earn"
"26289805","2025-02-17 03:23:56","Spot","Simple Earn Flexible Interest","EURI","0.00004725","Binance Earn"
"26289805","2025-02-17 03:24:42","Spot","Simple Earn Flexible Interest","USDC","0.09589000","Binance Earn"
"26289805","2025-02-17 03:29:05","Spot","Simple Earn Flexible Subscription","EURI","-0.00004725","Binance Earn"
"26289805","2025-02-17 03:43:28","Spot","Simple Earn Flexible Subscription","USDC","-0.09589000","Binance Earn"
"26289805","2025-02-17 18:09:53","Spot","Simple Earn Flexible Subscription","BTC","-6E-8","Binance Earn"
"26289805","2025-02-17 19:20:13","Spot","Transaction Spend","EUR","-50.00050000",""
"26289805","2025-02-17 19:20:13","Spot","Transaction Buy","BTC","0.00055000",""
"26289805","2025-02-17 19:20:13","Spot","Transaction Fee","BTC","-5.5E-7",""
"26289805","2025-02-18 03:07:25","Spot","Simple Earn Flexible Subscription","BTC","-0.00054945","Binance Earn"
"26289805","2025-02-18 03:44:25","Spot","Simple Earn Flexible Interest","EURI","0.00004726","Binance Earn"
"26289805","2025-02-18 03:58:25","Spot","Simple Earn Flexible Interest","BTC","6E-8","Binance Earn"
"26289805","2025-02-18 03:59:12","Spot","Simple Earn Flexible Interest","USDC","0.09589000","Binance Earn"
"26289805","2025-02-18 18:10:28","Spot","Simple Earn Flexible Subscription","BTC","-6E-8","Binance Earn"
"26289805","2025-02-18 18:32:02","Spot","Simple Earn Flexible Subscription","EURI","-0.00004726","Binance Earn"
"26289805","2025-02-18 18:45:57","Spot","Simple Earn Flexible Subscription","USDC","-0.09589000","Binance Earn"
"26289805","2025-02-19 03:17:21","Spot","Simple Earn Flexible Interest","USDC","0.09589000","Binance Earn"
"26289805","2025-02-19 03:31:26","Spot","Simple Earn Flexible Interest","BTC","6E-8","Binance Earn"
"26289805","2025-02-19 03:31:43","Spot","Simple Earn Flexible Interest","EURI","0.00004727","Binance Earn"
"26289805","2025-02-19 03:44:43","Spot","Simple Earn Flexible Subscription","USDC","-0.09589000","Binance Earn"
"26289805","2025-02-19 18:11:59","Spot","Simple Earn Flexible Subscription","BTC","-6E-8","Binance Earn"
"26289805","2025-02-19 18:34:37","Spot","Simple Earn Flexible Subscription","EURI","-0.00004727","Binance Earn"
"26289805","2025-02-20 04:07:29","Spot","Simple Earn Flexible Interest","EURI","0.00004728","Binance Earn"
"26289805","2025-02-20 04:15:02","Spot","Simple Earn Flexible Interest","USDC","0.09589000","Binance Earn"
"26289805","2025-02-20 04:23:31","Spot","Simple Earn Flexible Interest","BTC","6E-8","Binance Earn"
"26289805","2025-02-20 18:13:25","Spot","Simple Earn Flexible Subscription","BTC","-6E-8","Binance Earn"
"26289805","2025-02-20 18:36:15","Spot","Simple Earn Flexible Subscription","EURI","-0.00004728","Binance Earn"
"26289805","2025-02-20 18:51:12","Spot","Simple Earn Flexible Subscription","USDC","-0.09589000","Binance Earn"
"26289805","2025-02-21 03:09:55","Spot","Simple Earn Flexible Interest","USDC","0.09589000","Binance Earn"
"26289805","2025-02-21 03:20:56","Spot","Simple Earn Flexible Interest","EURI","0.00004729","Binance Earn"
"26289805","2025-02-21 03:30:43","Spot","Simple Earn Flexible Interest","BTC","6E-8","Binance Earn"
"26289805","2025-02-21 03:35:02","Spot","Simple Earn Flexible Subscription","EURI","-0.00004729","Binance Earn"
"26289805","2025-02-21 03:50:40","Spot","Simple Earn Flexible Subscription","USDC","-0.09589000","Binance Earn"
"26289805","2025-02-21 18:12:13","Spot","Simple Earn Flexible Subscription","BTC","-6E-8","Binance Earn"
"26289805","2025-02-22 03:49:55","Spot","Simple Earn Flexible Interest","BTC","6E-8","Binance Earn"
"26289805","2025-02-22 03:57:35","Spot","Simple Earn Flexible Interest","USDC","0.09589000","Binance Earn"
"26289805","2025-02-22 04:00:20","Spot","Simple Earn Flexible Interest","EURI","0.00004730","Binance Earn"
"26289805","2025-02-22 18:12:07","Spot","Simple Earn Flexible Subscription","BTC","-6E-8","Binance Earn"
"26289805","2025-02-22 18:34:17","Spot","Simple Earn Flexible Subscription","EURI","-0.00004730","Binance Earn"
"26289805","2025-02-22 18:48:44","Spot","Simple Earn Flexible Subscription","USDC","-0.09589000","Binance Earn"
"26289805","2025-02-23 03:37:17","Spot","Simple Earn Flexible Interest","BTC","6E-8","Binance Earn"
"26289805","2025-02-23 03:46:21","Spot","Simple Earn Flexible Interest","USDC","0.09589000","Binance Earn"
"26289805","2025-02-23 03:50:30","Spot","Simple Earn Flexible Interest","EURI","0.00004731","Binance Earn"
"26289805","2025-02-23 18:12:21","Spot","Simple Earn Flexible Subscription","BTC","-6E-8","Binance Earn"
"26289805","2025-02-23 18:32:50","Spot","Simple Earn Flexible Subscription","EURI","-0.00004731","Binance Earn"
"26289805","2025-02-23 18:47:15","Spot","Simple Earn Flexible Subscription","USDC","-0.09589000","Binance Earn"
"26289805","2025-02-24 04:07:05","Spot","Simple Earn Flexible Interest","BTC","6E-8","Binance Earn"
"26289805","2025-02-24 04:27:06","Spot","Simple Earn Flexible Interest","USDC","0.09589000","Binance Earn"
"26289805","2025-02-24 04:30:07","Spot","Simple Earn Flexible Interest","EURI","0.00004732","Binance Earn"
"26289805","2025-02-24 18:11:41","Spot","Simple Earn Flexible Subscription","BTC","-6E-8","Binance Earn"
"26289805","2025-02-24 18:31:49","Spot","Simple Earn Flexible Subscription","EURI","-0.00004732","Binance Earn"
"26289805","2025-02-24 18:45:36","Spot","Simple Earn Flexible Subscription","USDC","-0.09589000","Binance Earn"
"26289805","2025-02-24 20:12:39","Spot","Transaction Buy","ETH","0.01970000",""
"26289805","2025-02-24 20:12:39","Spot","Transaction Spend","EUR","-49.91980000",""
"26289805","2025-02-24 20:12:39","Spot","Transaction Fee","ETH","-0.00001970",""
"26289805","2025-02-24 21:04:41","Spot","Transaction Buy","BTC","0.00126000",""
"26289805","2025-02-24 21:04:41","Spot","Transaction Spend","EUR","-113.14904580",""
"26289805","2025-02-24 21:04:41","Spot","Transaction Fee","BTC","-0.00000126",""
"26289805","2025-02-24 22:53:53","Spot","Transaction Spend","EUR","-48.20000000",""
"26289805","2025-02-24 22:53:53","Spot","Transaction Fee","ETH","-0.00002000",""
"26289805","2025-02-24 22:53:53","Spot","Transaction Buy","ETH","0.02000000",""
"26289805","2025-02-25 03:06:51","Spot","Simple Earn Flexible Subscription","BTC","-0.00125874","Binance Earn"
"26289805","2025-02-25 03:08:11","Spot","Simple Earn Flexible Interest","EURI","0.00004734","Binance Earn"
"26289805","2025-02-25 03:14:11","Spot","Simple Earn Flexible Interest","BTC","6E-8","Binance Earn"
"26289805","2025-02-25 03:22:37","Spot","Simple Earn Flexible Interest","USDC","0.09589000","Binance Earn"
"26289805","2025-02-25 03:29:44","Spot","Simple Earn Flexible Subscription","EURI","-0.00004734","Binance Earn"
"26289805","2025-02-25 03:44:57","Spot","Simple Earn Flexible Subscription","USDC","-0.09589000","Binance Earn"
"26289805","2025-02-25 06:44:01","Spot","Transaction Spend","EUR","-99.74146140",""
"26289805","2025-02-25 06:44:01","Spot","Transaction Buy","BTC","0.00114000",""
"26289805","2025-02-25 06:44:01","Spot","Transaction Fee","BTC","-0.00000114",""
"26289805","2025-02-25 07:25:33","Spot","Transaction Spend","EUR","-44.40000000",""
"26289805","2025-02-25 07:25:33","Spot","Transaction Fee","ETH","-0.00002000",""
"26289805","2025-02-25 07:25:33","Spot","Transaction Buy","ETH","0.02000000",""
"26289805","2025-02-25 12:12:05","Spot","Transaction Buy","BTC","0.00058000",""
"26289805","2025-02-25 12:12:05","Spot","Transaction Fee","BTC","-5.8E-7",""
"26289805","2025-02-25 12:12:05","Spot","Transaction Spend","EUR","-49.25503260",""
"26289805","2025-02-25 18:12:34","Spot","Simple Earn Flexible Subscription","BTC","-0.00171834","Binance Earn"
"26289805","2025-02-26 04:16:33","Spot","Simple Earn Flexible Interest","USDC","0.09589000","Binance Earn"
"26289805","2025-02-26 04:20:32","Spot","Simple Earn Flexible Interest","EURI","0.00004735","Binance Earn"
"26289805","2025-02-26 04:25:27","Spot","Simple Earn Flexible Interest","BTC","6E-8","Binance Earn"
"26289805","2025-02-26 18:12:05","Spot","Simple Earn Flexible Subscription","BTC","-6E-8","Binance Earn"
"26289805","2025-02-26 18:34:27","Spot","Simple Earn Flexible Subscription","EURI","-0.00004735","Binance Earn"
"26289805","2025-02-26 18:48:59","Spot","Simple Earn Flexible Subscription","USDC","-0.09589000","Binance Earn"
"26289805","2025-02-26 19:35:14","Spot","Transaction Spend","EUR","-50.70634380",""
"26289805","2025-02-26 19:35:14","Spot","Transaction Buy","BTC","0.00063000",""
"26289805","2025-02-26 19:35:14","Spot","Transaction Fee","BTC","-6.3E-7",""
"26289805","2025-02-26 19:38:04","Isolated Margin","Transaction Spend","USDC","-3571.57087980",""
"26289805","2025-02-26 19:38:04","Isolated Margin","Transaction Buy","BTC","0.00413000",""
"26289805","2025-02-26 19:38:04","Isolated Margin","Transaction Fee","BTC","-0.00000392",""
"26289805","2025-02-26 19:38:04","Isolated Margin","Isolated Margin Loan","USDC","4553.24017383",""
"26289805","2025-02-26 19:38:04","Isolated Margin","Transaction Spend","USDC","-347.39961690",""
"26289805","2025-02-26 19:38:04","Isolated Margin","Transaction Buy","BTC","0.04246000",""
"26289805","2025-02-26 19:38:04","Isolated Margin","Transaction Fee","BTC","-0.00001274",""
"26289805","2025-02-26 19:38:04","Isolated Margin","Transaction Spend","USDC","-1127.99730330",""
"26289805","2025-02-26 19:38:04","Isolated Margin","Transaction Fee","BTC","-0.00004034",""
"26289805","2025-02-26 19:38:04","Isolated Margin","Transaction Buy","BTC","0.01341000",""
"26289805","2025-02-26 19:40:43","Isolated Margin","Isolated Margin Loan","BTC","0.00005700",""
"26289805","2025-02-27 03:10:42","Spot","Simple Earn Flexible Subscription","BTC","-0.00062937","Binance Earn"
"26289805","2025-02-27 03:14:44","Spot","Simple Earn Flexible Interest","EURI","0.00004736","Binance Earn"
"26289805","2025-02-27 03:25:42","Spot","Simple Earn Flexible Interest","BTC","6E-8","Binance Earn"
"26289805","2025-02-27 03:28:22","Spot","Simple Earn Flexible Interest","USDC","0.09589000","Binance Earn"
"26289805","2025-02-27 03:33:20","Spot","Simple Earn Flexible Subscription","EURI","-0.00004736","Binance Earn"
"26289805","2025-02-27 03:48:31","Spot","Simple Earn Flexible Subscription","USDC","-0.09589000","Binance Earn"
"26289805","2025-02-27 06:18:12","Isolated Margin","Isolated Margin Repayment","BTC","-0.00005700",""
"26289805","2025-02-27 06:19:37","Isolated Margin","Transaction Sold","BTC","-0.05950000",""
"26289805","2025-02-27 06:19:37","Isolated Margin","Transaction Fee","USDC","-4.84961890",""
"26289805","2025-02-27 06:19:37","Isolated Margin","Isolated Margin Repayment","USDC","-4554.71282153",""
"26289805","2025-02-27 06:19:37","Isolated Margin","Transaction Revenue","USDC","5104.86200000",""
"26289805","2025-02-27 06:20:12","Isolated Margin","Isolated Margin Repayment","BTC","-1.2E-7",""
"26289805","2025-02-27 06:21:09","Isolated Margin","Transfer Between Main Account/Futures and Margin Account","BTC","-0.00044288",""
"26289805","2025-02-27 06:21:09","Spot","Transfer Between Main Account/Futures and Margin Account","BTC","0.00044288",""
"26289805","2025-02-27 18:13:49","Spot","Simple Earn Flexible Subscription","BTC","-0.00044294","Binance Earn"
"26289805","2025-02-28 02:44:35","Spot","Transaction Buy","BTC","0.00198000",""
"26289805","2025-02-28 02:44:35","Spot","Transaction Fee","BTC","-0.00000198",""
"26289805","2025-02-28 02:44:35","Spot","Transaction Spend","EUR","-152.06400000",""
"26289805","2025-02-28 03:11:04","Spot","Simple Earn Flexible Subscription","BTC","-0.00197802","Binance Earn"
"26289805","2025-02-28 04:37:24","Spot","Simple Earn Flexible Interest","EURI","0.00004737","Binance Earn"
"26289805","2025-02-28 04:39:08","Spot","Simple Earn Flexible Interest","USDC","0.09589000","Binance Earn"
"26289805","2025-02-28 04:48:26","Spot","Simple Earn Flexible Interest","BTC","6E-8","Binance Earn"
"26289805","2025-02-28 06:10:49","Isolated Margin","Transaction Fee","BTC","-0.00006650",""
"26289805","2025-02-28 06:10:49","Isolated Margin","Isolated Margin Loan","USDC","5054.45264010",""
"26289805","2025-02-28 06:10:49","Isolated Margin","Transaction Spend","USDC","-5594.64010000",""
"26289805","2025-02-28 06:10:49","Isolated Margin","Transaction Buy","BTC","0.07000000",""
"26289805","2025-02-28 13:11:57","Isolated Margin","Transaction Sold","BTC","-0.02320000",""
"26289805","2025-02-28 13:11:57","Isolated Margin","Transaction Sold","BTC","-0.02700000",""
"26289805","2025-02-28 13:11:57","Isolated Margin","Transaction Fee","USDC","-1.49995017",""
"26289805","2025-02-28 13:11:57","Isolated Margin","Transaction Fee","USDC","-1.78455610",""
"26289805","2025-02-28 13:11:57","Isolated Margin","Transaction Sold","BTC","-0.01950000",""
"26289805","2025-02-28 13:11:57","Isolated Margin","Transaction Revenue","USDC","1578.89491500",""
"26289805","2025-02-28 13:11:57","Isolated Margin","Transaction Fee","USDC","-2.07685408",""
"26289805","2025-02-28 13:11:57","Isolated Margin","Isolated Margin Repayment","USDC","-5054.83295636",""
"26289805","2025-02-28 13:11:57","Isolated Margin","Transaction Revenue","USDC","2186.16219000",""
"26289805","2025-02-28 13:11:57","Isolated Margin","Transaction Revenue","USDC","1878.48010400",""
"26289805","2025-02-28 13:12:14","Isolated Margin","Transfer Between Main Account/Futures and Margin Account","BTC","-0.00023350",""
"26289805","2025-02-28 13:12:14","Spot","Transfer Between Main Account/Futures and Margin Account","BTC","0.00023350",""
"26289805","2025-02-28 18:13:10","Spot","Simple Earn Flexible Subscription","BTC","-0.00023356","Binance Earn"
"26289805","2025-02-28 18:35:39","Spot","Simple Earn Flexible Subscription","EURI","-0.00004737","Binance Earn"
"26289805","2025-02-28 18:50:15","Spot","Simple Earn Flexible Subscription","USDC","-0.09589000","Binance Earn"
"26289805","2025-03-01 03:13:57","Spot","Simple Earn Flexible Interest","BTC","6E-8","Binance Earn"
"26289805","2025-03-01 03:21:57","Spot","Simple Earn Flexible Interest","USDC","0.13730447","Binance Earn"
"26289805","2025-03-01 03:26:17","Spot","Simple Earn Flexible Interest","EURI","0.00004738","Binance Earn"
"26289805","2025-03-01 03:33:14","Spot","Simple Earn Flexible Subscription","EURI","-0.00004738","Binance Earn"
"26289805","2025-03-01 03:48:17","Spot","Simple Earn Flexible Subscription","USDC","-0.13730447","Binance Earn"
"26289805","2025-03-01 18:12:29","Spot","Simple Earn Flexible Subscription","BTC","-6E-8","Binance Earn"
"26289805","2025-03-02 03:26:39","Spot","Simple Earn Flexible Interest","BTC","6E-8","Binance Earn"
"26289805","2025-03-02 03:27:20","Spot","Simple Earn Flexible Interest","EURI","0.00004739","Binance Earn"
"26289805","2025-03-02 03:28:38","Spot","Simple Earn Flexible Interest","USDC","0.13731427","Binance Earn"
"26289805","2025-03-02 03:29:33","Spot","Simple Earn Flexible Subscription","EURI","-0.00004739","Binance Earn"
"26289805","2025-03-02 03:43:42","Spot","Simple Earn Flexible Subscription","USDC","-0.13731427","Binance Earn"
"26289805","2025-03-02 07:32:31","Spot","Simple Earn Flexible Redemption","EURI","0.24725372","Binance Earn"
"26289805","2025-03-02 07:34:21","Spot","Binance Convert","BTC","0.00000295",""
"26289805","2025-03-02 07:34:22","Spot","Binance Convert","EURI","-0.24725372",""
"26289805","2025-03-02 18:13:55","Spot","Simple Earn Flexible Subscription","BTC","-0.00000301","Binance Earn"
"26289805","2025-03-02 21:42:50","Isolated Margin","Transaction Fee","USDC","-1.61779975",""
"26289805","2025-03-02 21:42:50","Isolated Margin","Transaction Revenue","USDC","1155.63830310",""
"26289805","2025-03-02 21:42:50","Isolated Margin","Transaction Sold","BTC","-0.01550000",""
"26289805","2025-03-02 21:42:50","Isolated Margin","Transaction Fee","USDC","-1.09785639",""
"26289805","2025-03-02 21:42:50","Isolated Margin","Transaction Sold","BTC","-0.01814000",""
"26289805","2025-03-02 21:42:50","Isolated Margin","Transaction Revenue","USDC","1318.98604050",""
"26289805","2025-03-02 21:42:50","Isolated Margin","Isolated Margin Loan","BTC","0.06000000",""
"26289805","2025-03-02 21:42:50","Isolated Margin","Transaction Fee","USDC","-1.25303674",""
"26289805","2025-03-02 21:42:50","Isolated Margin","Transaction Revenue","USDC","1455.10915500",""
"26289805","2025-03-02 21:42:50","Isolated Margin","Transaction Sold","BTC","-0.01405000",""
"26289805","2025-03-02 21:42:50","Isolated Margin","Transaction Sold","BTC","-0.01231000",""
"26289805","2025-03-02 21:42:50","Isolated Margin","Transaction Revenue","USDC","1702.94710140",""
"26289805","2025-03-02 21:42:50","Isolated Margin","Transaction Fee","USDC","-1.38235370",""
"26289805","2025-03-03 03:10:18","Spot","Simple Earn Flexible Interest","USDC","0.13732706","Binance Earn"
"26289805","2025-03-03 03:26:21","Spot","Simple Earn Flexible Interest","BTC","6E-8","Binance Earn"
"26289805","2025-03-03 03:48:49","Spot","Simple Earn Flexible Subscription","USDC","-0.13732706","Binance Earn"
"26289805","2025-03-03 17:39:50","Isolated Margin","Transaction Buy","BTC","0.05518000",""
"26289805","2025-03-03 17:39:50","Isolated Margin","Transaction Fee","BTC","-0.00000463",""
"26289805","2025-03-03 17:39:50","Isolated Margin","Transaction Spend","USDC","-4999.86090360",""
"26289805","2025-03-03 17:39:50","Isolated Margin","Transaction Fee","BTC","-0.00005242",""
"26289805","2025-03-03 17:39:50","Isolated Margin","Transaction Buy","BTC","0.00487000",""
"26289805","2025-03-03 17:39:50","Isolated Margin","Isolated Margin Repayment","BTC","-0.05404083",""
"26289805","2025-03-03 17:39:50","Isolated Margin","Transaction Spend","USDC","-441.27079740",""
"26289805","2025-03-03 17:40:08","Isolated Margin","Isolated Margin Repayment","BTC","-0.00595212",""
"26289805","2025-03-03 17:40:22","Isolated Margin","Isolated Margin Repayment","BTC","-0.00000887",""
"26289805","2025-03-03 17:40:22","Isolated Margin","Transaction Buy","BTC","0.00011000",""
"26289805","2025-03-03 17:40:22","Isolated Margin","Transaction Fee","BTC","-1.0E-7",""
"26289805","2025-03-03 17:40:22","Isolated Margin","Transaction Spend","USDC","-9.96096860",""
"26289805","2025-03-03 17:41:26","Isolated Margin","Transfer Between Main Account/Futures and Margin Account","BTC","-0.00010103",""
"26289805","2025-03-03 17:41:26","Spot","Transfer Between Main Account/Futures and Margin Account","BTC","0.00010103",""
"26289805","2025-03-03 18:09:06","Spot","Simple Earn Flexible Subscription","BTC","-0.00010109","Binance Earn"
"26289805","2025-03-03 19:23:36","Spot","Transfer Between Main Account/Futures and Margin Account","USDC","110.00000000",""
"26289805","2025-03-03 19:23:36","Isolated Margin","Transfer Between Main Account/Futures and Margin Account","USDC","-110.00000000",""
"26289805","2025-03-03 19:46:24","Spot","Transaction Spend","USDC","-109.95660000",""
"26289805","2025-03-03 19:46:24","Spot","Transaction Buy","BTC","0.00127000",""
"26289805","2025-03-03 19:46:24","Spot","Transaction Fee","BTC","-0.00000127",""
"26289805","2025-03-04 03:07:24","Spot","Simple Earn Flexible Subscription","BTC","-0.00126873","Binance Earn"
"26289805","2025-03-04 03:25:47","Spot","Simple Earn Flexible Interest","BTC","6E-8","Binance Earn"
"26289805","2025-03-04 03:32:17","Spot","Simple Earn Flexible Interest","USDC","0.13733993","Binance Earn"
"26289805","2025-03-04 03:45:30","Spot","Simple Earn Flexible Subscription","USDC","-0.18073993","Binance Earn"
"26289805","2025-03-04 08:42:19","Spot","Deposit","BTC","0.00037045",""
"26289805","2025-03-04 18:14:32","Spot","Simple Earn Flexible Subscription","BTC","-0.00037051","Binance Earn"
"26289805","2025-03-05 03:14:40","Spot","Simple Earn Flexible Interest","BTC","6E-8","Binance Earn"
"26289805","2025-03-05 03:16:34","Spot","Simple Earn Flexible Interest","USDC","0.13735296","Binance Earn"
"26289805","2025-03-05 03:50:43","Spot","Simple Earn Flexible Subscription","USDC","-0.13735296","Binance Earn"
"26289805","2025-03-05 18:12:08","Spot","Simple Earn Flexible Subscription","BTC","-6E-8","Binance Earn"
"26289805","2025-03-06 03:07:47","Spot","Simple Earn Flexible Interest","BTC","6E-8","Binance Earn"
"26289805","2025-03-06 03:12:04","Spot","Simple Earn Flexible Subscription","BTC","-6E-8","Binance Earn"
"26289805","2025-03-06 03:17:35","Spot","Simple Earn Flexible Interest","USDC","0.13736958","Binance Earn"
"26289805","2025-03-06 03:50:13","Spot","Simple Earn Flexible Subscription","USDC","-0.13736958","Binance Earn"
"26289805","2025-03-06 07:39:41","Isolated Margin","Isolated Margin Loan","BTC","0.06500000",""
"26289805","2025-03-06 07:41:54","Isolated Margin","Isolated Margin Repayment","BTC","-0.06500000",""
"26289805","2025-03-07 03:10:21","Spot","Simple Earn Flexible Interest","USDC","0.13738230","Binance Earn"
"26289805","2025-03-07 03:21:02","Spot","Simple Earn Flexible Interest","BTC","6E-8","Binance Earn"
"26289805","2025-03-07 03:51:05","Spot","Simple Earn Flexible Subscription","USDC","-0.13738230","Binance Earn"
"26289805","2025-03-07 18:14:15","Spot","Simple Earn Flexible Subscription","BTC","-6E-8","Binance Earn"
"26289805","2025-03-07 22:14:22","Isolated Margin","Transaction Buy","BTC","0.02980000",""
"26289805","2025-03-07 22:14:22","Isolated Margin","Transaction Buy","BTC","0.01250000",""
"26289805","2025-03-07 22:14:22","Isolated Margin","Transaction Spend","USDC","-3357.82816000",""
"26289805","2025-03-07 22:14:22","Isolated Margin","Transaction Fee","BTC","-2.3E-7",""
"26289805","2025-03-07 22:14:22","Isolated Margin","Transaction Fee","BTC","-0.00003715",""
"26289805","2025-03-07 22:14:22","Isolated Margin","Isolated Margin Loan","USDC","6310.27416285",""
"26289805","2025-03-07 22:14:22","Isolated Margin","Transaction Fee","BTC","-0.00002831",""
"26289805","2025-03-07 22:14:22","Isolated Margin","Transaction Spend","USDC","-20.60544000",""
"26289805","2025-03-07 22:14:22","Isolated Margin","Transaction Buy","BTC","0.00024000",""
"26289805","2025-03-07 22:14:22","Isolated Margin","Transaction Spend","USDC","-2558.56810200",""
"26289805","2025-03-07 22:14:22","Isolated Margin","Transaction Spend","USDC","-1073.20000000",""
"26289805","2025-03-07 22:14:22","Isolated Margin","Transaction Fee","BTC","-0.00001188",""
"26289805","2025-03-07 22:14:22","Isolated Margin","Transaction Buy","BTC","0.03911000",""
"26289805","2025-03-07 22:17:23","Isolated Margin","Isolated Margin Repayment","BTC","-4.8E-7",""
"26289805","2025-03-08 01:33:35","Isolated Margin","Transaction Sold","BTC","-0.00068000",""
"26289805","2025-03-08 01:33:35","Isolated Margin","Transaction Fee","USDC","-0.47435400",""
"26289805","2025-03-08 01:33:35","Isolated Margin","Transaction Sold","BTC","-0.00584000",""
"26289805","2025-03-08 01:33:35","Isolated Margin","Transaction Sold","BTC","-0.00350000",""
"26289805","2025-03-08 01:33:35","Isolated Margin","Transaction Revenue","USDC","314.64000000",""
"26289805","2025-03-08 01:33:35","Isolated Margin","Transaction Fee","USDC","-0.05523300",""
"26289805","2025-03-08 01:33:35","Isolated Margin","Transaction Sold","BTC","-0.04862000",""
"26289805","2025-03-08 01:33:35","Isolated Margin","Transaction Revenue","USDC","4157.01000000",""
"26289805","2025-03-08 01:33:35","Isolated Margin","Transaction Revenue","USDC","58.14000000",""
"26289805","2025-03-08 01:33:35","Isolated Margin","Isolated Margin Repayment","USDC","-6310.46316945",""
"26289805","2025-03-08 01:33:35","Isolated Margin","Transaction Revenue","USDC","499.32000000",""
"26289805","2025-03-08 01:33:35","Isolated Margin","Transaction Revenue","USDC","299.25000000",""
"26289805","2025-03-08 01:33:35","Isolated Margin","Transaction Fee","USDC","-0.28428750",""
"26289805","2025-03-08 01:33:35","Isolated Margin","Transaction Revenue","USDC","1597.14000000",""
"26289805","2025-03-08 01:33:35","Isolated Margin","Transaction Sold","BTC","-0.01868000",""
"26289805","2025-03-08 01:33:35","Isolated Margin","Transaction Fee","USDC","-0.29890800",""
"26289805","2025-03-08 01:33:35","Isolated Margin","Transaction Fee","USDC","-3.94915950",""
"26289805","2025-03-08 01:33:35","Isolated Margin","Transaction Fee","USDC","-1.51728300",""
"26289805","2025-03-08 01:33:35","Isolated Margin","Transaction Sold","BTC","-0.00368000",""
"26289805","2025-03-08 03:26:19","Spot","Simple Earn Flexible Interest","BTC","6E-8","Binance Earn"
"26289805","2025-03-08 03:28:50","Spot","Simple Earn Flexible Interest","USDC","0.13739485","Binance Earn"
"26289805","2025-03-08 03:49:11","Spot","Simple Earn Flexible Subscription","USDC","-0.13739485","Binance Earn"
"26289805","2025-03-08 10:31:53","Spot","Transfer Between Main Account/Futures and Margin Account","BTC","0.00057195",""
"26289805","2025-03-08 10:31:53","Isolated Margin","Transfer Between Main Account/Futures and Margin Account","BTC","-0.00057195",""
"26289805","2025-03-08 18:13:50","Spot","Simple Earn Flexible Subscription","BTC","-0.00057201","Binance Earn"
"26289805","2025-03-09 03:19:23","Spot","Simple Earn Flexible Interest","USDC","0.13740723","Binance Earn"
"26289805","2025-03-09 03:23:44","Spot","Simple Earn Flexible Interest","BTC","6E-8","Binance Earn"
"26289805","2025-03-09 03:46:44","Spot","Simple Earn Flexible Subscription","USDC","-0.13740723","Binance Earn"
"26289805","2025-03-09 15:02:16","Spot","Transfer Between Main Account/Futures and Margin Account","USDC","109.00000000",""
"26289805","2025-03-09 15:02:16","Isolated Margin","Transfer Between Main Account/Futures and Margin Account","USDC","-109.00000000",""
"26289805","2025-03-09 15:08:17","Spot","Transaction Buy","ATOM","25.00000000",""
"26289805","2025-03-09 15:08:17","Spot","Transaction Fee","ATOM","-0.02500000",""
"26289805","2025-03-09 15:08:17","Spot","Transaction Spend","USDC","-99.50000000",""
"26289805","2025-03-09 16:07:42","Spot","Simple Earn Flexible Redemption","USDC","505.43408245","Binance Earn"
"26289805","2025-03-09 16:07:58","Spot","Transfer Between Main Account/Futures and Margin Account","USDC","-514.93408245",""
"26289805","2025-03-09 16:07:58","Isolated Margin","Transfer Between Main Account/Futures and Margin Account","USDC","514.93408245",""
"26289805","2025-03-09 16:09:09","Isolated Margin","Isolated Margin Loan","USDC","7353.09450539",""
"26289805","2025-03-09 16:09:09","Isolated Margin","Transaction Spend","USDC","-16.59214600",""
"26289805","2025-03-09 16:09:09","Isolated Margin","Transaction Fee","BTC","-1.9E-7",""
"26289805","2025-03-09 16:09:09","Isolated Margin","Transaction Fee","BTC","-0.00000124",""
"26289805","2025-03-09 16:09:09","Isolated Margin","Transaction Fee","BTC","-1.9E-7",""
"26289805","2025-03-09 16:09:09","Isolated Margin","Transaction Fee","BTC","-0.00000127",""
"26289805","2025-03-09 16:09:09","Isolated Margin","Transaction Spend","USDC","-3336.88849800",""
"26289805","2025-03-09 16:09:09","Isolated Margin","Transaction Buy","BTC","0.00134000",""
"26289805","2025-03-09 16:09:09","Isolated Margin","Transaction Spend","USDC","-476.19252380",""
"26289805","2025-03-09 16:09:09","Isolated Margin","Transaction Buy","BTC","0.00020000",""
"26289805","2025-03-09 16:09:09","Isolated Margin","Transaction Buy","BTC","0.00020000",""
"26289805","2025-03-09 16:09:09","Isolated Margin","Transaction Buy","BTC","0.04022000",""
"26289805","2025-03-09 16:09:09","Isolated Margin","Transaction Fee","BTC","-0.00003821",""
"26289805","2025-03-09 16:09:09","Isolated Margin","Transaction Fee","BTC","-0.00000545",""
"26289805","2025-03-09 16:09:09","Isolated Margin","Transaction Spend","USDC","-4231.16400000",""
"26289805","2025-03-09 16:09:09","Isolated Margin","Transaction Fee","BTC","-0.00004845",""
"26289805","2025-03-09 16:09:09","Isolated Margin","Transaction Buy","BTC","0.05100000",""
"26289805","2025-03-09 16:09:09","Isolated Margin","Transaction Buy","BTC","0.00130000",""
"26289805","2025-03-09 16:09:09","Isolated Margin","Transaction Spend","USDC","-107.85567000",""
"26289805","2025-03-09 16:09:09","Isolated Margin","Transaction Buy","BTC","0.00574000",""
"26289805","2025-03-09 16:09:09","Isolated Margin","Transaction Spend","USDC","-16.59202800",""
"26289805","2025-03-09 16:09:09","Isolated Margin","Transaction Spend","USDC","-111.16658760",""
"26289805","2025-03-09 18:12:26","Spot","Simple Earn Flexible Subscription","BTC","-6E-8","Binance Earn"
"26289805","2025-03-09 22:29:21","Isolated Margin","Transaction Revenue","USDC","4218.79837400",""
"26289805","2025-03-09 22:29:21","Isolated Margin","Transaction Fee","USDC","-3.67432063",""
"26289805","2025-03-09 22:29:21","Isolated Margin","Transaction Fee","USDC","-4.00785846",""
"26289805","2025-03-09 22:29:21","Isolated Margin","Isolated Margin Repayment","USDC","-7353.47707442",""
"26289805","2025-03-09 22:29:21","Isolated Margin","Transaction Sold","BTC","-0.04759000",""
"26289805","2025-03-09 22:29:21","Isolated Margin","Transaction Sold","BTC","-0.05191000",""
"26289805","2025-03-09 22:29:21","Isolated Margin","Transaction Revenue","USDC","3867.70592600",""
"26289805","2025-03-09 23:36:10","Isolated Margin","Isolated Margin Loan","USDC","6768.06149102",""
"26289805","2025-03-10 03:12:42","Spot","Simple Earn Flexible Interest","BTC","6E-8","Binance Earn"
"26289805","2025-03-10 07:22:40","Isolated Margin","Isolated Margin Repayment","USDC","-6768.06149102",""
"26289805","2025-03-10 07:26:40","Spot","Withdraw","ATOM","-24.97500000","Withdraw fee is included"
"26289805","2025-03-10 10:51:29","Isolated Margin","Isolated Margin Repayment","USDC","-0.45118601",""
"26289805","2025-03-10 10:51:39","Spot","Transfer Between Main Account/Futures and Margin Account","BTC","0.00040500",""
"26289805","2025-03-10 10:51:39","Isolated Margin","Transfer Between Main Account/Futures and Margin Account","BTC","-0.00040500",""
"26289805","2025-03-10 18:12:41","Spot","Simple Earn Flexible Subscription","BTC","-0.00040506","Binance Earn"
"26289805","2025-03-10 19:11:00","Isolated Margin","Transaction Spend","USDC","-14.75948880",""
"26289805","2025-03-10 19:11:00","Isolated Margin","Transaction Fee","BTC","-1.8E-7",""
"26289805","2025-03-10 19:11:00","Isolated Margin","Transaction Fee","BTC","-0.00005995",""
"26289805","2025-03-10 19:11:00","Isolated Margin","Transaction Spend","USDC","-2851.70622000",""
"26289805","2025-03-10 19:11:00","Isolated Margin","Transaction Buy","BTC","0.00019000",""
"26289805","2025-03-10 19:11:00","Isolated Margin","Isolated Margin Loan","USDC","7041.38031380",""
"26289805","2025-03-10 19:11:00","Isolated Margin","Transaction Fee","BTC","-0.00003487",""
"26289805","2025-03-10 19:11:00","Isolated Margin","Transaction Buy","BTC","0.06310000",""
"26289805","2025-03-10 19:11:00","Isolated Margin","Transaction Spend","USDC","-4901.70391200",""
"26289805","2025-03-10 19:11:00","Isolated Margin","Transaction Buy","BTC","0.03671000",""
"26289805","2025-03-10 20:56:20","Isolated Margin","Transaction Sold","BTC","-0.00080000",""
"26289805","2025-03-10 20:56:20","Isolated Margin","Transaction Revenue","USDC","255.99000000",""
"26289805","2025-03-10 20:56:20","Isolated Margin","Transaction Sold","BTC","-0.04010000",""
"26289805","2025-03-10 20:56:20","Isolated Margin","Transaction Fee","USDC","-0.06360000",""
"26289805","2025-03-10 20:56:20","Isolated Margin","Transaction Fee","USDC","-0.25599000",""
"26289805","2025-03-10 20:56:20","Isolated Margin","Transaction Sold","BTC","-0.00826000",""
"26289805","2025-03-10 20:56:20","Isolated Margin","Transaction Revenue","USDC","204.31500000",""
"26289805","2025-03-10 20:56:20","Isolated Margin","Transaction Revenue","USDC","261.55500000",""
"26289805","2025-03-10 20:56:20","Isolated Margin","Transaction Fee","USDC","-0.20431500",""
"26289805","2025-03-10 20:56:20","Isolated Margin","Transaction Revenue","USDC","656.67000000",""
"26289805","2025-03-10 20:56:20","Isolated Margin","Transaction Sold","BTC","-0.00329000",""
"26289805","2025-03-10 20:56:20","Isolated Margin","Transaction Fee","USDC","-0.93730500",""
"26289805","2025-03-10 20:56:20","Isolated Margin","Isolated Margin Repayment","USDC","-7041.49304208",""
"26289805","2025-03-10 20:56:20","Isolated Margin","Transaction Sold","BTC","-0.00257000",""
"26289805","2025-03-10 20:56:20","Isolated Margin","Transaction Sold","BTC","-0.00031000",""
"26289805","2025-03-10 20:56:20","Isolated Margin","Transaction Fee","USDC","-0.65667000",""
"26289805","2025-03-10 20:56:20","Isolated Margin","Transaction Sold","BTC","-0.02916000",""
"26289805","2025-03-10 20:56:20","Isolated Margin","Transaction Revenue","USDC","24.64500000",""
"26289805","2025-03-10 20:56:20","Isolated Margin","Transaction Fee","USDC","-0.26155500",""
"26289805","2025-03-10 20:56:20","Isolated Margin","Transaction Revenue","USDC","937.30500000",""
"26289805","2025-03-10 20:56:20","Isolated Margin","Transaction Fee","USDC","-3.18795000",""
"26289805","2025-03-10 20:56:20","Isolated Margin","Transaction Sold","BTC","-0.00322000",""
"26289805","2025-03-10 20:56:20","Isolated Margin","Transaction Sold","BTC","-0.01179000",""
"26289805","2025-03-10 20:56:20","Isolated Margin","Transaction Revenue","USDC","2318.22000000",""
"26289805","2025-03-10 20:56:20","Isolated Margin","Transaction Revenue","USDC","63.60000000",""
"26289805","2025-03-10 20:56:20","Isolated Margin","Transaction Fee","USDC","-0.02464500",""
"26289805","2025-03-10 20:56:20","Isolated Margin","Transaction Revenue","USDC","3187.95000000",""
"26289805","2025-03-10 20:56:20","Isolated Margin","Transaction Fee","USDC","-2.31822000",""
"26289805","2025-03-10 21:14:33","Spot","Transfer Between Main Account/Futures and Margin Account","BTC","0.00040500",""
"26289805","2025-03-10 21:14:33","Isolated Margin","Transfer Between Main Account/Futures and Margin Account","BTC","-0.00040500",""
"26289805","2025-03-11 03:07:01","Spot","Simple Earn Flexible Interest","BTC","6E-8","Binance Earn"
"26289805","2025-03-11 03:12:10","Spot","Simple Earn Flexible Subscription","BTC","-0.00040506","Binance Earn"
"26289805","2025-03-12 03:16:22","Spot","Simple Earn Flexible Interest","BTC","6E-8","Binance Earn"
"26289805","2025-03-12 06:38:21","Spot","Deposit","EUR","1300.00000000",""
"26289805","2025-03-12 18:19:46","Spot","Simple Earn Flexible Subscription","BTC","-6E-8","Binance Earn"
"26289805","2025-03-12 21:30:18","Isolated Margin","Transfer Between Main Account/Futures and Margin Account","USDC","-930.54472389",""
"26289805","2025-03-12 21:30:18","Isolated Margin","Transfer Between Main Account/Futures and Margin Account","USDC","930.54472389",""
"26289805","2025-03-13 03:16:38","Spot","Simple Earn Flexible Interest","BTC","6E-8","Binance Earn"
"26289805","2025-03-13 03:19:31","Spot","Simple Earn Flexible Subscription","BTC","-6E-8","Binance Earn"
"26289805","2025-03-13 18:21:55","Spot","Transaction Buy","BTC","0.00134000",""
"26289805","2025-03-13 18:21:55","Spot","Transaction Fee","BTC","-0.00000134",""
"26289805","2025-03-13 18:21:55","Spot","Transaction Spend","EUR","-99.60178460",""
"26289805","2025-03-13 18:26:01","Spot","Transaction Buy","ETH","0.07050000",""
"26289805","2025-03-13 18:26:01","Spot","Transaction Spend","EUR","-119.86057500",""
"26289805","2025-03-13 18:26:01","Spot","Transaction Fee","ETH","-0.00007050",""
"26289805","2025-03-13 22:54:07","Isolated Margin","Transfer Between Main Account/Futures and Margin Account","USDC","930.54472389",""
"26289805","2025-03-13 22:54:07","Isolated Margin","Transfer Between Main Account/Futures and Margin Account","USDC","-930.54472389",""
"26289805","2025-03-13 23:16:17","Isolated Margin","Isolated Margin Loan","USDC","1490.45527611",""
"26289805","2025-03-13 23:17:20","Isolated Margin","Isolated Margin Repayment","USDC","-1490.45527611",""
"26289805","2025-03-13 23:18:32","Isolated Margin","Isolated Margin Loan","USDC","7273.63142887",""
"26289805","2025-03-13 23:18:32","Isolated Margin","Transaction Buy","BTC","0.10000000",""
"26289805","2025-03-13 23:18:32","Isolated Margin","Transaction Fee","BTC","-0.00009500",""
"26289805","2025-03-13 23:18:32","Isolated Margin","Transaction Spend","USDC","-8132.16000000",""
"26289805","2025-03-14 03:07:06","Spot","Simple Earn Flexible Interest","BTC","6E-8","Binance Earn"
"26289805","2025-03-14 03:19:06","Spot","Simple Earn Flexible Subscription","BTC","-0.00133872","Binance Earn"
"26289805","2025-03-14 08:20:10","Isolated Margin","Transaction Fee","USDC","-0.01567278",""
"26289805","2025-03-14 08:20:10","Isolated Margin","Transaction Sold","BTC","-0.06061000",""
"26289805","2025-03-14 08:20:10","Isolated Margin","Transaction Sold","BTC","-0.03869000",""
"26289805","2025-03-14 08:20:10","Isolated Margin","Transaction Fee","USDC","-3.03190018",""
"26289805","2025-03-14 08:20:10","Isolated Margin","Transaction Revenue","USDC","3191.47387460",""
"26289805","2025-03-14 08:20:10","Isolated Margin","Isolated Margin Repayment","USDC","-7274.23242156",""
"26289805","2025-03-14 08:20:10","Isolated Margin","Transaction Revenue","USDC","4999.61828740",""
"26289805","2025-03-14 08:20:10","Isolated Margin","Transaction Sold","BTC","-0.00020000",""
"26289805","2025-03-14 08:20:10","Isolated Margin","Transaction Revenue","USDC","16.49766800",""
"26289805","2025-03-14 08:20:10","Isolated Margin","Transaction Fee","USDC","-4.74963737",""
"26289805","2025-03-14 08:20:34","Isolated Margin","Transfer Between Main Account/Futures and Margin Account","BTC","-0.00040500",""
"26289805","2025-03-14 08:20:34","Spot","Transfer Between Main Account/Futures and Margin Account","BTC","0.00040500",""
"26289805","2025-03-14 08:20:56","Isolated Margin","Transfer Between Main Account/Futures and Margin Account","USDC","-97.00000000",""
"26289805","2025-03-14 08:20:56","Spot","Transfer Between Main Account/Futures and Margin Account","USDC","97.00000000",""
"26289805","2025-03-14 18:20:33","Spot","Simple Earn Flexible Subscription","BTC","-0.00040500","Binance Earn"
"26289805","2025-03-14 18:35:02","Isolated Margin","Transaction Fee","USDC","-7.21791000",""
"26289805","2025-03-14 18:35:02","Isolated Margin","Transaction Revenue","USDC","7597.80000000",""
"26289805","2025-03-14 18:35:02","Isolated Margin","Transaction Sold","BTC","-0.09000000",""
"26289805","2025-03-14 18:35:02","Isolated Margin","Isolated Margin Loan","BTC","0.09000000",""
"26289805","2025-03-14 19:02:59","Spot","Simple Earn Flexible Subscription","USDC","-97.00000000","Binance Earn"
"26289805","2025-03-15 03:07:25","Spot","Simple Earn Flexible Interest","BTC","6E-8","Binance Earn"
"26289805","2025-03-15 03:20:44","Spot","Simple Earn Flexible Subscription","BTC","-6E-8","Binance Earn"
"26289805","2025-03-16 03:15:47","Spot","Simple Earn Flexible Interest","USDC","0.02657523","Binance Earn"
"26289805","2025-03-16 03:16:54","Spot","Simple Earn Flexible Interest","BTC","6E-8","Binance Earn"
"26289805","2025-03-16 03:18:47","Spot","Simple Earn Flexible Subscription","BTC","-6E-8","Binance Earn"
"26289805","2025-03-16 04:01:06","Spot","Simple Earn Flexible Subscription","USDC","-0.02657523","Binance Earn"
"26289805","2025-03-16 11:41:48","Isolated Margin","Transaction Buy","BTC","0.05548000",""
"26289805","2025-03-16 11:41:48","Isolated Margin","Transaction Fee","BTC","-0.00003462",""
"26289805","2025-03-16 11:41:48","Isolated Margin","Isolated Margin Repayment","BTC","-0.09000504",""
"26289805","2025-03-16 11:41:48","Isolated Margin","Transaction Fee","BTC","-0.00005548",""
"26289805","2025-03-16 11:41:48","Isolated Margin","Transaction Spend","USDC","-4574.32600000",""
"26289805","2025-03-16 11:41:48","Isolated Margin","Transaction Buy","BTC","0.03462000",""
"26289805","2025-03-16 11:41:48","Isolated Margin","Transaction Spend","USDC","-2854.41900000",""
"26289805","2025-03-16 11:59:11","Isolated Margin","Transfer Between Main Account/Futures and Margin Account","BTC","-0.00000486",""
"26289805","2025-03-16 11:59:11","Spot","Transfer Between Main Account/Futures and Margin Account","BTC","0.00000486",""
"26289805","2025-03-16 11:59:28","Isolated Margin","Transfer Between Main Account/Futures and Margin Account","USDC","-162.00000000",""
"26289805","2025-03-16 11:59:28","Spot","Transfer Between Main Account/Futures and Margin Account","USDC","162.00000000",""
"26289805","2025-03-16 18:18:41","Spot","Simple Earn Flexible Subscription","BTC","-0.00000486","Binance Earn"
"26289805","2025-03-16 18:59:22","Spot","Simple Earn Flexible Subscription","USDC","-62.25000000","Binance Earn"
"26289805","2025-03-17 03:12:48","Spot","Simple Earn Flexible Interest","BTC","6E-8","Binance Earn"
"26289805","2025-03-17 03:19:20","Spot","Simple Earn Flexible Interest","USDC","0.02657594","Binance Earn"
"26289805","2025-03-17 03:20:11","Spot","Simple Earn Flexible Subscription","BTC","-6E-8","Binance Earn"
"26289805","2025-03-17 04:03:04","Spot","Simple Earn Flexible Subscription","USDC","-0.02657594","Binance Earn"
"26289805","2025-03-18 03:19:26","Spot","Simple Earn Flexible Interest","USDC","0.04363866","Binance Earn"
"26289805","2025-03-18 03:23:32","Spot","Simple Earn Flexible Interest","BTC","6E-8","Binance Earn"
"26289805","2025-03-18 04:01:19","Spot","Simple Earn Flexible Subscription","USDC","-0.04363866","Binance Earn"
"26289805","2025-03-18 18:18:57","Spot","Simple Earn Flexible Subscription","BTC","-6E-8","Binance Earn"
"26289805","2025-03-19 03:47:45","Spot","Simple Earn Flexible Interest","BTC","6E-8","Binance Earn"
"26289805","2025-03-19 03:50:25","Spot","Simple Earn Flexible Interest","USDC","0.04364709","Binance Earn"
"26289805","2025-03-19 04:03:45","Spot","Simple Earn Flexible Subscription","USDC","-0.04364709","Binance Earn"
"26289805","2025-03-19 18:21:06","Spot","Simple Earn Flexible Subscription","BTC","-6E-8","Binance Earn"
"26289805","2025-03-20 03:15:54","Spot","Simple Earn Flexible Interest","BTC","6E-8","Binance Earn"
"26289805","2025-03-20 03:21:22","Spot","Simple Earn Flexible Subscription","BTC","-6E-8","Binance Earn"
"26289805","2025-03-20 03:22:45","Spot","Simple Earn Flexible Interest","USDC","0.04366013","Binance Earn"
"26289805","2025-03-20 04:05:12","Spot","Simple Earn Flexible Subscription","USDC","-0.04366013","Binance Earn"
"26289805","2025-03-21 03:44:49","Spot","Simple Earn Flexible Interest","USDC","0.04367315","Binance Earn"
"26289805","2025-03-21 03:45:52","Spot","Simple Earn Flexible Interest","BTC","6E-8","Binance Earn"
"26289805","2025-03-21 04:01:50","Spot","Simple Earn Flexible Subscription","USDC","-0.04367315","Binance Earn"
"26289805","2025-03-21 18:21:23","Spot","Simple Earn Flexible Subscription","BTC","-6E-8","Binance Earn"
"26289805","2025-03-22 03:09:43","Spot","Simple Earn Flexible Interest","USDC","0.04368621","Binance Earn"
"26289805","2025-03-22 03:11:25","Spot","Simple Earn Flexible Interest","BTC","6E-8","Binance Earn"
"26289805","2025-03-22 03:19:14","Spot","Simple Earn Flexible Subscription","BTC","-6E-8","Binance Earn"
"26289805","2025-03-22 04:00:55","Spot","Simple Earn Flexible Subscription","USDC","-0.04368621","Binance Earn"
"26289805","2025-03-23 04:47:50","Spot","Simple Earn Flexible Interest","BTC","6E-8","Binance Earn"
"26289805","2025-03-23 04:50:02","Spot","Simple Earn Flexible Interest","USDC","0.04370078","Binance Earn"
"26289805","2025-03-23 18:19:32","Spot","Simple Earn Flexible Subscription","BTC","-6E-8","Binance Earn"
"26289805","2025-03-23 19:00:47","Spot","Simple Earn Flexible Subscription","USDC","-0.04370078","Binance Earn"
"26289805","2025-03-24 03:10:01","Spot","Simple Earn Flexible Interest","BTC","6E-8","Binance Earn"
"26289805","2025-03-24 03:18:46","Spot","Simple Earn Flexible Interest","USDC","0.04371553","Binance Earn"
"26289805","2025-03-24 03:20:28","Spot","Simple Earn Flexible Subscription","BTC","-6E-8","Binance Earn"
"26289805","2025-03-24 04:02:23","Spot","Simple Earn Flexible Subscription","USDC","-0.04371553","Binance Earn"
"26289805","2025-03-24 16:25:03","Isolated Margin","Isolated Margin Loan","BTC","0.08000000",""
"26289805","2025-03-24 16:57:18","Isolated Margin","Isolated Margin Repayment","BTC","-0.08000000",""
"26289805","2025-03-24 17:27:57","Isolated Margin","Transaction Revenue","USDC","7951.85820000",""
"26289805","2025-03-24 17:27:57","Isolated Margin","Isolated Margin Loan","BTC","0.09000000",""
"26289805","2025-03-24 17:27:57","Isolated Margin","Transaction Sold","BTC","-0.09000000",""
"26289805","2025-03-24 17:27:57","Isolated Margin","Transaction Fee","USDC","-7.55426529",""
"26289805","2025-03-24 22:53:02","Isolated Margin","Transaction Fee","BTC","-0.00003221",""
"26289805","2025-03-24 22:53:02","Isolated Margin","Transaction Buy","BTC","0.01288000",""
"26289805","2025-03-24 22:53:02","Isolated Margin","Transaction Buy","BTC","0.03390000",""
"26289805","2025-03-24 22:53:02","Isolated Margin","Transaction Fee","BTC","-0.00001224",""
"26289805","2025-03-24 22:53:02","Isolated Margin","Transaction Fee","BTC","-0.00004134",""
"26289805","2025-03-24 22:53:02","Isolated Margin","Isolated Margin Repayment","BTC","-0.09000084",""
"26289805","2025-03-24 22:53:02","Isolated Margin","Transaction Buy","BTC","0.04352000",""
"26289805","2025-03-24 22:53:02","Isolated Margin","Transaction Spend","USDC","-3806.03550720",""
"26289805","2025-03-24 22:53:02","Isolated Margin","Transaction Spend","USDC","-1126.41859680",""
"26289805","2025-03-24 22:53:02","Isolated Margin","Transaction Spend","USDC","-2964.71975400",""
"26289805","2025-03-24 22:53:19","Spot","Transfer Between Main Account/Futures and Margin Account","BTC","0.00021337",""
"26289805","2025-03-24 22:53:19","Isolated Margin","Transfer Between Main Account/Futures and Margin Account","BTC","-0.00021337",""
"26289805","2025-03-24 22:53:47","Spot","Transfer Between Main Account/Futures and Margin Account","USDC","47.00000000",""
"26289805","2025-03-24 22:53:47","Isolated Margin","Transfer Between Main Account/Futures and Margin Account","USDC","-47.00000000",""
"26289805","2025-03-24 22:53:59","Spot","Transaction Fee","BTC","-5.0E-7",""
"26289805","2025-03-24 22:53:59","Spot","Transaction Buy","BTC","0.00053000",""
"26289805","2025-03-24 22:53:59","Spot","Transaction Spend","USDC","-46.35910000",""
"26289805","2025-03-25 03:20:59","Spot","Simple Earn Flexible Subscription","BTC","-0.00074287","Binance Earn"
"26289805","2025-03-25 04:03:23","Spot","Simple Earn Flexible Subscription","USDC","-0.64090000","Binance Earn"
"26289805","2025-03-25 04:12:41","Spot","Simple Earn Flexible Interest","USDC","0.04373004","Binance Earn"
"26289805","2025-03-25 04:20:21","Spot","Simple Earn Flexible Interest","BTC","6E-8","Binance Earn"
"26289805","2025-03-25 18:20:57","Spot","Simple Earn Flexible Subscription","BTC","-6E-8","Binance Earn"
"26289805","2025-03-25 19:02:34","Spot","Simple Earn Flexible Subscription","USDC","-0.04373004","Binance Earn"
"26289805","2025-03-26 03:49:44","Spot","Simple Earn Flexible Interest","BTC","6E-8","Binance Earn"
"26289805","2025-03-26 04:01:08","Spot","Simple Earn Flexible Interest","USDC","0.04374302","Binance Earn"
"26289805","2025-03-26 04:02:59","Spot","Simple Earn Flexible Subscription","USDC","-0.04374302","Binance Earn"
"26289805","2025-03-26 18:22:50","Spot","Simple Earn Flexible Subscription","BTC","-6E-8","Binance Earn"
"26289805","2025-03-27 04:37:06","Spot","Simple Earn Flexible Interest","BTC","6E-8","Binance Earn"
"26289805","2025-03-27 04:51:42","Spot","Simple Earn Flexible Interest","USDC","0.04393147","Binance Earn"
"26289805","2025-03-27 18:21:48","Spot","Simple Earn Flexible Subscription","BTC","-6E-8","Binance Earn"
"26289805","2025-03-27 19:03:22","Spot","Simple Earn Flexible Subscription","USDC","-0.04393147","Binance Earn"
"26289805","2025-03-28 03:07:10","Spot","Simple Earn Flexible Interest","BTC","6E-8","Binance Earn"
"26289805","2025-03-28 03:21:34","Spot","Simple Earn Flexible Subscription","BTC","-6E-8","Binance Earn"
"26289805","2025-03-28 03:28:25","Spot","Simple Earn Flexible Interest","USDC","0.04394431","Binance Earn"
"26289805","2025-03-28 04:04:20","Spot","Simple Earn Flexible Subscription","USDC","-0.04394431","Binance Earn"
"26289805","2025-03-29 04:07:34","Spot","Simple Earn Flexible Interest","BTC","6E-8","Binance Earn"
"26289805","2025-03-29 04:22:58","Spot","Simple Earn Flexible Interest","USDC","0.04395733","Binance Earn"
"26289805","2025-03-29 11:26:47","Spot","Transaction Spend","EUR","-57.89335720",""
"26289805","2025-03-29 11:26:47","Spot","Transaction Buy","BTC","0.00076000",""
"26289805","2025-03-29 11:26:47","Spot","Transaction Fee","BTC","-2.8E-7",""
"26289805","2025-03-29 11:26:47","Spot","Transaction Fee","BTC","-7.2E-7",""
"26289805","2025-03-29 11:26:47","Spot","Transaction Spend","EUR","-22.09088630",""
"26289805","2025-03-29 11:26:47","Spot","Transaction Buy","BTC","0.00029000",""
"26289805","2025-03-29 18:24:36","Spot","Simple Earn Flexible Subscription","BTC","-0.00104906","Binance Earn"
"26289805","2025-03-29 19:06:52","Spot","Simple Earn Flexible Subscription","USDC","-0.04395733","Binance Earn"
"26289805","2025-03-30 04:44:28","Spot","Simple Earn Flexible Interest","BTC","6E-8","Binance Earn"
"26289805","2025-03-30 04:52:40","Spot","Simple Earn Flexible Interest","USDC","0.04397179","Binance Earn"
"26289805","2025-03-30 18:22:53","Spot","Simple Earn Flexible Subscription","BTC","-6E-8","Binance Earn"
"26289805","2025-03-30 19:04:19","Spot","Simple Earn Flexible Subscription","USDC","-0.04397179","Binance Earn"
"26289805","2025-03-31 05:06:51","Spot","Simple Earn Flexible Interest","BTC","6E-8","Binance Earn"
"26289805","2025-03-31 05:20:54","Spot","Simple Earn Flexible Interest","USDC","0.04398665","Binance Earn"
"26289805","2025-03-31 09:55:39","Spot","Transaction Buy","BTC","0.00003000",""
"26289805","2025-03-31 09:55:39","Spot","Transaction Fee","BTC","-2.3E-7",""
"26289805","2025-03-31 09:55:39","Spot","Transaction Spend","EUR","-2.25787320",""
"26289805","2025-03-31 09:55:39","Spot","Transaction Fee","BTC","-3E-8",""
"26289805","2025-03-31 09:55:39","Spot","Transaction Spend","EUR","-18.06305760",""
"26289805","2025-03-31 09:55:39","Spot","Transaction Buy","BTC","0.00024000",""
"26289805","2025-03-31 18:24:27","Spot","Simple Earn Flexible Subscription","BTC","-0.00026980","Binance Earn"
"26289805","2025-03-31 19:06:12","Spot","Simple Earn Flexible Subscription","USDC","-0.04398665","Binance Earn"
"26289805","2025-04-01 04:52:01","Spot","Simple Earn Flexible Interest","USDC","0.04400159","Binance Earn"
"26289805","2025-04-01 04:55:30","Spot","Simple Earn Flexible Interest","BTC","6E-8","Binance Earn"
"26289805","2025-04-01 18:21:30","Spot","Simple Earn Flexible Subscription","BTC","-6E-8","Binance Earn"
"26289805","2025-04-01 18:59:30","Spot","Simple Earn Flexible Subscription","USDC","-0.04400159","Binance Earn"
"26289805","2025-04-02 03:26:43","Spot","Simple Earn Flexible Interest","BTC","6E-8","Binance Earn"
"26289805","2025-04-02 03:28:36","Spot","Simple Earn Flexible Interest","USDC","0.02200655","Binance Earn"
"26289805","2025-04-02 03:59:57","Spot","Simple Earn Flexible Subscription","USDC","-0.02200655","Binance Earn"
"26289805","2025-04-02 18:20:47","Spot","Simple Earn Flexible Subscription","BTC","-6E-8","Binance Earn"
"26289805","2025-04-03 03:28:39","Spot","Simple Earn Flexible Interest","USDC","0.02201307","Binance Earn"
"26289805","2025-04-03 03:31:52","Spot","Simple Earn Flexible Interest","BTC","6E-8","Binance Earn"
"26289805","2025-04-03 03:58:40","Spot","Simple Earn Flexible Subscription","USDC","-0.02201307","Binance Earn"
"26289805","2025-04-03 14:44:59","Spot","Transaction Fee","BTC","-0.00000103",""
"26289805","2025-04-03 14:44:59","Spot","Transaction Buy","BTC","0.00108000",""
"26289805","2025-04-03 14:44:59","Spot","Transaction Spend","EUR","-79.49012760",""
"26289805","2025-04-03 18:21:25","Spot","Simple Earn Flexible Subscription","BTC","-0.00107903","Binance Earn"
"26289805","2025-04-04 03:23:27","Spot","Simple Earn Flexible Interest","USDC","0.02201660","Binance Earn"
"26289805","2025-04-04 03:27:00","Spot","Simple Earn Flexible Interest","BTC","6E-8","Binance Earn"
"26289805","2025-04-04 03:58:23","Spot","Simple Earn Flexible Subscription","USDC","-0.02201660","Binance Earn"
"26289805","2025-04-04 11:28:43","Spot","Transaction Buy","ETH","0.01250000",""
"26289805","2025-04-04 11:28:43","Spot","Transaction Fee","ETH","-0.00001250",""
"26289805","2025-04-04 11:28:43","Spot","Transaction Spend","EUR","-20.00000000",""
"26289805","2025-04-04 18:20:25","Spot","Simple Earn Flexible Subscription","BTC","-6E-8","Binance Earn"
"26289805","2025-04-05 03:09:43","Spot","Simple Earn Flexible Interest","USDC","0.02202013","Binance Earn"
"26289805","2025-04-05 03:30:25","Spot","Simple Earn Flexible Interest","BTC","6E-8","Binance Earn"
"26289805","2025-04-05 03:58:16","Spot","Simple Earn Flexible Subscription","USDC","-0.02202013","Binance Earn"
"26289805","2025-04-05 18:20:21","Spot","Simple Earn Flexible Subscription","BTC","-6E-8","Binance Earn"
"26289805","2025-04-06 03:14:56","Spot","Simple Earn Flexible Interest","BTC","6E-8","Binance Earn"
"26289805","2025-04-06 03:17:23","Spot","Simple Earn Flexible Interest","USDC","0.02202365","Binance Earn"
"26289805","2025-04-06 03:19:50","Spot","Simple Earn Flexible Subscription","BTC","-6E-8","Binance Earn"
"26289805","2025-04-06 03:57:09","Spot","Simple Earn Flexible Subscription","USDC","-0.02202365","Binance Earn"
"26289805","2025-04-06 18:09:31","Isolated Margin","Transaction Buy","BTC","0.03700000",""
"26289805","2025-04-06 18:09:31","Isolated Margin","Transaction Spend","USDC","-1691.96701100",""
"26289805","2025-04-06 18:09:31","Isolated Margin","Transaction Spend","USDC","-2966.95637000",""
"26289805","2025-04-06 18:09:31","Isolated Margin","Transaction Fee","BTC","-0.00003515",""
"26289805","2025-04-06 18:09:31","Isolated Margin","Transaction Fee","BTC","-0.00003981",""
"26289805","2025-04-06 18:09:31","Isolated Margin","Transaction Buy","BTC","0.02110000",""
"26289805","2025-04-06 18:09:31","Isolated Margin","Isolated Margin Loan","USDC","7189.43904724",""
"26289805","2025-04-06 18:09:31","Isolated Margin","Transaction Buy","BTC","0.04190000",""
"26289805","2025-04-06 18:09:31","Isolated Margin","Transaction Fee","BTC","-0.00002005",""
"26289805","2025-04-06 18:09:31","Isolated Margin","Transaction Spend","USDC","-3359.87761900",""
"26289805","2025-04-06 18:21:20","Spot","Transaction Buy","BTC","0.00125000",""
"26289805","2025-04-06 18:21:20","Spot","Transaction Spend","USDC","-99.75000000",""
"26289805","2025-04-06 18:21:20","Spot","Transaction Fee","BTC","-0.00000125",""
"26289805","2025-04-06 22:03:00","Isolated Margin","Transaction Revenue","USDC","99.44100000",""
"26289805","2025-04-06 22:03:00","Isolated Margin","Transaction Sold","BTC","-0.08027000",""
"26289805","2025-04-06 22:03:00","Isolated Margin","Transaction Fee","USDC","-0.04983795",""
"26289805","2025-04-06 22:03:00","Isolated Margin","Transaction Fee","USDC","-0.02305935",""
"26289805","2025-04-06 22:03:00","Isolated Margin","Transaction Revenue","USDC","499.55412760",""
"26289805","2025-04-06 22:03:00","Isolated Margin","Transaction Fee","USDC","-0.00669465",""
"26289805","2025-04-06 22:03:00","Isolated Margin","Transaction Sold","BTC","-0.00010000",""
"26289805","2025-04-06 22:03:00","Isolated Margin","Transaction Fee","USDC","-0.47457642",""
"26289805","2025-04-06 22:03:00","Isolated Margin","Transaction Fee","USDC","-0.01190160",""
"26289805","2025-04-06 22:03:00","Isolated Margin","Transaction Sold","BTC","-0.00016000",""
"26289805","2025-04-06 22:03:00","Isolated Margin","Transaction Fee","USDC","-0.00595080",""
"26289805","2025-04-06 22:03:00","Isolated Margin","Transaction Sold","BTC","-0.00017000",""
"26289805","2025-04-06 22:03:00","Isolated Margin","Transaction Revenue","USDC","7.04700000",""
"26289805","2025-04-06 22:03:00","Isolated Margin","Transaction Revenue","USDC","6.26400000",""
"26289805","2025-04-06 22:03:00","Isolated Margin","Transaction Revenue","USDC","12.52800000",""
"26289805","2025-04-06 22:03:00","Isolated Margin","Transaction Fee","USDC","-5.97088624",""
"26289805","2025-04-06 22:03:00","Isolated Margin","Transaction Revenue","USDC","13.31100000",""
"26289805","2025-04-06 22:03:00","Isolated Margin","Transaction Sold","BTC","-0.00950000",""
"26289805","2025-04-06 22:03:00","Isolated Margin","Transaction Sold","BTC","-0.00008000",""
"26289805","2025-04-06 22:03:00","Isolated Margin","Isolated Margin Repayment","USDC","-7189.64470548",""
"26289805","2025-04-06 22:03:00","Isolated Margin","Transaction Sold","BTC","-0.00009000",""
"26289805","2025-04-06 22:03:00","Isolated Margin","Transaction Fee","USDC","-0.00743850",""
"26289805","2025-04-06 22:03:00","Isolated Margin","Transaction Fee","USDC","-0.70665750",""
"26289805","2025-04-06 22:03:00","Isolated Margin","Transaction Revenue","USDC","24.27300000",""
"26289805","2025-04-06 22:03:00","Isolated Margin","Transaction Revenue","USDC","7.83000000",""
"26289805","2025-04-06 22:03:00","Isolated Margin","Transaction Fee","USDC","-0.01264545",""
"26289805","2025-04-06 22:03:00","Isolated Margin","Transaction Revenue","USDC","6285.14340810",""
"26289805","2025-04-06 22:03:00","Isolated Margin","Transaction Sold","BTC","-0.00067000",""
"26289805","2025-04-06 22:03:00","Isolated Margin","Transaction Revenue","USDC","743.85000000",""
"26289805","2025-04-06 22:03:00","Isolated Margin","Transaction Fee","USDC","-0.09446895",""
"26289805","2025-04-06 22:03:00","Isolated Margin","Transaction Revenue","USDC","52.46100000",""
"26289805","2025-04-06 22:03:00","Isolated Margin","Transaction Sold","BTC","-0.00127000",""
"26289805","2025-04-06 22:03:00","Isolated Margin","Transaction Sold","BTC","-0.00638000",""
"26289805","2025-04-06 22:03:00","Isolated Margin","Transaction Sold","BTC","-0.00031000",""
"26289805","2025-04-06 22:11:22","Isolated Margin","Transfer Between Main Account/Futures and Margin Account","BTC","-0.00090499",""
"26289805","2025-04-06 22:11:22","Spot","Transfer Between Main Account/Futures and Margin Account","BTC","0.00090499",""
"26289805","2025-04-07 03:16:56","Spot","Simple Earn Flexible Interest","USDC","0.02202718","Binance Earn"
"26289805","2025-04-07 03:20:34","Spot","Simple Earn Flexible Interest","BTC","6E-8","Binance Earn"
"26289805","2025-04-07 03:20:45","Spot","Simple Earn Flexible Subscription","BTC","-0.00215374","Binance Earn"
"26289805","2025-04-07 03:59:14","Spot","Simple Earn Flexible Subscription","USDC","-0.02202718","Binance Earn"
"26289805","2025-04-07 06:29:40","Spot","Simple Earn Flexible Redemption","USDC","160.85487962","Binance Earn"
"26289805","2025-04-07 06:29:54","Spot","Transfer Between Main Account/Futures and Margin Account","USDC","-160.85487962",""
"26289805","2025-04-07 06:29:54","Isolated Margin","Transfer Between Main Account/Futures and Margin Account","USDC","160.85487962",""
"26289805","2025-04-07 06:53:25","Spot","Transaction Spend","EUR","-69.95400000",""
"26289805","2025-04-07 06:53:25","Spot","Transaction Buy","ETH","0.05340000",""
"26289805","2025-04-07 06:53:25","Spot","Transaction Fee","ETH","-0.00005340",""
"26289805","2025-04-07 07:02:57","Spot","Transaction Spend","EUR","-199.86250000",""
"26289805","2025-04-07 07:02:57","Spot","Transaction Buy","BTC","0.00295000",""
"26289805","2025-04-07 07:02:57","Spot","Transaction Fee","BTC","-0.00000295",""
"26289805","2025-04-07 18:20:47","Spot","Simple Earn Flexible Subscription","BTC","-0.00294711","Binance Earn"
"26289805","2025-04-08 03:25:12","Spot","Simple Earn Flexible Interest","BTC","6E-8","Binance Earn"
"26289805","2025-04-08 18:20:58","Spot","Simple Earn Flexible Subscription","BTC","-6E-8","Binance Earn"
"26289805","2025-04-09 01:11:53","Spot","Transaction Buy","BTC","0.00037000",""
"26289805","2025-04-09 01:11:53","Spot","Transaction Fee","BTC","-3.7E-7",""
"26289805","2025-04-09 01:11:53","Spot","Transaction Spend","EUR","-25.38200000",""
"26289805","2025-04-09 03:19:27","Spot","Simple Earn Flexible Subscription","BTC","-0.00036963","Binance Earn"
"26289805","2025-04-09 03:49:08","Spot","Simple Earn Flexible Interest","BTC","6E-8","Binance Earn"
"26289805","2025-04-09 18:22:03","Spot","Simple Earn Flexible Subscription","BTC","-6E-8","Binance Earn"
"26289805","2025-04-10 03:19:12","Spot","Simple Earn Flexible Interest","BTC","6E-8","Binance Earn"
"26289805","2025-04-10 03:21:29","Spot","Simple Earn Flexible Subscription","BTC","-6E-8","Binance Earn"
"26289805","2025-04-11 03:14:34","Spot","Simple Earn Flexible Interest","BTC","6E-8","Binance Earn"
"26289805","2025-04-11 03:22:19","Spot","Simple Earn Flexible Subscription","BTC","-6E-8","Binance Earn"
"26289805","2025-04-11 22:14:28","Isolated Margin","Transaction Revenue","USDC","6681.75920000",""
"26289805","2025-04-11 22:14:28","Isolated Margin","Isolated Margin Loan","BTC","0.08000000",""
"26289805","2025-04-11 22:14:28","Isolated Margin","Transaction Sold","BTC","-0.08000000",""
"26289805","2025-04-11 22:14:28","Isolated Margin","Transaction Fee","USDC","-6.34767124",""
"26289805","2025-04-12 03:20:30","Spot","Simple Earn Flexible Interest","BTC","6E-8","Binance Earn"
"26289805","2025-04-12 03:24:26","Spot","Simple Earn Flexible Subscription","BTC","-6E-8","Binance Earn"
"26289805","2025-04-12 13:56:17","Isolated Margin","Transaction Fee","BTC","-0.00000356",""
"26289805","2025-04-12 13:56:17","Isolated Margin","Transaction Fee","BTC","-0.00005863",""
"26289805","2025-04-12 13:56:17","Isolated Margin","Transaction Fee","BTC","-1.9E-7",""
"26289805","2025-04-12 13:56:17","Isolated Margin","Transaction Spend","USDC","-18.61274140",""
"26289805","2025-04-12 13:56:17","Isolated Margin","Transaction Spend","USDC","-8.46057100",""
"26289805","2025-04-12 13:56:17","Isolated Margin","Transaction Buy","BTC","0.00022000",""
"26289805","2025-04-12 13:56:17","Isolated Margin","Transaction Fee","BTC","-7.2E-7",""
"26289805","2025-04-12 13:56:17","Isolated Margin","Transaction Fee","BTC","-9E-8",""
"26289805","2025-04-12 13:56:17","Isolated Margin","Transaction Spend","USDC","-12.69082650",""
"26289805","2025-04-12 13:56:17","Isolated Margin","Transaction Spend","USDC","-5.92207910",""
"26289805","2025-04-12 13:56:17","Isolated Margin","Transaction Fee","BTC","-1.0E-7",""
"26289805","2025-04-12 13:56:17","Isolated Margin","Transaction Buy","BTC","0.00020000",""
"26289805","2025-04-12 13:56:17","Isolated Margin","Transaction Buy","BTC","0.00375000",""
"26289805","2025-04-12 13:56:17","Isolated Margin","Transaction Fee","BTC","-5.4E-7",""
"26289805","2025-04-12 13:56:17","Isolated Margin","Transaction Fee","BTC","-2.1E-7",""
"26289805","2025-04-12 13:56:17","Isolated Margin","Transaction Spend","USDC","-10.99821060",""
"26289805","2025-04-12 13:56:17","Isolated Margin","Transaction Buy","BTC","0.00278000",""
"26289805","2025-04-12 13:56:17","Isolated Margin","Transaction Spend","USDC","-14.38248450",""
"26289805","2025-04-12 13:56:17","Isolated Margin","Transaction Buy","BTC","0.00154000",""
"26289805","2025-04-12 13:56:17","Isolated Margin","Transaction Spend","USDC","-48.22287780",""
"26289805","2025-04-12 13:56:17","Isolated Margin","Transaction Spend","USDC","-6.76829120",""
"26289805","2025-04-12 13:56:17","Isolated Margin","Transaction Buy","BTC","0.00024000",""
"26289805","2025-04-12 13:56:17","Isolated Margin","Transaction Fee","BTC","-0.00000423",""
"26289805","2025-04-12 13:56:17","Isolated Margin","Transaction Fee","BTC","-0.00000189",""
"26289805","2025-04-12 13:56:17","Isolated Margin","Transaction Buy","BTC","0.00009000",""
"26289805","2025-04-12 13:56:17","Isolated Margin","Transaction Buy","BTC","0.06172000",""
"26289805","2025-04-12 13:56:17","Isolated Margin","Transaction Buy","BTC","0.00010000",""
"26289805","2025-04-12 13:56:17","Isolated Margin","Transaction Fee","BTC","-2.3E-7",""
"26289805","2025-04-12 13:56:17","Isolated Margin","Transaction Fee","BTC","-8E-8",""
"26289805","2025-04-12 13:56:17","Isolated Margin","Transaction Spend","USDC","-12.69121500",""
"26289805","2025-04-12 13:56:17","Isolated Margin","Transaction Spend","USDC","-8.46019700",""
"26289805","2025-04-12 13:56:17","Isolated Margin","Transaction Spend","USDC","-64.29963280",""
"26289805","2025-04-12 13:56:17","Isolated Margin","Transaction Spend","USDC","-43.99560880",""
"26289805","2025-04-12 13:56:17","Isolated Margin","Transaction Fee","BTC","-1.2E-7",""
"26289805","2025-04-12 13:56:17","Isolated Margin","Transaction Fee","BTC","-7E-8",""
"26289805","2025-04-12 13:56:17","Isolated Margin","Transaction Fee","BTC","-8E-8",""
"26289805","2025-04-12 13:56:17","Isolated Margin","Transaction Fee","BTC","-4.9E-7",""
"26289805","2025-04-12 13:56:17","Isolated Margin","Transaction Buy","BTC","0.00010000",""
"26289805","2025-04-12 13:56:17","Isolated Margin","Transaction Spend","USDC","-235.19078000",""
"26289805","2025-04-12 13:56:17","Isolated Margin","Transaction Spend","USDC","-6.76818880",""
"26289805","2025-04-12 13:56:17","Isolated Margin","Transaction Buy","BTC","0.00076000",""
"26289805","2025-04-12 13:56:17","Isolated Margin","Transaction Buy","BTC","0.00010000",""
"26289805","2025-04-12 13:56:17","Isolated Margin","Transaction Buy","BTC","0.00013000",""
"26289805","2025-04-12 13:56:17","Isolated Margin","Transaction Buy","BTC","0.00008000",""
"26289805","2025-04-12 13:56:17","Isolated Margin","Transaction Buy","BTC","0.00015000",""
"26289805","2025-04-12 13:56:17","Isolated Margin","Transaction Spend","USDC","-5.92249980",""
"26289805","2025-04-12 13:56:17","Isolated Margin","Transaction Fee","BTC","-7E-8",""
"26289805","2025-04-12 13:56:17","Isolated Margin","Transaction Buy","BTC","0.00015000",""
"26289805","2025-04-12 13:56:17","Isolated Margin","Transaction Spend","USDC","-20.30509440",""
"26289805","2025-04-12 13:56:17","Isolated Margin","Isolated Margin Repayment","BTC","-0.08000160",""
"26289805","2025-04-12 13:56:17","Isolated Margin","Transaction Spend","USDC","-7.61441040",""
"26289805","2025-04-12 13:56:17","Isolated Margin","Transaction Buy","BTC","0.00445000",""
"26289805","2025-04-12 13:56:17","Isolated Margin","Transaction Fee","BTC","-0.00000264",""
"26289805","2025-04-12 13:56:17","Isolated Margin","Transaction Buy","BTC","0.00199000",""
"26289805","2025-04-12 13:56:17","Isolated Margin","Transaction Buy","BTC","0.00057000",""
"26289805","2025-04-12 13:56:17","Isolated Margin","Transaction Buy","BTC","0.00007000",""
"26289805","2025-04-12 13:56:17","Isolated Margin","Transaction Buy","BTC","0.00008000",""
"26289805","2025-04-12 13:56:17","Isolated Margin","Transaction Spend","USDC","-8.46072000",""
"26289805","2025-04-12 13:56:17","Isolated Margin","Transaction Buy","BTC","0.00017000",""
"26289805","2025-04-12 13:56:17","Isolated Margin","Transaction Buy","BTC","0.00008000",""
"26289805","2025-04-12 13:56:17","Isolated Margin","Transaction Spend","USDC","-168.36050730",""
"26289805","2025-04-12 13:56:17","Isolated Margin","Transaction Spend","USDC","-5222.02489320",""
"26289805","2025-04-12 13:56:17","Isolated Margin","Transaction Spend","USDC","-376.49629950",""
"26289805","2025-04-12 13:56:17","Isolated Margin","Transaction Spend","USDC","-16.92028000",""
"26289805","2025-04-12 13:56:17","Isolated Margin","Transaction Buy","BTC","0.00009000",""
"26289805","2025-04-12 13:56:17","Isolated Margin","Transaction Spend","USDC","-7.61414130",""
"26289805","2025-04-12 13:56:17","Isolated Margin","Transaction Spend","USDC","-6.76823040",""
"26289805","2025-04-12 13:56:17","Isolated Margin","Transaction Fee","BTC","-1.4E-7",""
"26289805","2025-04-12 13:56:17","Isolated Margin","Transaction Buy","BTC","0.00052000",""
"26289805","2025-04-12 13:56:17","Isolated Margin","Transaction Buy","BTC","0.00007000",""
"26289805","2025-04-12 13:56:17","Isolated Margin","Transaction Fee","BTC","-1.0E-7",""
"26289805","2025-04-12 13:56:17","Isolated Margin","Transaction Fee","BTC","-1.0E-7",""
"26289805","2025-04-12 13:56:17","Isolated Margin","Transaction Spend","USDC","-130.29017540",""
"26289805","2025-04-12 13:56:17","Isolated Margin","Transaction Fee","BTC","-1.6E-7",""
"26289805","2025-04-12 13:56:17","Isolated Margin","Transaction Fee","BTC","-0.00000146",""
"26289805","2025-04-12 13:56:17","Isolated Margin","Transaction Fee","BTC","-8E-8",""
"26289805","2025-04-12 13:56:17","Isolated Margin","Transaction Spend","USDC","-317.27876250",""
"26289805","2025-04-12 13:56:17","Isolated Margin","Transaction Fee","BTC","-1.4E-7",""
"26289805","2025-04-12 13:56:17","Isolated Margin","Transaction Fee","BTC","-9E-8",""
"26289805","2025-04-13 00:26:34","Isolated Margin","Transaction Fee","USDC","-1.85685077",""
"26289805","2025-04-13 00:26:34","Isolated Margin","Transaction Revenue","USDC","3882.81098940",""
"26289805","2025-04-13 00:26:34","Isolated Margin","Transaction Sold","BTC","-0.00130000",""
"26289805","2025-04-13 00:26:34","Isolated Margin","Transaction Fee","USDC","-3.68867044",""
"26289805","2025-04-13 00:26:34","Isolated Margin","Transaction Revenue","USDC","1954.57976000",""
"26289805","2025-04-13 00:26:34","Isolated Margin","Isolated Margin Loan","BTC","0.06987781",""
"26289805","2025-04-13 00:26:34","Isolated Margin","Transaction Fee","USDC","-0.10522869",""
"26289805","2025-04-13 00:26:34","Isolated Margin","Transaction Sold","BTC","-0.00019000",""
"26289805","2025-04-13 00:26:34","Isolated Margin","Transaction Fee","USDC","-0.01537957",""
"26289805","2025-04-13 00:26:34","Isolated Margin","Transaction Sold","BTC","-0.02294000",""
"26289805","2025-04-13 00:26:34","Isolated Margin","Transaction Sold","BTC","-0.04557000",""
"26289805","2025-04-13 00:26:34","Isolated Margin","Transaction Revenue","USDC","110.76704600",""
"26289805","2025-04-13 00:26:34","Isolated Margin","Transaction Revenue","USDC","16.18902600",""
"26289805","2025-04-13 01:31:06","Isolated Margin","Transaction Fee","BTC","-0.00006631",""
"26289805","2025-04-13 01:31:06","Isolated Margin","Transaction Spend","USDC","-5999.31000000",""
"26289805","2025-04-13 01:31:06","Isolated Margin","Isolated Margin Repayment","BTC","-0.06973369",""
"26289805","2025-04-13 01:31:06","Isolated Margin","Transaction Buy","BTC","0.06980000",""
"26289805","2025-04-13 03:07:23","Spot","Simple Earn Flexible Interest","BTC","6E-8","Binance Earn"
"26289805","2025-04-13 03:24:47","Spot","Simple Earn Flexible Subscription","BTC","-6E-8","Binance Earn"
"26289805","2025-04-14 03:15:02","Spot","Simple Earn Flexible Interest","BTC","6E-8","Binance Earn"
"26289805","2025-04-14 03:23:29","Spot","Simple Earn Flexible Subscription","BTC","-6E-8","Binance Earn"
"26289805","2025-04-15 03:18:37","Spot","Simple Earn Flexible Interest","BTC","6E-8","Binance Earn"
"26289805","2025-04-15 03:24:49","Spot","Simple Earn Flexible Subscription","BTC","-6E-8","Binance Earn"
"26289805","2025-04-16 03:54:50","Spot","Simple Earn Flexible Interest","BTC","6E-8","Binance Earn"
"26289805","2025-04-16 18:22:17","Spot","Simple Earn Flexible Subscription","BTC","-6E-8","Binance Earn"
"26289805","2025-04-17 03:55:35","Spot","Simple Earn Flexible Interest","BTC","6E-8","Binance Earn"
"26289805","2025-04-17 18:21:19","Spot","Simple Earn Flexible Subscription","BTC","-6E-8","Binance Earn"
"26289805","2025-04-17 19:10:33","Isolated Margin","Transaction Revenue","USDC","5527.72935000",""
"26289805","2025-04-17 19:10:33","Isolated Margin","Transaction Fee","USDC","-5.25134288",""
"26289805","2025-04-17 19:10:33","Isolated Margin","Isolated Margin Loan","BTC","0.06500000",""
"26289805","2025-04-17 19:10:33","Isolated Margin","Transaction Sold","BTC","-0.06500000",""
"26289805","2025-04-18 03:07:47","Spot","Simple Earn Flexible Interest","BTC","6E-8","Binance Earn"
"26289805","2025-04-18 03:21:04","Spot","Simple Earn Flexible Subscription","BTC","-6E-8","Binance Earn"
"26289805","2025-04-19 04:19:54","Spot","Simple Earn Flexible Interest","BTC","6E-8","Binance Earn"
"26289805","2025-04-19 18:21:55","Spot","Simple Earn Flexible Subscription","BTC","-6E-8","Binance Earn"
"26289805","2025-04-20 03:14:08","Spot","Simple Earn Flexible Interest","BTC","6E-8","Binance Earn"
"26289805","2025-04-20 03:20:26","Spot","Simple Earn Flexible Subscription","BTC","-6E-8","Binance Earn"
"26289805","2025-04-21 00:26:30","Isolated Margin","Transaction Buy","BTC","0.06540000",""
"26289805","2025-04-21 00:26:30","Isolated Margin","Transaction Fee","BTC","-0.00006213",""
"26289805","2025-04-21 00:26:30","Isolated Margin","Transaction Spend","USDC","-5617.86000000",""
"26289805","2025-04-21 00:26:31","Isolated Margin","Isolated Margin Repayment","BTC","-0.06515168",""
"26289805","2025-04-21 04:25:48","Spot","Simple Earn Flexible Interest","BTC","6E-8","Binance Earn"
"26289805","2025-04-21 09:45:02","Isolated Margin","Transfer Between Main Account/Futures and Margin Account","BTC","-0.00018619",""
"26289805","2025-04-21 09:45:02","Spot","Transfer Between Main Account/Futures and Margin Account","BTC","0.00018619",""
"26289805","2025-04-21 12:43:08","Isolated Margin","Isolated Margin Loan","BTC","0.05500000",""
"26289805","2025-04-21 12:43:08","Isolated Margin","Transaction Sold","BTC","-0.00504000",""
"26289805","2025-04-21 12:43:08","Isolated Margin","Transaction Sold","BTC","-0.04996000",""
"26289805","2025-04-21 12:43:08","Isolated Margin","Transaction Fee","USDC","-4.13788667",""
"26289805","2025-04-21 12:43:08","Isolated Margin","Transaction Revenue","USDC","4355.67017400",""
"26289805","2025-04-21 12:43:08","Isolated Margin","Transaction Revenue","USDC","439.40307600",""
"26289805","2025-04-21 12:43:08","Isolated Margin","Transaction Fee","USDC","-0.41743292",""
"26289805","2025-04-21 18:22:21","Spot","Simple Earn Flexible Subscription","BTC","-0.00018625","Binance Earn"
"26289805","2025-04-22 01:20:23","Isolated Margin","Transaction Buy","BTC","0.01368000",""
"26289805","2025-04-22 01:20:23","Isolated Margin","Transaction Buy","BTC","0.00014000",""
"26289805","2025-04-22 01:20:23","Isolated Margin","Transaction Buy","BTC","0.00010000",""
"26289805","2025-04-22 01:20:23","Isolated Margin","Transaction Buy","BTC","0.00012000",""
"26289805","2025-04-22 01:20:23","Isolated Margin","Transaction Spend","USDC","-50.47632150",""
"26289805","2025-04-22 01:20:23","Isolated Margin","Transaction Spend","USDC","-7.08434320",""
"26289805","2025-04-22 01:20:23","Isolated Margin","Transaction Spend","USDC","-36.30695960",""
"26289805","2025-04-22 01:20:23","Isolated Margin","Transaction Fee","BTC","-1.0E-7",""
"26289805","2025-04-22 01:20:23","Isolated Margin","Transaction Buy","BTC","0.00011000",""
"26289805","2025-04-22 01:20:23","Isolated Margin","Transaction Fee","BTC","-8.3E-7",""
"26289805","2025-04-22 01:20:23","Isolated Margin","Transaction Fee","BTC","-2.1E-7",""
"26289805","2025-04-22 01:20:23","Isolated Margin","Transaction Fee","BTC","-0.00002063",""
"26289805","2025-04-22 01:20:23","Isolated Margin","Transaction Fee","BTC","-3.7E-7",""
"26289805","2025-04-22 01:20:23","Isolated Margin","Transaction Spend","USDC","-66.41512500",""
"26289805","2025-04-22 01:20:23","Isolated Margin","Transaction Spend","USDC","-6.19872610",""
"26289805","2025-04-22 01:20:23","Isolated Margin","Transaction Buy","BTC","0.01137000",""
"26289805","2025-04-22 01:20:23","Isolated Margin","Transaction Fee","BTC","-7E-8",""
"26289805","2025-04-22 01:20:23","Isolated Margin","Transaction Buy","BTC","0.00016000",""
"26289805","2025-04-22 01:20:23","Isolated Margin","Transaction Spend","USDC","-7.96956480",""
"26289805","2025-04-22 01:20:23","Isolated Margin","Transaction Fee","BTC","-1.0E-7",""
"26289805","2025-04-22 01:20:23","Isolated Margin","Transaction Buy","BTC","0.00007000",""
"26289805","2025-04-22 01:20:23","Isolated Margin","Transaction Spend","USDC","-1006.87035000",""
"26289805","2025-04-22 01:20:23","Isolated Margin","Transaction Spend","USDC","-19.48177000",""
"26289805","2025-04-22 01:20:23","Isolated Margin","Transaction Buy","BTC","0.00075000",""
"26289805","2025-04-22 01:20:23","Isolated Margin","Isolated Margin Repayment","BTC","-0.05500098",""
"26289805","2025-04-22 01:20:23","Isolated Margin","Transaction Spend","USDC","-1923.35030880",""
"26289805","2025-04-22 01:20:23","Isolated Margin","Transaction Fee","BTC","-0.00001300",""
"26289805","2025-04-22 01:20:23","Isolated Margin","Transaction Buy","BTC","0.00007000",""
"26289805","2025-04-22 01:20:23","Isolated Margin","Transaction Fee","BTC","-1.1E-7",""
"26289805","2025-04-22 01:20:23","Isolated Margin","Transaction Fee","BTC","-7.1E-7",""
"26289805","2025-04-22 01:20:23","Isolated Margin","Transaction Spend","USDC","-408.23855000",""
"26289805","2025-04-22 01:20:23","Isolated Margin","Transaction Fee","BTC","-1.0E-7",""
"26289805","2025-04-22 01:20:23","Isolated Margin","Transaction Spend","USDC","-14.16834240",""
"26289805","2025-04-22 01:20:23","Isolated Margin","Transaction Buy","BTC","0.00010000",""
"26289805","2025-04-22 01:20:23","Isolated Margin","Transaction Spend","USDC","-8.85508800",""
"26289805","2025-04-22 01:20:23","Isolated Margin","Transaction Fee","BTC","-9E-8",""
"26289805","2025-04-22 01:20:23","Isolated Margin","Transaction Buy","BTC","0.00041000",""
"26289805","2025-04-22 01:20:23","Isolated Margin","Transaction Fee","BTC","-3.9E-7",""
"26289805","2025-04-22 01:20:23","Isolated Margin","Transaction Spend","USDC","-12.39702380",""
"26289805","2025-04-22 01:20:23","Isolated Margin","Transaction Fee","BTC","-5.4E-7",""
"26289805","2025-04-22 01:20:23","Isolated Margin","Transaction Fee","BTC","-1.5E-7",""
"26289805","2025-04-22 01:20:23","Isolated Margin","Transaction Spend","USDC","-34.53500310",""
"26289805","2025-04-22 01:20:23","Isolated Margin","Transaction Spend","USDC","-10.62612480",""
"26289805","2025-04-22 01:20:23","Isolated Margin","Transaction Spend","USDC","-1211.38233120",""
"26289805","2025-04-22 01:20:23","Isolated Margin","Transaction Fee","BTC","-8E-8",""
"26289805","2025-04-22 01:20:23","Isolated Margin","Transaction Fee","BTC","-1.1E-7",""
"26289805","2025-04-22 01:20:23","Isolated Margin","Transaction Buy","BTC","0.00008000",""
"26289805","2025-04-22 01:20:23","Isolated Margin","Transaction Fee","BTC","-7E-8",""
"26289805","2025-04-22 01:20:23","Isolated Margin","Transaction Buy","BTC","0.00057000",""
"26289805","2025-04-22 01:20:23","Isolated Margin","Transaction Buy","BTC","0.00007000",""
"26289805","2025-04-22 01:20:23","Isolated Margin","Transaction Buy","BTC","0.00008000",""
"26289805","2025-04-22 01:20:23","Isolated Margin","Transaction Fee","BTC","-0.00001080",""
"26289805","2025-04-22 01:20:23","Isolated Margin","Transaction Fee","BTC","-8E-8",""
"26289805","2025-04-22 01:20:23","Isolated Margin","Transaction Spend","USDC","-8.85541000",""
"26289805","2025-04-22 01:20:23","Isolated Margin","Transaction Buy","BTC","0.00087000",""
"26289805","2025-04-22 01:20:23","Isolated Margin","Transaction Buy","BTC","0.02172000",""
"26289805","2025-04-22 01:20:23","Isolated Margin","Transaction Spend","USDC","-10.62601080",""
"26289805","2025-04-22 01:20:23","Isolated Margin","Transaction Spend","USDC","-6.19881780",""
"26289805","2025-04-22 01:20:23","Isolated Margin","Transaction Buy","BTC","0.00012000",""
"26289805","2025-04-22 01:20:23","Isolated Margin","Transaction Fee","BTC","-7E-8",""
"26289805","2025-04-22 01:20:23","Isolated Margin","Transaction Buy","BTC","0.00009000",""
"26289805","2025-04-22 01:20:23","Isolated Margin","Transaction Spend","USDC","-8.85507200",""
"26289805","2025-04-22 01:20:23","Isolated Margin","Transaction Buy","BTC","0.00039000",""
"26289805","2025-04-22 01:20:23","Isolated Margin","Transaction Spend","USDC","-77.03850000",""
"26289805","2025-04-22 01:20:23","Isolated Margin","Transaction Spend","USDC","-7.08400080",""
"26289805","2025-04-22 01:20:23","Isolated Margin","Transaction Buy","BTC","0.00022000",""
"26289805","2025-04-22 01:20:23","Isolated Margin","Transaction Spend","USDC","-9.74060780",""
"26289805","2025-04-22 01:20:23","Isolated Margin","Transaction Spend","USDC","-6.19862180",""
"26289805","2025-04-22 01:20:23","Isolated Margin","Transaction Fee","BTC","-0.00000438",""
"26289805","2025-04-22 01:20:23","Isolated Margin","Transaction Buy","BTC","0.00461000",""
"26289805","2025-04-22 01:20:23","Isolated Margin","Transaction Buy","BTC","0.00010000",""
"26289805","2025-04-22 01:20:23","Isolated Margin","Transaction Fee","BTC","-1.3E-7",""
"26289805","2025-04-22 01:20:23","Isolated Margin","Transaction Fee","BTC","-1.0E-7",""
"26289805","2025-04-22 03:44:20","Spot","Simple Earn Flexible Interest","BTC","6E-8","Binance Earn"
"26289805","2025-04-22 18:24:28","Spot","Simple Earn Flexible Subscription","BTC","-6E-8","Binance Earn"
"26289805","2025-04-22 21:24:08","Spot","Simple Earn Flexible Redemption","BTC","0.00300000","Binance Earn"
"26289805","2025-04-22 21:24:31","Spot","Transfer Between Main Account/Futures and Margin Account","BTC","-0.00300000",""
"26289805","2025-04-22 21:24:31","Isolated Margin","Transfer Between Main Account/Futures and Margin Account","BTC","0.00300000",""
"26289805","2025-04-22 21:25:17","Isolated Margin","Transaction Revenue","USDC","6405.56000000",""
"26289805","2025-04-22 21:25:17","Isolated Margin","Transaction Sold","BTC","-0.07000000",""
"26289805","2025-04-22 21:25:17","Isolated Margin","Isolated Margin Loan","BTC","0.06605420",""
"26289805","2025-04-22 21:25:17","Isolated Margin","Transaction Fee","USDC","-6.08528200",""
"26289805","2025-04-23 04:50:06","Spot","Simple Earn Flexible Interest","BTC","6E-8","Binance Earn"
"26289805","2025-04-23 18:22:39","Spot","Simple Earn Flexible Subscription","BTC","-6E-8","Binance Earn"
"26289805","2025-04-24 03:18:41","Spot","Simple Earn Flexible Interest","BTC","6E-8","Binance Earn"
"26289805","2025-04-24 03:21:59","Spot","Simple Earn Flexible Subscription","BTC","-6E-8","Binance Earn"
"26289805","2025-04-25 04:20:08","Spot","Simple Earn Flexible Interest","BTC","6E-8","Binance Earn"
"26289805","2025-04-25 14:55:32","Isolated Margin","Transaction Spend","USDC","-49.76400000",""
"26289805","2025-04-25 14:55:32","Isolated Margin","Transaction Fee","BTC","-1.0E-7",""
"26289805","2025-04-25 14:55:32","Isolated Margin","Transaction Buy","BTC","0.00015000",""
"26289805","2025-04-25 14:55:32","Isolated Margin","Transaction Buy","BTC","0.00842000",""
"26289805","2025-04-25 14:55:32","Isolated Margin","Transaction Fee","BTC","-0.00000800",""
"26289805","2025-04-25 14:55:32","Isolated Margin","Transaction Fee","BTC","-0.00000285",""
"26289805","2025-04-25 14:55:32","Isolated Margin","Transaction Spend","USDC","-99.52800000",""
"26289805","2025-04-25 14:55:32","Isolated Margin","Transaction Fee","BTC","-9.9E-7",""
"26289805","2025-04-25 14:55:32","Isolated Margin","Transaction Fee","BTC","-0.00000250",""
"26289805","2025-04-25 14:55:32","Isolated Margin","Transaction Buy","BTC","0.00052000",""
"26289805","2025-04-25 14:55:32","Isolated Margin","Transaction Buy","BTC","0.00106000",""
"26289805","2025-04-25 14:55:32","Isolated Margin","Transaction Buy","BTC","0.01159000",""
"26289805","2025-04-25 14:55:32","Isolated Margin","Transaction Fee","BTC","-1.4E-7",""
"26289805","2025-04-25 14:55:32","Isolated Margin","Transaction Spend","USDC","-805.79400000",""
"26289805","2025-04-25 14:55:32","Isolated Margin","Transaction Buy","BTC","0.00300000",""
"26289805","2025-04-25 14:55:32","Isolated Margin","Transaction Buy","BTC","0.02500000",""
"26289805","2025-04-25 14:55:32","Isolated Margin","Transaction Buy","BTC","0.00500000",""
"26289805","2025-04-25 14:55:32","Isolated Margin","Transaction Fee","BTC","-0.00000101",""
"26289805","2025-04-25 14:55:32","Isolated Margin","Transaction Spend","USDC","-999.10800000",""
"26289805","2025-04-25 14:55:32","Isolated Margin","Transaction Buy","BTC","0.00263000",""
"26289805","2025-04-25 14:55:32","Isolated Margin","Transaction Spend","USDC","-251.69100000",""
"26289805","2025-04-25 14:55:32","Isolated Margin","Transaction Spend","USDC","-10.52700000",""
"26289805","2025-04-25 14:55:32","Isolated Margin","Transaction Spend","USDC","-14.35500000",""
"26289805","2025-04-25 14:55:32","Isolated Margin","Transaction Spend","USDC","-99.52800000",""
"26289805","2025-04-25 14:55:32","Isolated Margin","Transaction Spend","USDC","-2392.50000000",""
"26289805","2025-04-25 14:55:32","Isolated Margin","Transaction Fee","BTC","-0.00002375",""
"26289805","2025-04-25 14:55:32","Isolated Margin","Transaction Fee","BTC","-4.9E-7",""
"26289805","2025-04-25 14:55:32","Isolated Margin","Transaction Spend","USDC","-287.10000000",""
"26289805","2025-04-25 14:55:32","Isolated Margin","Transaction Buy","BTC","0.00104000",""
"26289805","2025-04-25 14:55:32","Isolated Margin","Transaction Buy","BTC","0.01044000",""
"26289805","2025-04-25 14:55:32","Isolated Margin","Transaction Buy","BTC","0.00104000",""
"26289805","2025-04-25 14:55:32","Isolated Margin","Transaction Fee","BTC","-0.00000992",""
"26289805","2025-04-25 14:55:32","Isolated Margin","Transaction Spend","USDC","-478.50000000",""
"26289805","2025-04-25 14:55:32","Isolated Margin","Transaction Fee","BTC","-0.00000475",""
"26289805","2025-04-25 14:55:32","Isolated Margin","Transaction Spend","USDC","-1109.16300000",""
"26289805","2025-04-25 14:55:32","Isolated Margin","Transaction Buy","BTC","0.00011000",""
"26289805","2025-04-25 14:55:32","Isolated Margin","Isolated Margin Repayment","BTC","-0.06605950",""
"26289805","2025-04-25 14:55:32","Isolated Margin","Transaction Spend","USDC","-101.44200000",""
"26289805","2025-04-25 14:55:32","Isolated Margin","Transaction Fee","BTC","-9.9E-7",""
"26289805","2025-04-25 14:55:32","Isolated Margin","Transaction Fee","BTC","-0.00001101",""
"26289805","2025-04-25 18:23:43","Spot","Simple Earn Flexible Subscription","BTC","-6E-8","Binance Earn"
"26289805","2025-04-25 18:33:32","Spot","Simple Earn Flexible Redemption","BTC","0.02703207","Binance Earn"
"26289805","2025-04-25 18:45:27","Isolated Margin","Transfer Between Main Account/Futures and Margin Account","BTC","0.02703207",""
"26289805","2025-04-25 18:45:27","Spot","Transfer Between Main Account/Futures and Margin Account","BTC","-0.02703207",""
"26289805","2025-04-25 18:55:17","Isolated Margin","Transaction Revenue","USDC","4436.08424980",""
"26289805","2025-04-25 18:55:17","Isolated Margin","Transaction Fee","USDC","-0.19870479",""
"26289805","2025-04-25 18:55:17","Isolated Margin","Transaction Sold","BTC","-0.00453000",""
"26289805","2025-04-25 18:55:17","Isolated Margin","Transaction Sold","BTC","-0.00220000",""
"26289805","2025-04-25 18:55:17","Isolated Margin","Transaction Fee","USDC","-0.70449878",""
"26289805","2025-04-25 18:55:17","Isolated Margin","Transaction Revenue","USDC","96.02480060",""
"26289805","2025-04-25 18:55:17","Isolated Margin","Transaction Sold","BTC","-0.06689000",""
"26289805","2025-04-25 18:55:17","Isolated Margin","Transaction Sold","BTC","-0.04666000",""
"26289805","2025-04-25 18:55:17","Isolated Margin","Transaction Sold","BTC","-0.00006000",""
"26289805","2025-04-25 18:55:17","Isolated Margin","Transaction Revenue","USDC","14119.44271020",""
"26289805","2025-04-25 18:55:17","Isolated Margin","Transaction Fee","USDC","-1.89943711",""
"26289805","2025-04-25 18:55:17","Isolated Margin","Transaction Sold","BTC","-0.00006000",""
"26289805","2025-04-25 18:55:17","Isolated Margin","Transaction Revenue","USDC","430.68549180",""
"26289805","2025-04-25 18:55:17","Isolated Margin","Isolated Margin Loan","BTC","0.26909393",""
"26289805","2025-04-25 18:55:17","Isolated Margin","Transaction Fee","USDC","-0.00541922",""
"26289805","2025-04-25 18:55:17","Isolated Margin","Transaction Revenue","USDC","6359.50387340",""
"26289805","2025-04-25 18:55:17","Isolated Margin","Transaction Revenue","USDC","209.16293200",""
"26289805","2025-04-25 18:55:17","Isolated Margin","Transaction Fee","USDC","-0.10748122",""
"26289805","2025-04-25 18:55:17","Isolated Margin","Transaction Revenue","USDC","5.70444180",""
"26289805","2025-04-25 18:55:17","Isolated Margin","Transaction Fee","USDC","-0.09122356",""
"26289805","2025-04-25 18:55:17","Isolated Margin","Transaction Revenue","USDC","5.70444180",""
"26289805","2025-04-25 18:55:17","Isolated Margin","Transaction Revenue","USDC","1999.40748180",""
"26289805","2025-04-25 18:55:17","Isolated Margin","Transaction Sold","BTC","-0.02103000",""
"26289805","2025-04-25 18:55:17","Isolated Margin","Transaction Fee","USDC","-0.00541922",""
"26289805","2025-04-25 18:55:17","Isolated Margin","Transaction Sold","BTC","-0.00006000",""
"26289805","2025-04-25 18:55:17","Isolated Margin","Transaction Revenue","USDC","5.70444180",""
"26289805","2025-04-25 18:55:17","Isolated Margin","Transaction Fee","USDC","-0.40915122",""
"26289805","2025-04-25 18:55:17","Isolated Margin","Transaction Revenue","USDC","113.13813140",""
"26289805","2025-04-25 18:55:17","Isolated Margin","Transaction Sold","BTC","-0.00780000",""
"26289805","2025-04-25 18:55:17","Isolated Margin","Transaction Revenue","USDC","741.57766800",""
"26289805","2025-04-25 18:55:17","Isolated Margin","Transaction Fee","USDC","-0.00541922",""
"26289805","2025-04-25 18:55:17","Isolated Margin","Transaction Sold","BTC","-0.00101000",""
"26289805","2025-04-25 18:55:17","Isolated Margin","Transaction Fee","USDC","-4.21428004",""
"26289805","2025-04-25 18:55:17","Isolated Margin","Transaction Fee","USDC","-13.41347057",""
"26289805","2025-04-25 18:55:17","Isolated Margin","Transaction Sold","BTC","-0.00119000",""
"26289805","2025-04-25 18:55:17","Isolated Margin","Transaction Sold","BTC","-0.14851000",""
"26289805","2025-04-25 18:55:17","Isolated Margin","Transaction Fee","USDC","-6.04152868",""
"26289805","2025-04-25 19:02:17","Isolated Margin","Isolated Margin Loan","USDC","295.33002776",""
"26289805","2025-04-26 10:32:03","Isolated Margin","Isolated Margin Repayment","USDC","-295.33002776",""
"26289805","2025-04-26 23:01:56","Isolated Margin","Transaction Spend","USDC","-8.53714080",""
"26289805","2025-04-26 23:01:56","Isolated Margin","Transaction Buy","BTC","0.14159000",""
"26289805","2025-04-26 23:01:56","Isolated Margin","Transaction Spend","USDC","-3559.07591200",""
"26289805","2025-04-26 23:01:56","Isolated Margin","Transaction Buy","BTC","0.00007000",""
"26289805","2025-04-26 23:01:56","Isolated Margin","Transaction Fee","BTC","-6E-8",""
"26289805","2025-04-26 23:01:56","Isolated Margin","Transaction Fee","BTC","-9E-8",""
"26289805","2025-04-26 23:01:56","Isolated Margin","Transaction Fee","BTC","-6E-8",""
"26289805","2025-04-26 23:01:56","Isolated Margin","Transaction Spend","USDC","-76.83428340",""
"26289805","2025-04-26 23:01:56","Isolated Margin","Transaction Buy","BTC","0.00026000",""
"26289805","2025-04-26 23:01:56","Isolated Margin","Transaction Spend","USDC","-14.22857100",""
"26289805","2025-04-26 23:01:56","Isolated Margin","Transaction Fee","BTC","-2.5E-7",""
"26289805","2025-04-26 23:01:56","Isolated Margin","Transaction Fee","BTC","-1.4E-7",""
"26289805","2025-04-26 23:01:56","Isolated Margin","Transaction Spend","USDC","-13430.81537310",""
"26289805","2025-04-26 23:01:56","Isolated Margin","Transaction Buy","BTC","0.00015000",""
"26289805","2025-04-26 23:01:56","Isolated Margin","Transaction Buy","BTC","0.00016000",""
"26289805","2025-04-26 23:01:56","Isolated Margin","Transaction Fee","BTC","-8E-8",""
"26289805","2025-04-26 23:01:56","Isolated Margin","Transaction Fee","BTC","-0.00011153",""
"26289805","2025-04-26 23:01:56","Isolated Margin","Transaction Fee","BTC","-1.0E-7",""
"26289805","2025-04-26 23:01:56","Isolated Margin","Transaction Fee","BTC","-0.00013451",""
"26289805","2025-04-26 23:01:56","Isolated Margin","Transaction Buy","BTC","0.00199000",""
"26289805","2025-04-26 23:01:56","Isolated Margin","Transaction Fee","BTC","-0.00003564",""
"26289805","2025-04-26 23:01:56","Isolated Margin","Transaction Buy","BTC","0.00008000",""
"26289805","2025-04-26 23:01:56","Isolated Margin","Transaction Fee","BTC","-1.4E-7",""
"26289805","2025-04-26 23:01:56","Isolated Margin","Transaction Spend","USDC","-15.17714240",""
"26289805","2025-04-26 23:01:56","Isolated Margin","Transaction Fee","BTC","-1.5E-7",""
"26289805","2025-04-26 23:01:56","Isolated Margin","Transaction Fee","BTC","-0.00000189",""
"26289805","2025-04-26 23:01:56","Isolated Margin","Isolated Margin Repayment","BTC","-0.26910331",""
"26289805","2025-04-26 23:01:56","Isolated Margin","Transaction Buy","BTC","0.00006000",""
"26289805","2025-04-26 23:01:56","Isolated Margin","Transaction Spend","USDC","-5.69143500",""
"26289805","2025-04-26 23:01:56","Isolated Margin","Transaction Buy","BTC","0.03752000",""
"26289805","2025-04-26 23:01:56","Isolated Margin","Transaction Spend","USDC","-14.22857100",""
"26289805","2025-04-26 23:01:56","Isolated Margin","Transaction Spend","USDC","-10.43428540",""
"26289805","2025-04-26 23:01:56","Isolated Margin","Transaction Buy","BTC","0.00009000",""
"26289805","2025-04-26 23:01:56","Isolated Margin","Transaction Spend","USDC","-6.63999980",""
"26289805","2025-04-26 23:01:56","Isolated Margin","Transaction Buy","BTC","0.00006000",""
"26289805","2025-04-26 23:01:56","Isolated Margin","Transaction Buy","BTC","0.00081000",""
"26289805","2025-04-26 23:01:56","Isolated Margin","Transaction Spend","USDC","-188.76570860",""
"26289805","2025-04-26 23:01:56","Isolated Margin","Transaction Fee","BTC","-7.7E-7",""
"26289805","2025-04-26 23:01:56","Isolated Margin","Transaction Spend","USDC","-7.58857120",""
"26289805","2025-04-26 23:01:56","Isolated Margin","Transaction Buy","BTC","0.11740000",""
"26289805","2025-04-26 23:01:56","Isolated Margin","Transaction Spend","USDC","-24.66284600",""
"26289805","2025-04-26 23:01:56","Isolated Margin","Transaction Buy","BTC","0.00015000",""
"26289805","2025-04-26 23:01:56","Isolated Margin","Transaction Spend","USDC","-11135.39000000",""
"26289805","2025-04-26 23:01:56","Isolated Margin","Transaction Spend","USDC","-5.69142600",""
"26289805","2025-04-26 23:01:56","Isolated Margin","Transaction Buy","BTC","0.00011000",""
"26289805","2025-04-26 23:01:56","Isolated Margin","Transaction Fee","BTC","-7E-8",""
"26289805","2025-04-28 19:29:45","Isolated Margin","Transaction Fee","USDC","-0.07107939",""
"26289805","2025-04-28 19:29:45","Isolated Margin","Transaction Fee","USDC","-10.89584062",""
"26289805","2025-04-28 19:29:45","Isolated Margin","Transaction Sold","BTC","-0.06190000",""
"26289805","2025-04-28 19:29:45","Isolated Margin","Transaction Sold","BTC","-0.00079000",""
"26289805","2025-04-28 19:29:45","Isolated Margin","Transaction Sold","BTC","-0.02023000",""
"26289805","2025-04-28 19:29:45","Isolated Margin","Transaction Fee","USDC","-5.56938509",""
"26289805","2025-04-28 19:29:45","Isolated Margin","Transaction Sold","BTC","-0.12110000",""
"26289805","2025-04-28 19:29:45","Isolated Margin","Transaction Revenue","USDC","11469.30591800",""
"26289805","2025-04-28 19:29:45","Isolated Margin","Transaction Sold","BTC","-0.08920000",""
"26289805","2025-04-28 19:29:45","Isolated Margin","Transaction Revenue","USDC","5862.51062200",""
"26289805","2025-04-28 19:29:45","Isolated Margin","Isolated Margin Loan","BTC","0.26888879",""
"26289805","2025-04-28 19:29:45","Isolated Margin","Transaction Fee","USDC","-0.61002312",""
"26289805","2025-04-28 19:29:45","Isolated Margin","Transaction Revenue","USDC","74.82041020",""
"26289805","2025-04-28 19:29:45","Isolated Margin","Transaction Revenue","USDC","8448.07669600",""
"26289805","2025-04-28 19:29:45","Isolated Margin","Transaction Revenue","USDC","642.12959640",""
"26289805","2025-04-28 19:29:45","Isolated Margin","Transaction Fee","USDC","-1.82017222",""
"26289805","2025-04-28 19:29:45","Isolated Margin","Transaction Sold","BTC","-0.00678000",""
"26289805","2025-04-28 19:29:45","Isolated Margin","Transaction Fee","USDC","-8.02567286",""
"26289805","2025-04-28 19:29:45","Isolated Margin","Transaction Revenue","USDC","1915.97075740",""
"26289805","2025-04-28 19:37:56","Isolated Margin","Isolated Margin Loan","USDC","282.55196676",""
"26289805","2025-04-29 23:21:30","Isolated Margin","Isolated Margin Repayment","USDC","-282.55196676",""
"26289805","2025-04-29 23:22:44","Isolated Margin","Transaction Buy","BTC","0.00468000",""
"26289805","2025-04-29 23:22:44","Isolated Margin","Transaction Buy","BTC","0.00170000",""
"26289805","2025-04-29 23:22:44","Isolated Margin","Transaction Spend","USDC","-5927.74020000",""
"26289805","2025-04-29 23:22:44","Isolated Margin","Transaction Buy","BTC","0.05910000",""
"26289805","2025-04-29 23:22:44","Isolated Margin","Transaction Fee","BTC","-0.00000445",""
"26289805","2025-04-29 23:22:44","Isolated Margin","Transaction Spend","USDC","-5.63651940",""
"26289805","2025-04-29 23:22:44","Isolated Margin","Transaction Buy","BTC","0.00006000",""
"26289805","2025-04-29 23:22:44","Isolated Margin","Transaction Fee","BTC","-0.00000285",""
"26289805","2025-04-29 23:22:44","Isolated Margin","Transaction Spend","USDC","-5.63663940",""
"26289805","2025-04-29 23:22:44","Isolated Margin","Transaction Spend","USDC","-13791.60593470",""
"26289805","2025-04-29 23:22:44","Isolated Margin","Transaction Spend","USDC","-281.82600000",""
"26289805","2025-04-29 23:22:44","Isolated Margin","Transaction Buy","BTC","0.00006000",""
"26289805","2025-04-29 23:22:44","Isolated Margin","Transaction Buy","BTC","0.00030000",""
"26289805","2025-04-29 23:22:44","Isolated Margin","Transaction Spend","USDC","-10.33360570",""
"26289805","2025-04-29 23:22:44","Isolated Margin","Transaction Fee","BTC","-2.9E-7",""
"26289805","2025-04-29 23:22:44","Isolated Margin","Transaction Fee","BTC","-6E-8",""
"26289805","2025-04-29 23:22:44","Isolated Margin","Transaction Buy","BTC","0.02128000",""
"26289805","2025-04-29 23:22:44","Isolated Margin","Transaction Buy","BTC","0.00011000",""
"26289805","2025-04-29 23:22:44","Isolated Margin","Transaction Spend","USDC","-439.65792000",""
"26289805","2025-04-29 23:22:44","Isolated Margin","Transaction Spend","USDC","-5551.96451700",""
"26289805","2025-04-29 23:22:44","Isolated Margin","Transaction Buy","BTC","0.14681000",""
"26289805","2025-04-29 23:22:44","Isolated Margin","Transaction Fee","BTC","-0.00002022",""
"26289805","2025-04-29 23:22:44","Isolated Margin","Transaction Spend","USDC","-28.18256100",""
"26289805","2025-04-29 23:22:44","Isolated Margin","Transaction Fee","BTC","-0.00000162",""
"26289805","2025-04-29 23:22:44","Isolated Margin","Transaction Fee","BTC","-0.00005995",""
"26289805","2025-04-29 23:22:44","Isolated Margin","Transaction Fee","BTC","-1.0E-7",""
"26289805","2025-04-29 23:22:44","Isolated Margin","Isolated Margin Repayment","BTC","-0.26889807",""
"26289805","2025-04-29 23:22:44","Isolated Margin","Transaction Buy","BTC","0.00030000",""
"26289805","2025-04-29 23:22:44","Isolated Margin","Transaction Spend","USDC","-1999.08682400",""
"26289805","2025-04-29 23:22:44","Isolated Margin","Transaction Buy","BTC","0.06310000",""
"26289805","2025-04-29 23:22:44","Isolated Margin","Transaction Fee","BTC","-6E-8",""
"26289805","2025-04-29 23:22:44","Isolated Margin","Transaction Fee","BTC","-0.00005615",""
"26289805","2025-04-29 23:22:44","Isolated Margin","Transaction Buy","BTC","0.00300000",""
"26289805","2025-04-29 23:22:44","Isolated Margin","Transaction Spend","USDC","-159.70117900",""
"26289805","2025-04-29 23:22:44","Isolated Margin","Transaction Spend","USDC","-28.18256100",""
"26289805","2025-04-29 23:22:44","Isolated Margin","Transaction Fee","BTC","-0.00013947",""
"26289805","2025-04-29 23:22:44","Isolated Margin","Transaction Fee","BTC","-2.9E-7",""
"26289805","2025-04-29 23:26:54","Isolated Margin","Isolated Margin Loan","BTC","0.26868358",""
"26289805","2025-04-30 00:34:30","Isolated Margin","Transaction Fee","USDC","-1.32667680",""
"26289805","2025-04-30 00:34:30","Isolated Margin","Transaction Revenue","USDC","1326.67680000",""
"26289805","2025-04-30 00:34:30","Isolated Margin","Transaction Fee","USDC","-2.41695360",""
"26289805","2025-04-30 00:34:30","Isolated Margin","Transaction Fee","USDC","-0.04255200",""
"26289805","2025-04-30 00:34:30","Isolated Margin","Transaction Revenue","USDC","42.55200000",""
"26289805","2025-04-30 00:34:30","Isolated Margin","Transaction Sold","BTC","-0.02556000",""
"26289805","2025-04-30 00:34:30","Isolated Margin","Transaction Sold","BTC","-0.00045000",""
"26289805","2025-04-30 00:34:30","Isolated Margin","Transaction Revenue","USDC","2416.95360000",""
"26289805","2025-04-30 00:34:30","Isolated Margin","Transaction Sold","BTC","-0.01403000",""
"26289805","2025-04-30 00:34:32","Isolated Margin","Transaction Fee","USDC","-0.08604960",""
"26289805","2025-04-30 00:34:32","Isolated Margin","Transaction Sold","BTC","-0.00091000",""
"26289805","2025-04-30 00:34:32","Isolated Margin","Transaction Revenue","USDC","86.04960000",""
"26289805","2025-04-30 00:34:34","Isolated Margin","Transaction Fee","USDC","-2.19757440",""
"26289805","2025-04-30 00:34:34","Isolated Margin","Transaction Sold","BTC","-0.03314000",""
"26289805","2025-04-30 00:34:34","Isolated Margin","Transaction Revenue","USDC","3133.71840000",""
"26289805","2025-04-30 00:34:34","Isolated Margin","Transaction Revenue","USDC","4728.00000000",""
"26289805","2025-04-30 00:34:34","Isolated Margin","Transaction Fee","USDC","-4.72800000",""
"26289805","2025-04-30 00:34:34","Isolated Margin","Transaction Sold","BTC","-0.12400000",""
"26289805","2025-04-30 00:34:34","Isolated Margin","Transaction Revenue","USDC","11725.44000000",""
"26289805","2025-04-30 00:34:34","Isolated Margin","Transaction Sold","BTC","-0.02867000",""
"26289805","2025-04-30 00:34:34","Isolated Margin","Transaction Fee","USDC","-11.72544000",""
"26289805","2025-04-30 00:34:34","Isolated Margin","Transaction Sold","BTC","-0.02324000",""
"26289805","2025-04-30 00:34:34","Isolated Margin","Transaction Revenue","USDC","2197.57440000",""
"26289805","2025-04-30 00:34:34","Isolated Margin","Transaction Sold","BTC","-0.05000000",""
"26289805","2025-04-30 00:34:34","Isolated Margin","Transaction Fee","USDC","-3.13371840",""
"26289805","2025-04-30 00:34:34","Isolated Margin","Transaction Revenue","USDC","2711.03520000",""
"26289805","2025-04-30 00:34:34","Isolated Margin","Transaction Fee","USDC","-2.71103520",""
"26289805","2025-04-30 06:30:46","Isolated Margin","Isolated Margin Loan","USDC","124.66692796",""
"26289805","2025-05-01 11:09:33","Isolated Margin","Isolated Margin Repayment","USDC","-124.76411205",""
"26289805","2025-05-01 13:23:07","Isolated Margin","Transaction Buy","BTC","0.00222000",""
"26289805","2025-05-01 13:23:07","Isolated Margin","Transaction Buy","BTC","0.00020000",""
"26289805","2025-05-01 13:23:07","Isolated Margin","Transaction Fee","BTC","-8E-8",""
"26289805","2025-05-01 13:23:07","Isolated Margin","Transaction Buy","BTC","0.00015000",""
"26289805","2025-05-01 13:23:07","Isolated Margin","Transaction Spend","USDC","-359.57151720",""
"26289805","2025-05-01 13:23:07","Isolated Margin","Transaction Spend","USDC","-5.79958980",""
"26289805","2025-05-01 13:23:07","Isolated Margin","Transaction Spend","USDC","-57.99849000",""
"26289805","2025-05-01 13:23:07","Isolated Margin","Transaction Buy","BTC","0.00014000",""
"26289805","2025-05-01 13:23:07","Isolated Margin","Transaction Fee","BTC","-1.1E-7",""
"26289805","2025-05-01 13:23:07","Isolated Margin","Transaction Buy","BTC","0.00010000",""
"26289805","2025-05-01 13:23:07","Isolated Margin","Transaction Fee","BTC","-0.00001014",""
"26289805","2025-05-01 13:23:07","Isolated Margin","Transaction Fee","BTC","-0.00000227",""
"26289805","2025-05-01 13:23:07","Isolated Margin","Transaction Fee","BTC","-1.5E-7",""
"26289805","2025-05-01 13:23:07","Isolated Margin","Transaction Buy","BTC","0.00372000",""
"26289805","2025-05-01 13:23:07","Isolated Margin","Transaction Spend","USDC","-7.73222000",""
"26289805","2025-05-01 13:23:07","Isolated Margin","Transaction Spend","USDC","-8544.03680000",""
"26289805","2025-05-01 13:23:07","Isolated Margin","Transaction Fee","BTC","-1.3E-7",""
"26289805","2025-05-01 13:23:07","Isolated Margin","Transaction Fee","BTC","-0.00000475",""
"26289805","2025-05-01 13:23:07","Isolated Margin","Transaction Spend","USDC","-9.66591000",""
"26289805","2025-05-01 13:23:07","Isolated Margin","Transaction Spend","USDC","-38.66584000",""
"26289805","2025-05-01 13:23:07","Isolated Margin","Transaction Spend","USDC","-68.62995610",""
"26289805","2025-05-01 13:23:07","Isolated Margin","Transaction Buy","BTC","0.00037000",""
"26289805","2025-05-01 13:23:07","Isolated Margin","Transaction Spend","USDC","-9.66591000",""
"26289805","2025-05-01 13:23:07","Isolated Margin","Transaction Buy","BTC","0.00006000",""
"26289805","2025-05-01 13:23:07","Isolated Margin","Transaction Spend","USDC","-26.09628570",""
"26289805","2025-05-01 13:23:07","Isolated Margin","Transaction Buy","BTC","0.00007000",""
"26289805","2025-05-01 13:23:07","Isolated Margin","Transaction Spend","USDC","-7.73237360",""
"26289805","2025-05-01 13:23:07","Isolated Margin","Transaction Buy","BTC","0.00184000",""
"26289805","2025-05-01 13:23:07","Isolated Margin","Transaction Buy","BTC","0.00025000",""
"26289805","2025-05-01 13:23:07","Isolated Margin","Transaction Buy","BTC","0.00050000",""
"26289805","2025-05-01 13:23:07","Isolated Margin","Transaction Fee","BTC","-6E-8",""
"26289805","2025-05-01 13:23:07","Isolated Margin","Transaction Spend","USDC","-11.59959720",""
"26289805","2025-05-01 13:23:07","Isolated Margin","Transaction Spend","USDC","-83.12057380",""
"26289805","2025-05-01 13:23:07","Isolated Margin","Transaction Fee","BTC","-3.8E-7",""
"26289805","2025-05-01 13:23:07","Isolated Margin","Transaction Spend","USDC","-6.76565190",""
"26289805","2025-05-01 13:23:07","Isolated Margin","Transaction Fee","BTC","-1.0E-7",""
"26289805","2025-05-01 13:23:07","Isolated Margin","Transaction Spend","USDC","-86.02740000",""
"26289805","2025-05-01 13:23:07","Isolated Margin","Transaction Buy","BTC","0.00071000",""
"26289805","2025-05-01 13:23:07","Isolated Margin","Transaction Spend","USDC","-6.76628680",""
"26289805","2025-05-01 13:23:07","Isolated Margin","Transaction Fee","BTC","-1.3E-7",""
"26289805","2025-05-01 13:23:07","Isolated Margin","Transaction Fee","BTC","-6E-8",""
"26289805","2025-05-01 13:23:07","Isolated Margin","Transaction Fee","BTC","-0.00000811",""
"26289805","2025-05-01 13:23:07","Isolated Margin","Transaction Fee","BTC","-1.6E-7",""
"26289805","2025-05-01 13:23:07","Isolated Margin","Transaction Fee","BTC","-0.00008398",""
"26289805","2025-05-01 13:23:07","Isolated Margin","Transaction Spend","USDC","-14.49826050",""
"26289805","2025-05-01 13:23:07","Isolated Margin","Transaction Spend","USDC","-214.57654200",""
"26289805","2025-05-01 13:23:07","Isolated Margin","Transaction Buy","BTC","0.00394000",""
"26289805","2025-05-01 13:23:07","Isolated Margin","Transaction Buy","BTC","0.00100000",""
"26289805","2025-05-01 13:23:07","Isolated Margin","Transaction Buy","BTC","0.00011000",""
"26289805","2025-05-01 13:23:07","Isolated Margin","Transaction Buy","BTC","0.00010000",""
"26289805","2025-05-01 13:23:07","Isolated Margin","Transaction Fee","BTC","-7E-8",""
"26289805","2025-05-01 13:23:07","Isolated Margin","Transaction Spend","USDC","-5.79953280",""
"26289805","2025-05-01 13:23:07","Isolated Margin","Transaction Fee","BTC","-9.5E-7",""
"26289805","2025-05-01 13:23:07","Isolated Margin","Transaction Buy","BTC","0.00591000",""
"26289805","2025-05-01 13:23:07","Isolated Margin","Transaction Spend","USDC","-147.89362500",""
"26289805","2025-05-01 13:23:07","Isolated Margin","Transaction Fee","BTC","-1.4E-7",""
"26289805","2025-05-01 13:23:07","Isolated Margin","Transaction Spend","USDC","-5.79978000",""
"26289805","2025-05-01 13:23:07","Isolated Margin","Transaction Buy","BTC","0.00039000",""
"26289805","2025-05-01 13:23:07","Isolated Margin","Transaction Buy","BTC","0.00017000",""
"26289805","2025-05-01 13:23:07","Isolated Margin","Transaction Spend","USDC","-15.46545600",""
"26289805","2025-05-01 13:23:07","Isolated Margin","Transaction Fee","BTC","-0.00000175",""
"26289805","2025-05-01 13:23:07","Isolated Margin","Transaction Fee","BTC","-0.00000211",""
"26289805","2025-05-01 13:23:07","Isolated Margin","Transaction Fee","BTC","-1.4E-7",""
"26289805","2025-05-01 13:23:07","Isolated Margin","Transaction Fee","BTC","-1.0E-7",""
"26289805","2025-05-01 13:23:07","Isolated Margin","Transaction Spend","USDC","-483.25000000",""
"26289805","2025-05-01 13:23:07","Isolated Margin","Transaction Spend","USDC","-13.53220120",""
"26289805","2025-05-01 13:23:07","Isolated Margin","Transaction Fee","BTC","-8E-8",""
"26289805","2025-05-01 13:23:07","Isolated Margin","Transaction Fee","BTC","-2.6E-7",""
"26289805","2025-05-01 13:23:07","Isolated Margin","Transaction Buy","BTC","0.00027000",""
"26289805","2025-05-01 13:23:07","Isolated Margin","Transaction Buy","BTC","0.00007000",""
"26289805","2025-05-01 13:23:07","Isolated Margin","Transaction Spend","USDC","-6.76622030",""
"26289805","2025-05-01 13:23:07","Isolated Margin","Transaction Buy","BTC","0.00016000",""
"26289805","2025-05-01 13:23:07","Isolated Margin","Transaction Buy","BTC","0.00006000",""
"26289805","2025-05-01 13:23:07","Isolated Margin","Transaction Spend","USDC","-18.36375840",""
"26289805","2025-05-01 13:23:07","Isolated Margin","Transaction Spend","USDC","-6.76551470",""
"26289805","2025-05-01 13:23:07","Isolated Margin","Transaction Spend","USDC","-132.42476170",""
"26289805","2025-05-01 13:23:07","Isolated Margin","Transaction Spend","USDC","-14.49808050",""
"26289805","2025-05-01 13:23:07","Isolated Margin","Transaction Spend","USDC","-16.43262330",""
"26289805","2025-05-01 13:23:07","Isolated Margin","Transaction Buy","BTC","0.00006000",""
"26289805","2025-05-01 13:23:07","Isolated Margin","Transaction Buy","BTC","0.00040000",""
"26289805","2025-05-01 13:23:07","Isolated Margin","Transaction Fee","BTC","-1.4E-7",""
"26289805","2025-05-01 13:23:07","Isolated Margin","Transaction Buy","BTC","0.00020000",""
"26289805","2025-05-01 13:23:07","Isolated Margin","Transaction Fee","BTC","-8.5E-7",""
"26289805","2025-05-01 13:23:07","Isolated Margin","Transaction Buy","BTC","0.00006000",""
"26289805","2025-05-01 13:23:07","Isolated Margin","Transaction Buy","BTC","0.00012000",""
"26289805","2025-05-01 13:23:07","Isolated Margin","Transaction Fee","BTC","-0.00000130",""
"26289805","2025-05-01 13:23:07","Isolated Margin","Transaction Fee","BTC","-8.2E-7",""
"26289805","2025-05-01 13:23:07","Isolated Margin","Transaction Spend","USDC","-5.79977460",""
"26289805","2025-05-01 13:23:07","Isolated Margin","Transaction Spend","USDC","-5.79934620",""
"26289805","2025-05-01 13:23:07","Isolated Margin","Transaction Spend","USDC","-9.66580200",""
"26289805","2025-05-01 13:23:07","Isolated Margin","Transaction Buy","BTC","0.00137000",""
"26289805","2025-05-01 13:23:07","Isolated Margin","Transaction Buy","BTC","0.00854000",""
"26289805","2025-05-01 13:23:07","Isolated Margin","Transaction Fee","BTC","-1.4E-7",""
"26289805","2025-05-01 13:23:07","Isolated Margin","Transaction Fee","BTC","-4.7E-7",""
"26289805","2025-05-01 13:23:07","Isolated Margin","Transaction Spend","USDC","-7.73301760",""
"26289805","2025-05-01 13:23:07","Isolated Margin","Transaction Fee","BTC","-0.00008398",""
"26289805","2025-05-01 13:23:07","Isolated Margin","Transaction Fee","BTC","-6E-8",""
"26289805","2025-05-01 13:23:07","Isolated Margin","Transaction Buy","BTC","0.00008000",""
"26289805","2025-05-01 13:23:07","Isolated Margin","Transaction Fee","BTC","-8E-8",""
"26289805","2025-05-01 13:23:07","Isolated Margin","Transaction Buy","BTC","0.00049000",""
"26289805","2025-05-01 13:23:07","Isolated Margin","Transaction Spend","USDC","-380.84036060",""
"26289805","2025-05-01 13:23:07","Isolated Margin","Transaction Spend","USDC","-48.32500000",""
"26289805","2025-05-01 13:23:07","Isolated Margin","Transaction Buy","BTC","0.00008000",""
"26289805","2025-05-01 13:23:07","Isolated Margin","Transaction Buy","BTC","0.00060000",""
"26289805","2025-05-01 13:23:07","Isolated Margin","Transaction Fee","BTC","-6E-8",""
"26289805","2025-05-01 13:23:07","Isolated Margin","Transaction Buy","BTC","0.08840000",""
"26289805","2025-05-01 13:23:07","Isolated Margin","Transaction Buy","BTC","0.00008000",""
"26289805","2025-05-01 13:23:07","Isolated Margin","Transaction Fee","BTC","-7E-8",""
"26289805","2025-05-01 13:23:07","Isolated Margin","Transaction Spend","USDC","-14.49833400",""
"26289805","2025-05-01 13:23:07","Isolated Margin","Transaction Spend","USDC","-19.33154000",""
"26289805","2025-05-01 13:23:07","Isolated Margin","Transaction Fee","BTC","-1.0E-7",""
"26289805","2025-05-01 13:23:07","Isolated Margin","Transaction Fee","BTC","-1.9E-7",""
"26289805","2025-05-01 13:23:07","Isolated Margin","Transaction Spend","USDC","-24.16274500",""
"26289805","2025-05-01 13:23:07","Isolated Margin","Transaction Buy","BTC","0.00048000",""
"26289805","2025-05-01 13:23:07","Isolated Margin","Transaction Spend","USDC","-35.76420000",""
"26289805","2025-05-01 13:23:07","Isolated Margin","Transaction Fee","BTC","-9E-8",""
"26289805","2025-05-01 13:23:07","Isolated Margin","Transaction Spend","USDC","-177.83953280",""
"26289805","2025-05-01 13:23:07","Isolated Margin","Transaction Spend","USDC","-8543.86000000",""
"26289805","2025-05-01 13:23:07","Isolated Margin","Transaction Buy","BTC","0.00008000",""
"26289805","2025-05-01 13:23:07","Isolated Margin","Transaction Spend","USDC","-6.76651570",""
"26289805","2025-05-01 13:23:07","Isolated Margin","Transaction Fee","BTC","-0.00000374",""
"26289805","2025-05-01 13:23:07","Isolated Margin","Transaction Fee","BTC","-8E-8",""
"26289805","2025-05-01 13:23:07","Isolated Margin","Transaction Spend","USDC","-6.76556510",""
"26289805","2025-05-01 13:23:07","Isolated Margin","Transaction Fee","BTC","-6E-8",""
"26289805","2025-05-01 13:23:07","Isolated Margin","Transaction Buy","BTC","0.00007000",""
"26289805","2025-05-01 13:23:07","Isolated Margin","Transaction Fee","BTC","-6.7E-7",""
"26289805","2025-05-01 13:23:07","Isolated Margin","Transaction Fee","BTC","-0.00000145",""
"26289805","2025-05-01 13:23:07","Isolated Margin","Transaction Buy","BTC","0.00015000",""
"26289805","2025-05-01 13:23:07","Isolated Margin","Transaction Fee","BTC","-1.0E-7",""
"26289805","2025-05-01 13:23:07","Isolated Margin","Transaction Buy","BTC","0.00019000",""
"26289805","2025-05-01 13:23:07","Isolated Margin","Transaction Buy","BTC","0.00006000",""
"26289805","2025-05-01 13:23:07","Isolated Margin","Transaction Buy","BTC","0.00015000",""
"26289805","2025-05-01 13:23:07","Isolated Margin","Transaction Fee","BTC","-7E-8",""
"26289805","2025-05-01 13:23:07","Isolated Margin","Transaction Fee","BTC","-6E-8",""
"26289805","2025-05-01 13:23:07","Isolated Margin","Transaction Fee","BTC","-3.5E-7",""
"26289805","2025-05-01 13:23:07","Isolated Margin","Transaction Spend","USDC","-5.79963300",""
"26289805","2025-05-01 13:23:07","Isolated Margin","Transaction Spend","USDC","-19.33205800",""
"26289805","2025-05-01 13:23:07","Isolated Margin","Transaction Spend","USDC","-35.76050000",""
"26289805","2025-05-01 13:23:07","Isolated Margin","Transaction Buy","BTC","0.00032000",""
"26289805","2025-05-01 13:23:07","Isolated Margin","Transaction Buy","BTC","0.02114000",""
"26289805","2025-05-01 13:23:07","Isolated Margin","Transaction Fee","BTC","-8E-8",""
"26289805","2025-05-01 13:23:07","Isolated Margin","Transaction Buy","BTC","0.00153000",""
"26289805","2025-05-01 13:23:07","Isolated Margin","Transaction Buy","BTC","0.00015000",""
"26289805","2025-05-01 13:23:07","Isolated Margin","Transaction Fee","BTC","-0.00000353",""
"26289805","2025-05-01 13:23:07","Isolated Margin","Transaction Buy","BTC","0.00007000",""
"26289805","2025-05-01 13:23:07","Isolated Margin","Transaction Buy","BTC","0.01000000",""
"26289805","2025-05-01 13:23:07","Isolated Margin","Transaction Fee","BTC","-1.4E-7",""
"26289805","2025-05-01 13:23:07","Isolated Margin","Transaction Buy","BTC","0.00006000",""
"26289805","2025-05-01 13:23:07","Isolated Margin","Transaction Buy","BTC","0.00007000",""
"26289805","2025-05-01 13:23:07","Isolated Margin","Transaction Spend","USDC","-231.00740980",""
"26289805","2025-05-01 13:23:07","Isolated Margin","Transaction Fee","BTC","-8E-8",""
"26289805","2025-05-01 13:23:07","Isolated Margin","Isolated Margin Repayment","BTC","-0.26869606",""
"26289805","2025-05-01 13:23:07","Isolated Margin","Transaction Buy","BTC","0.00015000",""
"26289805","2025-05-01 13:23:07","Isolated Margin","Transaction Fee","BTC","-3.7E-7",""
"26289805","2025-05-01 13:23:07","Isolated Margin","Transaction Spend","USDC","-966.56000000",""
"26289805","2025-05-01 13:23:07","Isolated Margin","Transaction Fee","BTC","-1.9E-7",""
"26289805","2025-05-01 13:23:07","Isolated Margin","Transaction Spend","USDC","-571.20150000",""
"26289805","2025-05-01 13:23:07","Isolated Margin","Transaction Spend","USDC","-10.63196200",""
"26289805","2025-05-01 13:23:07","Isolated Margin","Transaction Fee","BTC","-0.00000135",""
"26289805","2025-05-01 13:23:07","Isolated Margin","Transaction Spend","USDC","-7.73217360",""
"26289805","2025-05-01 13:23:07","Isolated Margin","Transaction Spend","USDC","-5.79977460",""
"26289805","2025-05-01 13:23:07","Isolated Margin","Transaction Buy","BTC","0.00086000",""
"26289805","2025-05-01 13:23:07","Isolated Margin","Transaction Spend","USDC","-37.69917060",""
"26289805","2025-05-01 13:23:07","Isolated Margin","Transaction Buy","BTC","0.00010000",""
"26289805","2025-05-01 13:23:07","Isolated Margin","Transaction Fee","BTC","-1.4E-7",""
"26289805","2025-05-01 13:23:07","Isolated Margin","Transaction Fee","BTC","-6E-8",""
"26289805","2025-05-01 13:23:07","Isolated Margin","Transaction Fee","BTC","-6E-8",""
"26289805","2025-05-01 13:23:07","Isolated Margin","Transaction Spend","USDC","-14.49948300",""
"26289805","2025-05-01 13:23:07","Isolated Margin","Transaction Buy","BTC","0.01067000",""
"26289805","2025-05-01 13:23:07","Isolated Margin","Transaction Spend","USDC","-6.76578280",""
"26289805","2025-05-01 13:23:07","Isolated Margin","Transaction Fee","BTC","-4.8E-7",""
"26289805","2025-05-01 13:23:07","Isolated Margin","Transaction Spend","USDC","-13.53280740",""
"26289805","2025-05-01 13:23:07","Isolated Margin","Transaction Buy","BTC","0.00089000",""
"26289805","2025-05-01 13:23:07","Isolated Margin","Transaction Fee","BTC","-3.0E-7",""
"26289805","2025-05-01 13:23:07","Isolated Margin","Transaction Spend","USDC","-14.49918750",""
"26289805","2025-05-01 13:23:07","Isolated Margin","Transaction Spend","USDC","-14.49887850",""
"26289805","2025-05-01 13:23:07","Isolated Margin","Transaction Fee","BTC","-7E-8",""
"26289805","2025-05-01 13:23:07","Isolated Margin","Transaction Spend","USDC","-5.79960000",""
"26289805","2025-05-01 13:23:07","Isolated Margin","Transaction Buy","BTC","0.00037000",""
"26289805","2025-05-01 13:23:07","Isolated Margin","Transaction Fee","BTC","-0.00000950",""
"26289805","2025-05-01 13:23:07","Isolated Margin","Transaction Buy","BTC","0.00500000",""
"26289805","2025-05-01 13:23:07","Isolated Margin","Transaction Buy","BTC","0.00007000",""
"26289805","2025-05-01 13:23:07","Isolated Margin","Transaction Fee","BTC","-4.6E-7",""
"26289805","2025-05-01 13:23:07","Isolated Margin","Transaction Buy","BTC","0.00006000",""
"26289805","2025-05-01 13:23:07","Isolated Margin","Transaction Fee","BTC","-0.00002008",""
"26289805","2025-05-01 13:23:07","Isolated Margin","Transaction Fee","BTC","-7E-8",""
"26289805","2025-05-01 13:23:07","Isolated Margin","Transaction Spend","USDC","-7.73303360",""
"26289805","2025-05-01 13:23:07","Isolated Margin","Transaction Fee","BTC","-7E-8",""
"26289805","2025-05-01 13:23:07","Isolated Margin","Transaction Buy","BTC","0.00015000",""
"26289805","2025-05-01 13:23:07","Isolated Margin","Transaction Spend","USDC","-137.25303940",""
"26289805","2025-05-01 13:23:07","Isolated Margin","Transaction Spend","USDC","-47.36366950",""
"26289805","2025-05-01 13:23:07","Isolated Margin","Transaction Fee","BTC","-1.0E-7",""
"26289805","2025-05-01 13:23:07","Isolated Margin","Transaction Spend","USDC","-6.76560010",""
"26289805","2025-05-01 13:23:07","Isolated Margin","Transaction Buy","BTC","0.00006000",""
"26289805","2025-05-01 13:23:07","Isolated Margin","Transaction Fee","BTC","-5.7E-7",""
"26289805","2025-05-01 13:23:07","Isolated Margin","Transaction Fee","BTC","-2.6E-7",""
"26289805","2025-05-01 13:23:07","Isolated Margin","Transaction Buy","BTC","0.08840000",""
"26289805","2025-05-01 13:23:07","Isolated Margin","Transaction Buy","BTC","0.00010000",""
"26289805","2025-05-01 13:23:07","Isolated Margin","Transaction Buy","BTC","0.00239000",""
"26289805","2025-05-01 13:23:07","Isolated Margin","Transaction Fee","BTC","-1.8E-7",""
"26289805","2025-05-01 13:23:07","Isolated Margin","Transaction Buy","BTC","0.00008000",""
"26289805","2025-05-01 13:23:07","Isolated Margin","Transaction Spend","USDC","-1031.38354000",""
"26289805","2025-05-01 13:23:07","Isolated Margin","Transaction Buy","BTC","0.00007000",""
"26289805","2025-05-01 13:23:07","Isolated Margin","Transaction Spend","USDC","-7.73296960",""
"26289805","2025-05-01 13:23:07","Isolated Margin","Transaction Buy","BTC","0.00014000",""
"26289805","2025-05-01 13:23:07","Isolated Margin","Transaction Buy","BTC","0.00142000",""
"26289805","2025-05-01 13:23:07","Isolated Margin","Transaction Spend","USDC","-825.47640000",""
"26289805","2025-05-01 13:23:07","Isolated Margin","Transaction Buy","BTC","0.00009000",""
"26289805","2025-05-01 13:23:07","Isolated Margin","Transaction Buy","BTC","0.00008000",""
"26289805","2025-05-01 13:23:07","Isolated Margin","Transaction Spend","USDC","-30.93184320",""
"26289805","2025-05-01 13:23:07","Isolated Margin","Transaction Fee","BTC","-3.5E-7",""
"26289805","2025-05-01 13:23:07","Isolated Margin","Transaction Buy","BTC","0.00007000",""
"26289805","2025-05-01 13:23:07","Isolated Margin","Transaction Fee","BTC","-7E-8",""
"26289805","2025-05-01 13:23:07","Isolated Margin","Transaction Fee","BTC","-0.00000561",""
"26289805","2025-05-01 13:23:07","Isolated Margin","Transaction Spend","USDC","-8.69881230",""
"26289805","2025-05-01 13:23:07","Isolated Margin","Transaction Spend","USDC","-9.66500000",""
"26289805","2025-05-01 13:23:07","Isolated Margin","Transaction Spend","USDC","-46.39646400",""
"26289805","2025-05-01 13:23:07","Isolated Margin","Transaction Fee","BTC","-2.4E-7",""
"26289805","2025-05-01 13:23:07","Isolated Margin","Transaction Spend","USDC","-2043.45138060",""
"26289805","2025-05-01 13:23:07","Isolated Margin","Transaction Fee","BTC","-7E-8",""
"26289805","2025-05-01 13:23:07","Isolated Margin","Transaction Spend","USDC","-26.09675550",""
"26289805","2025-05-01 13:23:07","Isolated Margin","Transaction Buy","BTC","0.00027000",""
"26289805","2025-05-01 13:23:07","Isolated Margin","Transaction Spend","USDC","-96.65500000",""
"26289805","2025-05-01 15:27:13","Isolated Margin","Transaction Fee","USDC","-13.25242411",""
"26289805","2025-05-01 15:27:13","Isolated Margin","Transaction Sold","BTC","-0.14363000",""
"26289805","2025-05-01 15:27:13","Isolated Margin","Transaction Fee","USDC","-7.96916989",""
"26289805","2025-05-01 15:27:13","Isolated Margin","Transaction Revenue","USDC","8388.59988000",""
"26289805","2025-05-01 15:27:13","Isolated Margin","Isolated Margin Loan","BTC","0.22995168",""
"26289805","2025-05-01 15:27:13","Isolated Margin","Transaction Sold","BTC","-0.08637000",""
"26289805","2025-05-01 15:27:13","Isolated Margin","Transaction Revenue","USDC","13949.92012000",""
"26289805","2025-05-02 14:55:16","Isolated Margin","Transaction Buy","BTC","0.00065000",""
"26289805","2025-05-02 14:55:16","Isolated Margin","Transaction Buy","BTC","0.02721000",""
"26289805","2025-05-02 14:55:16","Isolated Margin","Transaction Spend","USDC","-41.09700000",""
"26289805","2025-05-02 14:55:16","Isolated Margin","Transaction Spend","USDC","-3914.00000000",""
"26289805","2025-05-02 14:55:16","Isolated Margin","Transaction Fee","BTC","-9E-8",""
"26289805","2025-05-02 14:55:16","Isolated Margin","Transaction Fee","BTC","-6.2E-7",""
"26289805","2025-05-02 14:55:16","Isolated Margin","Transaction Fee","BTC","-0.00000470",""
"26289805","2025-05-02 14:55:16","Isolated Margin","Transaction Fee","BTC","-0.00000871",""
"26289805","2025-05-02 14:55:16","Isolated Margin","Transaction Spend","USDC","-8.80650000",""
"26289805","2025-05-02 14:55:16","Isolated Margin","Transaction Fee","BTC","-0.00007618",""
"26289805","2025-05-02 14:55:16","Isolated Margin","Transaction Spend","USDC","-2499.08900000",""
"26289805","2025-05-02 14:55:16","Isolated Margin","Transaction Fee","BTC","-0.00000216",""
"26289805","2025-05-02 14:55:16","Isolated Margin","Transaction Buy","BTC","0.00042000",""
"26289805","2025-05-02 14:55:16","Isolated Margin","Transaction Spend","USDC","-9.78500000",""
"26289805","2025-05-02 14:55:16","Isolated Margin","Transaction Spend","USDC","-74.36600000",""
"26289805","2025-05-02 14:55:16","Isolated Margin","Transaction Spend","USDC","-1000.02700000",""
"26289805","2025-05-02 14:55:16","Isolated Margin","Transaction Spend","USDC","-7846.59150000",""
"26289805","2025-05-02 14:55:16","Isolated Margin","Transaction Buy","BTC","0.00009000",""
"26289805","2025-05-02 14:55:16","Isolated Margin","Transaction Buy","BTC","0.00010000",""
"26289805","2025-05-02 14:55:16","Isolated Margin","Transaction Fee","BTC","-1.0E-7",""
"26289805","2025-05-02 14:55:16","Isolated Margin","Transaction Fee","BTC","-0.00003800",""
"26289805","2025-05-02 14:55:16","Isolated Margin","Transaction Buy","BTC","0.01022000",""
"26289805","2025-05-02 14:55:16","Isolated Margin","Transaction Buy","BTC","0.08019000",""
"26289805","2025-05-02 14:55:16","Isolated Margin","Transaction Fee","BTC","-0.00000971",""
"26289805","2025-05-02 14:55:16","Isolated Margin","Transaction Spend","USDC","-2662.49850000",""
"26289805","2025-05-02 14:55:16","Isolated Margin","Transaction Fee","BTC","-7.2E-7",""
"26289805","2025-05-02 14:55:16","Isolated Margin","Isolated Margin Repayment","BTC","-0.20699126",""
"26289805","2025-05-02 14:55:16","Isolated Margin","Transaction Buy","BTC","0.02843000",""
"26289805","2025-05-02 14:55:16","Isolated Margin","Transaction Fee","BTC","-4.0E-7",""
"26289805","2025-05-02 14:55:16","Isolated Margin","Transaction Buy","BTC","0.00495000",""
"26289805","2025-05-02 14:55:16","Isolated Margin","Transaction Spend","USDC","-63.60250000",""
"26289805","2025-05-02 14:55:16","Isolated Margin","Transaction Spend","USDC","-2781.87550000",""
"26289805","2025-05-02 14:55:16","Isolated Margin","Transaction Fee","BTC","-0.00002585",""
"26289805","2025-05-02 14:55:16","Isolated Margin","Transaction Buy","BTC","0.00917000",""
"26289805","2025-05-02 14:55:16","Isolated Margin","Transaction Buy","BTC","0.00076000",""
"26289805","2025-05-02 14:55:16","Isolated Margin","Transaction Fee","BTC","-0.00002426",""
"26289805","2025-05-02 14:55:16","Isolated Margin","Transaction Spend","USDC","-222.11950000",""
"26289805","2025-05-02 14:55:16","Isolated Margin","Transaction Fee","BTC","-0.00002701",""
"26289805","2025-05-02 14:55:16","Isolated Margin","Transaction Spend","USDC","-897.28450000",""
"26289805","2025-05-02 14:55:16","Isolated Margin","Transaction Buy","BTC","0.00227000",""
"26289805","2025-05-02 14:55:16","Isolated Margin","Transaction Buy","BTC","0.02554000",""
"26289805","2025-05-02 14:55:16","Isolated Margin","Transaction Spend","USDC","-484.35750000",""
"26289805","2025-05-02 14:55:16","Isolated Margin","Transaction Buy","BTC","0.04000000",""
"26289805","2025-05-02 14:55:57","Isolated Margin","Isolated Margin Repayment","BTC","-0.02279023",""
"26289805","2025-05-02 14:59:15","Isolated Margin","Transaction Buy","BTC","0.00100000",""
"26289805","2025-05-02 14:59:15","Isolated Margin","Isolated Margin Repayment","BTC","-0.00017671",""
"26289805","2025-05-02 14:59:15","Isolated Margin","Transaction Spend","USDC","-97.80000000",""
"26289805","2025-05-02 14:59:15","Isolated Margin","Transaction Fee","BTC","-9.5E-7",""
"26289805","2025-05-03 15:52:44","Isolated Margin","Isolated Margin Loan","BTC","0.19917766",""
"26289805","2025-05-04 08:45:19","Isolated Margin","Isolated Margin Repayment","BTC","-0.19917766",""
"26289805","2025-05-04 08:45:35","Isolated Margin","Transaction Fee","BTC","-1.0E-7",""
"26289805","2025-05-04 08:45:35","Isolated Margin","Isolated Margin Repayment","BTC","-0.00000432",""
"26289805","2025-05-04 08:45:35","Isolated Margin","Transaction Spend","USDC","-9.56180100",""
"26289805","2025-05-04 08:45:35","Isolated Margin","Transaction Buy","BTC","0.00010000",""
"26289805","2025-05-07 17:36:31","Isolated Margin","Transaction Revenue","USDC","7758.73770560",""
"26289805","2025-05-07 17:36:31","Isolated Margin","Transaction Revenue","USDC","13492.78489440",""
"26289805","2025-05-07 17:36:31","Isolated Margin","Isolated Margin Loan","BTC","0.21908208",""
"26289805","2025-05-07 17:36:31","Isolated Margin","Transaction Sold","BTC","-0.08032000",""
"26289805","2025-05-07 17:36:31","Isolated Margin","Transaction Fee","USDC","-12.81814565",""
"26289805","2025-05-07 17:36:31","Isolated Margin","Transaction Sold","BTC","-0.13968000",""
"26289805","2025-05-07 17:36:31","Isolated Margin","Transaction Fee","USDC","-7.37080082",""
"26289805","2025-05-08 00:57:39","Isolated Margin","Transaction Buy","BTC","0.00911000",""
"26289805","2025-05-08 00:57:39","Isolated Margin","Transaction Fee","BTC","-1.0E-7",""
"26289805","2025-05-08 00:57:39","Isolated Margin","Transaction Spend","USDC","-8.77936410",""
"26289805","2025-05-08 00:57:39","Isolated Margin","Transaction Spend","USDC","-33.16760860",""
"26289805","2025-05-08 00:57:39","Isolated Margin","Transaction Buy","BTC","0.00519000",""
"26289805","2025-05-08 00:57:39","Isolated Margin","Transaction Spend","USDC","-7.80363600",""
"26289805","2025-05-08 00:57:39","Isolated Margin","Transaction Fee","BTC","-7E-8",""
"26289805","2025-05-08 00:57:39","Isolated Margin","Transaction Spend","USDC","-11.70494040",""
"26289805","2025-05-08 00:57:39","Isolated Margin","Transaction Buy","BTC","0.00869000",""
"26289805","2025-05-08 00:57:39","Isolated Margin","Transaction Fee","BTC","-1.0E-7",""
"26289805","2025-05-08 00:57:39","Isolated Margin","Transaction Buy","BTC","0.00084000",""
"26289805","2025-05-08 00:57:39","Isolated Margin","Transaction Fee","BTC","-2.4E-7",""
"26289805","2025-05-08 00:57:39","Isolated Margin","Transaction Fee","BTC","-7E-8",""
"26289805","2025-05-08 00:57:39","Isolated Margin","Transaction Buy","BTC","0.00106000",""
"26289805","2025-05-08 00:57:39","Isolated Margin","Transaction Fee","BTC","-2.4E-7",""
"26289805","2025-05-08 00:57:39","Isolated Margin","Transaction Buy","BTC","0.00113000",""
"26289805","2025-05-08 00:57:39","Isolated Margin","Transaction Fee","BTC","-6E-8",""
"26289805","2025-05-08 00:57:39","Isolated Margin","Transaction Spend","USDC","-323.88379520",""
"26289805","2025-05-08 00:57:39","Isolated Margin","Transaction Spend","USDC","-9.75480800",""
"26289805","2025-05-08 00:57:39","Isolated Margin","Transaction Buy","BTC","0.00010000",""
"26289805","2025-05-08 00:57:39","Isolated Margin","Transaction Spend","USDC","-47.80215580",""
"26289805","2025-05-08 00:57:39","Isolated Margin","Transaction Buy","BTC","0.00013000",""
"26289805","2025-05-08 00:57:39","Isolated Margin","Transaction Spend","USDC","-13.65686840",""
"26289805","2025-05-08 00:57:39","Isolated Margin","Transaction Buy","BTC","0.00006000",""
"26289805","2025-05-08 00:57:39","Isolated Margin","Transaction Buy","BTC","0.00007000",""
"26289805","2025-05-08 00:57:39","Isolated Margin","Transaction Buy","BTC","0.00010000",""
"26289805","2025-05-08 00:57:39","Isolated Margin","Transaction Buy","BTC","0.00006000",""
"26289805","2025-05-08 00:57:39","Isolated Margin","Transaction Spend","USDC","-15.60670880",""
"26289805","2025-05-08 00:57:39","Isolated Margin","Transaction Spend","USDC","-358.99434080",""
"26289805","2025-05-08 00:57:39","Isolated Margin","Transaction Buy","BTC","0.00016000",""
"26289805","2025-05-08 00:57:39","Isolated Margin","Transaction Fee","BTC","-0.00000105",""
"26289805","2025-05-08 00:57:39","Isolated Margin","Transaction Fee","BTC","-6E-8",""
"26289805","2025-05-08 00:57:39","Isolated Margin","Transaction Spend","USDC","-5.85290280",""
"26289805","2025-05-08 00:57:39","Isolated Margin","Transaction Spend","USDC","-13.65700000",""
"26289805","2025-05-08 00:57:39","Isolated Margin","Transaction Spend","USDC","-267.29853540",""
"26289805","2025-05-08 00:57:39","Isolated Margin","Transaction Fee","BTC","-9.5E-7",""
"26289805","2025-05-08 00:57:39","Isolated Margin","Transaction Buy","BTC","0.00007000",""
"26289805","2025-05-08 00:57:39","Isolated Margin","Transaction Spend","USDC","-7.80430000",""
"26289805","2025-05-08 00:57:39","Isolated Margin","Transaction Fee","BTC","-0.00001917",""
"26289805","2025-05-08 00:57:39","Isolated Margin","Transaction Spend","USDC","-42.91913560",""
"26289805","2025-05-08 00:57:39","Isolated Margin","Transaction Buy","BTC","0.00006000",""
"26289805","2025-05-08 00:57:39","Isolated Margin","Transaction Spend","USDC","-6.82787000",""
"26289805","2025-05-08 00:57:39","Isolated Margin","Transaction Fee","BTC","-9E-8",""
"26289805","2025-05-08 00:57:39","Isolated Margin","Transaction Buy","BTC","0.00025000",""
"26289805","2025-05-08 00:57:39","Isolated Margin","Transaction Spend","USDC","-506.28450000",""
"26289805","2025-05-08 00:57:39","Isolated Margin","Transaction Spend","USDC","-287.77252950",""
"26289805","2025-05-08 00:57:39","Isolated Margin","Transaction Buy","BTC","0.00061000",""
"26289805","2025-05-08 00:57:39","Isolated Margin","Transaction Fee","BTC","-2.4E-7",""
"26289805","2025-05-08 00:57:39","Isolated Margin","Transaction Buy","BTC","0.00101000",""
"26289805","2025-05-08 00:57:39","Isolated Margin","Transaction Buy","BTC","0.00046000",""
"26289805","2025-05-08 00:57:39","Isolated Margin","Transaction Spend","USDC","-21.46100000",""
"26289805","2025-05-08 00:57:39","Isolated Margin","Transaction Buy","BTC","0.00024000",""
"26289805","2025-05-08 00:57:39","Isolated Margin","Transaction Buy","BTC","0.00018000",""
"26289805","2025-05-08 00:57:39","Isolated Margin","Transaction Buy","BTC","0.00009000",""
"26289805","2025-05-08 00:57:39","Isolated Margin","Transaction Fee","BTC","-1.7E-7",""
"26289805","2025-05-08 00:57:39","Isolated Margin","Transaction Fee","BTC","-4.3E-7",""
"26289805","2025-05-08 00:57:39","Isolated Margin","Transaction Fee","BTC","-6E-8",""
"26289805","2025-05-08 00:57:39","Isolated Margin","Transaction Buy","BTC","0.00008000",""
"26289805","2025-05-08 00:57:39","Isolated Margin","Transaction Fee","BTC","-6E-8",""
"26289805","2025-05-08 00:57:39","Isolated Margin","Transaction Spend","USDC","-98.52550000",""
"26289805","2025-05-08 00:57:39","Isolated Margin","Transaction Spend","USDC","-6.82830120",""
"26289805","2025-05-08 00:57:39","Isolated Margin","Transaction Fee","BTC","-4.8E-7",""
"26289805","2025-05-08 00:57:39","Isolated Margin","Transaction Spend","USDC","-9.75400000",""
"26289805","2025-05-08 00:57:39","Isolated Margin","Transaction Spend","USDC","-81.93688440",""
"26289805","2025-05-08 00:57:39","Isolated Margin","Transaction Fee","BTC","-0.00001045",""
"26289805","2025-05-08 00:57:39","Isolated Margin","Transaction Buy","BTC","0.00151000",""
"26289805","2025-05-08 00:57:39","Isolated Margin","Transaction Buy","BTC","0.00008000",""
"26289805","2025-05-08 00:57:39","Isolated Margin","Transaction Fee","BTC","-1.1E-7",""
"26289805","2025-05-08 00:57:39","Isolated Margin","Transaction Spend","USDC","-9.75466100",""
"26289805","2025-05-08 00:57:39","Isolated Margin","Transaction Spend","USDC","-9.75500000",""
"26289805","2025-05-08 00:57:39","Isolated Margin","Transaction Fee","BTC","-9.6E-7",""
"26289805","2025-05-08 00:57:39","Isolated Margin","Transaction Fee","BTC","-0.00000108",""
"26289805","2025-05-08 00:57:39","Isolated Margin","Transaction Spend","USDC","-111.19870080",""
"26289805","2025-05-08 00:57:39","Isolated Margin","Transaction Spend","USDC","-8.77931910",""
"26289805","2025-05-08 00:57:39","Isolated Margin","Transaction Spend","USDC","-24.38750000",""
"26289805","2025-05-08 00:57:39","Isolated Margin","Transaction Spend","USDC","-12.68150000",""
"26289805","2025-05-08 00:57:39","Isolated Margin","Transaction Buy","BTC","0.00274000",""
"26289805","2025-05-08 00:57:39","Isolated Margin","Transaction Fee","BTC","-8E-8",""
"26289805","2025-05-08 00:57:39","Isolated Margin","Transaction Fee","BTC","-8E-8",""
"26289805","2025-05-08 00:57:39","Isolated Margin","Transaction Buy","BTC","0.10212000",""
"26289805","2025-05-08 00:57:39","Isolated Margin","Transaction Buy","BTC","0.02018000",""
"26289805","2025-05-08 00:57:39","Isolated Margin","Transaction Fee","BTC","-1.2E-7",""
"26289805","2025-05-08 00:57:39","Isolated Margin","Transaction Fee","BTC","-9.9E-7",""
"26289805","2025-05-08 00:57:39","Isolated Margin","Transaction Spend","USDC","-10.73001270",""
"26289805","2025-05-08 00:57:39","Isolated Margin","Transaction Buy","BTC","0.00006000",""
"26289805","2025-05-08 00:57:39","Isolated Margin","Transaction Buy","BTC","0.00006000",""
"26289805","2025-05-08 00:57:39","Isolated Margin","Transaction Fee","BTC","-1.5E-7",""
"26289805","2025-05-08 00:57:39","Isolated Margin","Transaction Spend","USDC","-9962.38399920",""
"26289805","2025-05-08 00:57:39","Isolated Margin","Transaction Spend","USDC","-5.85272700",""
"26289805","2025-05-08 00:57:39","Isolated Margin","Transaction Buy","BTC","0.00008000",""
"26289805","2025-05-08 00:57:39","Isolated Margin","Transaction Buy","BTC","0.00011000",""
"26289805","2025-05-08 00:57:39","Isolated Margin","Transaction Buy","BTC","0.00022000",""
"26289805","2025-05-08 00:57:39","Isolated Margin","Transaction Spend","USDC","-5.85267840",""
"26289805","2025-05-08 00:57:39","Isolated Margin","Transaction Fee","BTC","-2.9E-7",""
"26289805","2025-05-08 00:57:39","Isolated Margin","Transaction Fee","BTC","-0.00009701",""
"26289805","2025-05-08 00:57:39","Isolated Margin","Transaction Fee","BTC","-9E-8",""
"26289805","2025-05-08 00:57:39","Isolated Margin","Transaction Buy","BTC","0.00012000",""
"26289805","2025-05-08 00:57:39","Isolated Margin","Transaction Spend","USDC","-24.38891500",""
"26289805","2025-05-08 00:57:39","Isolated Margin","Transaction Fee","BTC","-4.7E-7",""
"26289805","2025-05-08 00:57:39","Isolated Margin","Transaction Spend","USDC","-5.85276600",""
"26289805","2025-05-08 00:57:39","Isolated Margin","Transaction Buy","BTC","0.00009000",""
"26289805","2025-05-08 00:57:39","Isolated Margin","Transaction Spend","USDC","-11.70666600",""
"26289805","2025-05-08 00:57:39","Isolated Margin","Transaction Spend","USDC","-107.30423000",""
"26289805","2025-05-08 00:57:39","Isolated Margin","Transaction Fee","BTC","-1.1E-7",""
"26289805","2025-05-08 00:57:39","Isolated Margin","Transaction Buy","BTC","0.00011000",""
"26289805","2025-05-08 00:57:39","Isolated Margin","Transaction Spend","USDC","-17.55818460",""
"26289805","2025-05-08 00:57:39","Isolated Margin","Transaction Fee","BTC","-6E-8",""
"26289805","2025-05-08 00:57:39","Isolated Margin","Transaction Fee","BTC","-8E-8",""
"26289805","2025-05-08 00:57:39","Isolated Margin","Transaction Fee","BTC","-6E-8",""
"26289805","2025-05-08 00:57:39","Isolated Margin","Transaction Fee","BTC","-4.8E-7",""
"26289805","2025-05-08 00:57:39","Isolated Margin","Transaction Fee","BTC","-1.0E-7",""
"26289805","2025-05-08 00:57:39","Isolated Margin","Transaction Buy","BTC","0.00007000",""
"26289805","2025-05-08 00:57:39","Isolated Margin","Transaction Buy","BTC","0.00295000",""
"26289805","2025-05-08 00:57:39","Isolated Margin","Transaction Buy","BTC","0.00049000",""
"26289805","2025-05-08 00:57:39","Isolated Margin","Transaction Spend","USDC","-888.68050000",""
"26289805","2025-05-08 00:57:39","Isolated Margin","Transaction Spend","USDC","-147.30050000",""
"26289805","2025-05-08 00:57:39","Isolated Margin","Transaction Fee","BTC","-6E-8",""
"26289805","2025-05-08 00:57:39","Isolated Margin","Transaction Buy","BTC","0.00011000",""
"26289805","2025-05-08 00:57:39","Isolated Margin","Transaction Buy","BTC","0.00008000",""
"26289805","2025-05-08 00:57:39","Isolated Margin","Transaction Fee","BTC","-7E-8",""
"26289805","2025-05-08 00:57:39","Isolated Margin","Transaction Fee","BTC","-6E-8",""
"26289805","2025-05-08 00:57:39","Isolated Margin","Transaction Fee","BTC","-9E-8",""
"26289805","2025-05-08 00:57:39","Isolated Margin","Transaction Spend","USDC","-7.80400000",""
"26289805","2025-05-08 00:57:39","Isolated Margin","Transaction Buy","BTC","0.00044000",""
"26289805","2025-05-08 00:57:39","Isolated Margin","Transaction Fee","BTC","-0.00000865",""
"26289805","2025-05-08 00:57:39","Isolated Margin","Transaction Buy","BTC","0.00368000",""
"26289805","2025-05-08 00:57:39","Isolated Margin","Transaction Fee","BTC","-6E-8",""
"26289805","2025-05-08 00:57:39","Isolated Margin","Transaction Spend","USDC","-63.40761050",""
"26289805","2025-05-08 00:57:39","Isolated Margin","Transaction Fee","BTC","-4.4E-7",""
"26289805","2025-05-08 00:57:39","Isolated Margin","Transaction Buy","BTC","0.00008000",""
"26289805","2025-05-08 00:57:39","Isolated Margin","Transaction Buy","BTC","0.00104000",""
"26289805","2025-05-08 00:57:39","Isolated Margin","Transaction Buy","BTC","0.00014000",""
"26289805","2025-05-08 00:57:39","Isolated Margin","Transaction Spend","USDC","-9.75512900",""
"26289805","2025-05-08 00:57:39","Isolated Margin","Transaction Buy","BTC","0.01024000",""
"26289805","2025-05-08 00:57:39","Isolated Margin","Transaction Fee","BTC","-6E-8",""
"26289805","2025-05-08 00:57:39","Isolated Margin","Transaction Fee","BTC","-0.00000973",""
"26289805","2025-05-08 00:57:39","Isolated Margin","Transaction Fee","BTC","-7E-8",""
"26289805","2025-05-08 00:57:39","Isolated Margin","Transaction Spend","USDC","-1072.96596000",""
"26289805","2025-05-08 00:57:39","Isolated Margin","Transaction Fee","BTC","-8E-8",""
"26289805","2025-05-08 00:57:39","Isolated Margin","Transaction Buy","BTC","0.01100000",""
"26289805","2025-05-08 00:57:39","Isolated Margin","Transaction Spend","USDC","-8.77899870",""
"26289805","2025-05-08 00:57:39","Isolated Margin","Transaction Spend","USDC","-23.41171680",""
"26289805","2025-05-08 00:57:39","Isolated Margin","Transaction Fee","BTC","-0.00000307",""
"26289805","2025-05-08 00:57:39","Isolated Margin","Transaction Fee","BTC","-0.00000826",""
"26289805","2025-05-08 00:57:39","Isolated Margin","Transaction Fee","BTC","-1.1E-7",""
"26289805","2025-05-08 00:57:39","Isolated Margin","Transaction Buy","BTC","0.00008000",""
"26289805","2025-05-08 00:57:39","Isolated Margin","Transaction Spend","USDC","-24.38520500",""
"26289805","2025-05-08 00:57:39","Isolated Margin","Transaction Fee","BTC","-2.3E-7",""
"26289805","2025-05-08 00:57:39","Isolated Margin","Transaction Spend","USDC","-485.79262560",""
"26289805","2025-05-08 00:57:39","Isolated Margin","Transaction Spend","USDC","-44.86934760",""
"26289805","2025-05-08 00:57:39","Isolated Margin","Transaction Spend","USDC","-975.55000000",""
"26289805","2025-05-08 00:57:39","Isolated Margin","Transaction Spend","USDC","-5.85254100",""
"26289805","2025-05-08 00:57:39","Isolated Margin","Transaction Fee","BTC","-6.2E-7",""
"26289805","2025-05-08 00:57:39","Isolated Margin","Transaction Fee","BTC","-0.00000107",""
"26289805","2025-05-08 00:57:39","Isolated Margin","Transaction Spend","USDC","-10.73050000",""
"26289805","2025-05-08 00:57:39","Isolated Margin","Transaction Fee","BTC","-8E-8",""
"26289805","2025-05-08 00:57:39","Isolated Margin","Transaction Buy","BTC","0.00065000",""
"26289805","2025-05-08 00:57:39","Isolated Margin","Transaction Spend","USDC","-7.80324160",""
"26289805","2025-05-08 00:57:39","Isolated Margin","Transaction Buy","BTC","0.00010000",""
"26289805","2025-05-08 00:57:39","Isolated Margin","Transaction Fee","BTC","-8E-8",""
"26289805","2025-05-08 00:57:39","Isolated Margin","Transaction Spend","USDC","-48.77262500",""
"26289805","2025-05-08 00:57:39","Isolated Margin","Transaction Spend","USDC","-11.70600000",""
"26289805","2025-05-08 00:57:39","Isolated Margin","Transaction Buy","BTC","0.00012000",""
"26289805","2025-05-08 00:57:39","Isolated Margin","Transaction Buy","BTC","0.01000000",""
"26289805","2025-05-08 00:57:39","Isolated Margin","Transaction Spend","USDC","-97.54202000",""
"26289805","2025-05-08 00:57:39","Isolated Margin","Transaction Buy","BTC","0.00008000",""
"26289805","2025-05-08 00:57:39","Isolated Margin","Transaction Buy","BTC","0.00014000",""
"26289805","2025-05-08 00:57:39","Isolated Margin","Transaction Spend","USDC","-43.89352650",""
"26289805","2025-05-08 00:57:39","Isolated Margin","Transaction Spend","USDC","-847.67569590",""
"26289805","2025-05-08 00:57:39","Isolated Margin","Transaction Buy","BTC","0.00006000",""
"26289805","2025-05-08 00:57:39","Isolated Margin","Transaction Buy","BTC","0.00323000",""
"26289805","2025-05-08 00:57:39","Isolated Margin","Transaction Spend","USDC","-7.80363600",""
"26289805","2025-05-08 00:57:39","Isolated Margin","Transaction Spend","USDC","-10.72998960",""
"26289805","2025-05-08 00:57:39","Isolated Margin","Transaction Buy","BTC","0.00034000",""
"26289805","2025-05-08 00:57:39","Isolated Margin","Transaction Fee","BTC","-2.1E-7",""
"26289805","2025-05-08 00:57:39","Isolated Margin","Transaction Fee","BTC","-0.00000350",""
"26289805","2025-05-08 00:57:39","Isolated Margin","Transaction Buy","BTC","0.00006000",""
"26289805","2025-05-08 00:57:39","Isolated Margin","Transaction Buy","BTC","0.00006000",""
"26289805","2025-05-08 00:57:39","Isolated Margin","Transaction Spend","USDC","-998.89162240",""
"26289805","2025-05-08 00:57:39","Isolated Margin","Transaction Spend","USDC","-6.82844680",""
"26289805","2025-05-08 00:57:39","Isolated Margin","Transaction Spend","USDC","-11.70480000",""
"26289805","2025-05-08 00:57:39","Isolated Margin","Transaction Fee","BTC","-0.00000120",""
"26289805","2025-05-08 00:57:39","Isolated Margin","Transaction Fee","BTC","-0.00000950",""
"26289805","2025-05-08 00:57:39","Isolated Margin","Transaction Fee","BTC","-8E-8",""
"26289805","2025-05-08 00:57:39","Isolated Margin","Transaction Fee","BTC","-8E-8",""
"26289805","2025-05-08 00:57:39","Isolated Margin","Transaction Fee","BTC","-1.0E-7",""
"26289805","2025-05-08 00:57:39","Isolated Margin","Transaction Fee","BTC","-1.2E-7",""
"26289805","2025-05-08 00:57:39","Isolated Margin","Transaction Spend","USDC","-6.82818150",""
"26289805","2025-05-08 00:57:39","Isolated Margin","Transaction Buy","BTC","0.00050000",""
"26289805","2025-05-08 00:57:39","Isolated Margin","Transaction Fee","BTC","-0.00000143",""
"26289805","2025-05-08 00:57:39","Isolated Margin","Transaction Fee","BTC","-0.00000101",""
"26289805","2025-05-08 00:57:39","Isolated Margin","Transaction Buy","BTC","0.00009000",""
"26289805","2025-05-08 00:57:39","Isolated Margin","Transaction Buy","BTC","0.00110000",""
"26289805","2025-05-08 00:57:39","Isolated Margin","Transaction Spend","USDC","-7.80400000",""
"26289805","2025-05-08 00:57:39","Isolated Margin","Transaction Spend","USDC","-48.77311000",""
"26289805","2025-05-08 00:57:39","Isolated Margin","Transaction Buy","BTC","0.00009000",""
"26289805","2025-05-08 00:57:39","Isolated Margin","Transaction Buy","BTC","0.00013000",""
"26289805","2025-05-08 00:57:39","Isolated Margin","Transaction Spend","USDC","-5.85325020",""
"26289805","2025-05-08 00:57:39","Isolated Margin","Transaction Buy","BTC","0.00025000",""
"26289805","2025-05-08 00:57:39","Isolated Margin","Transaction Fee","BTC","-7E-8",""
"26289805","2025-05-08 00:57:39","Isolated Margin","Transaction Fee","BTC","-9E-8",""
"26289805","2025-05-08 00:57:39","Isolated Margin","Transaction Fee","BTC","-6E-8",""
"26289805","2025-05-08 00:57:39","Isolated Margin","Transaction Spend","USDC","-110.23150000",""
"26289805","2025-05-08 00:57:39","Isolated Margin","Transaction Buy","BTC","0.00012000",""
"26289805","2025-05-08 00:57:39","Isolated Margin","Transaction Buy","BTC","0.00010000",""
"26289805","2025-05-08 00:57:39","Isolated Margin","Transaction Spend","USDC","-24.38684000",""
"26289805","2025-05-08 00:57:39","Isolated Margin","Transaction Spend","USDC","-7.80433440",""
"26289805","2025-05-08 00:57:39","Isolated Margin","Transaction Fee","BTC","-2.4E-7",""
"26289805","2025-05-08 00:57:39","Isolated Margin","Transaction Fee","BTC","-0.00000280",""
"26289805","2025-05-08 00:57:39","Isolated Margin","Transaction Spend","USDC","-103.40300000",""
"26289805","2025-05-08 00:57:39","Isolated Margin","Transaction Spend","USDC","-10.73111050",""
"26289805","2025-05-08 00:57:39","Isolated Margin","Transaction Fee","BTC","-4.3E-7",""
"26289805","2025-05-08 00:57:39","Isolated Margin","Transaction Spend","USDC","-15.60654720",""
"26289805","2025-05-08 00:57:39","Isolated Margin","Transaction Fee","BTC","-4.2E-7",""
"26289805","2025-05-08 00:57:39","Isolated Margin","Transaction Fee","BTC","-0.00000493",""
"26289805","2025-05-08 00:57:39","Isolated Margin","Transaction Fee","BTC","-6E-8",""
"26289805","2025-05-08 00:57:39","Isolated Margin","Transaction Spend","USDC","-101.44782960",""
"26289805","2025-05-08 00:57:39","Isolated Margin","Transaction Fee","BTC","-0.00000260",""
"26289805","2025-05-08 00:57:39","Isolated Margin","Transaction Buy","BTC","0.00007000",""
"26289805","2025-05-08 00:57:39","Isolated Margin","Transaction Buy","BTC","0.00006000",""
"26289805","2025-05-08 00:57:39","Isolated Margin","Transaction Buy","BTC","0.00009000",""
"26289805","2025-05-08 00:57:39","Isolated Margin","Transaction Spend","USDC","-8.77861620",""
"26289805","2025-05-08 00:57:39","Isolated Margin","Transaction Buy","BTC","0.00050000",""
"26289805","2025-05-08 00:57:39","Isolated Margin","Transaction Fee","BTC","-3.2E-7",""
"26289805","2025-05-08 00:57:39","Isolated Margin","Transaction Fee","BTC","-5.8E-7",""
"26289805","2025-05-08 00:57:39","Isolated Margin","Transaction Buy","BTC","0.00010000",""
"26289805","2025-05-08 00:57:39","Isolated Margin","Transaction Spend","USDC","-8.77994730",""
"26289805","2025-05-08 00:57:39","Isolated Margin","Transaction Fee","BTC","-1.1E-7",""
"26289805","2025-05-08 00:57:39","Isolated Margin","Transaction Spend","USDC","-12.68082270",""
"26289805","2025-05-08 00:57:39","Isolated Margin","Transaction Spend","USDC","-5.85274740",""
"26289805","2025-05-08 00:57:39","Isolated Margin","Transaction Buy","BTC","0.00100000",""
"26289805","2025-05-08 00:57:39","Isolated Margin","Transaction Buy","BTC","0.00018000",""
"26289805","2025-05-08 00:57:39","Isolated Margin","Transaction Buy","BTC","0.00114000",""
"26289805","2025-05-08 00:57:39","Isolated Margin","Transaction Spend","USDC","-5.85309300",""
"26289805","2025-05-08 00:57:39","Isolated Margin","Transaction Spend","USDC","-5.85299940",""
"26289805","2025-05-08 00:57:39","Isolated Margin","Transaction Spend","USDC","-122.91356700",""
"26289805","2025-05-08 00:57:39","Isolated Margin","Transaction Fee","BTC","-9E-8",""
"26289805","2025-05-08 00:57:39","Isolated Margin","Transaction Fee","BTC","-0.00000315",""
"26289805","2025-05-08 00:57:39","Isolated Margin","Transaction Fee","BTC","-1.0E-7",""
"26289805","2025-05-08 00:57:39","Isolated Margin","Transaction Buy","BTC","0.00126000",""
"26289805","2025-05-08 00:57:39","Isolated Margin","Transaction Fee","BTC","-1.7E-7",""
"26289805","2025-05-08 00:57:39","Isolated Margin","Transaction Spend","USDC","-17.55900000",""
"26289805","2025-05-08 00:57:39","Isolated Margin","Transaction Fee","BTC","-8E-8",""
"26289805","2025-05-08 00:57:39","Isolated Margin","Transaction Spend","USDC","-5.85333300",""
"26289805","2025-05-08 00:57:39","Isolated Margin","Transaction Buy","BTC","0.00006000",""
"26289805","2025-05-08 00:57:39","Isolated Margin","Transaction Fee","BTC","-1.0E-7",""
"26289805","2025-05-08 00:57:39","Isolated Margin","Transaction Fee","BTC","-0.00000473",""
"26289805","2025-05-08 00:57:39","Isolated Margin","Transaction Buy","BTC","0.00498000",""
"26289805","2025-05-08 00:57:39","Isolated Margin","Transaction Spend","USDC","-5.85294000",""
"26289805","2025-05-08 00:57:39","Isolated Margin","Transaction Spend","USDC","-59.50041260",""
"26289805","2025-05-08 00:57:39","Isolated Margin","Transaction Spend","USDC","-315.07445210",""
"26289805","2025-05-08 00:57:39","Isolated Margin","Transaction Fee","BTC","-1.0E-7",""
"26289805","2025-05-08 00:57:39","Isolated Margin","Transaction Buy","BTC","0.00006000",""
"26289805","2025-05-08 00:57:39","Isolated Margin","Transaction Fee","BTC","-1.3E-7",""
"26289805","2025-05-08 00:57:39","Isolated Margin","Transaction Fee","BTC","-1.0E-7",""
"26289805","2025-05-08 00:57:39","Isolated Margin","Transaction Buy","BTC","0.00030000",""
"26289805","2025-05-08 00:57:39","Isolated Margin","Transaction Buy","BTC","0.00008000",""
"26289805","2025-05-08 00:57:39","Isolated Margin","Transaction Buy","BTC","0.00332000",""
"26289805","2025-05-08 00:57:39","Isolated Margin","Transaction Buy","BTC","0.00008000",""
"26289805","2025-05-08 00:57:39","Isolated Margin","Transaction Spend","USDC","-6.82843070",""
"26289805","2025-05-08 00:57:39","Isolated Margin","Transaction Buy","BTC","0.00016000",""
"26289805","2025-05-08 00:57:39","Isolated Margin","Transaction Spend","USDC","-43.89750000",""
"26289805","2025-05-08 00:57:39","Isolated Margin","Isolated Margin Repayment","BTC","-0.21908416",""
"26289805","2025-05-08 00:57:39","Isolated Margin","Transaction Spend","USDC","-7.80444400",""
"26289805","2025-05-08 00:57:39","Isolated Margin","Transaction Spend","USDC","-5.85275460",""
"26289805","2025-05-08 00:57:39","Isolated Margin","Transaction Spend","USDC","-29.26500000",""
"26289805","2025-05-08 00:57:39","Isolated Margin","Transaction Buy","BTC","0.00011000",""
"26289805","2025-05-08 00:57:39","Isolated Margin","Transaction Spend","USDC","-7.80388880",""
"26289805","2025-05-08 00:57:39","Isolated Margin","Transaction Buy","BTC","0.00045000",""
"26289805","2025-05-08 00:57:39","Isolated Margin","Transaction Buy","BTC","0.00012000",""
"26289805","2025-05-08 00:57:39","Isolated Margin","Transaction Buy","BTC","0.00025000",""
"26289805","2025-05-08 00:57:39","Isolated Margin","Transaction Fee","BTC","-1.0E-7",""
"26289805","2025-05-08 00:57:39","Isolated Margin","Transaction Buy","BTC","0.00006000",""
"26289805","2025-05-08 00:57:39","Isolated Margin","Transaction Buy","BTC","0.00025000",""
"26289805","2025-05-08 00:57:39","Isolated Margin","Transaction Buy","BTC","0.00045000",""
"26289805","2025-05-08 00:57:39","Isolated Margin","Transaction Fee","BTC","-1.5E-7",""
"26289805","2025-05-08 00:57:39","Isolated Margin","Transaction Fee","BTC","-1.3E-7",""
"26289805","2025-05-08 00:57:39","Isolated Margin","Transaction Fee","BTC","-8.0E-7",""
"26289805","2025-05-08 00:57:39","Isolated Margin","Transaction Buy","BTC","0.00007000",""
"26289805","2025-05-08 00:57:39","Isolated Margin","Transaction Spend","USDC","-1968.57857460",""
"26289805","2025-05-08 11:12:47","Isolated Margin","Transaction Sold","BTC","-0.07500000",""
"26289805","2025-05-08 11:12:47","Isolated Margin","Transaction Sold","BTC","-0.03741000",""
"26289805","2025-05-08 11:12:47","Isolated Margin","Transaction Fee","USDC","-3.54158225",""
"26289805","2025-05-08 11:12:47","Isolated Margin","Transaction Fee","USDC","-7.10020500",""
"26289805","2025-05-08 11:12:47","Isolated Margin","Transaction Fee","USDC","-0.54813583",""
"26289805","2025-05-08 11:12:47","Isolated Margin","Transaction Sold","BTC","-0.00579000",""
"26289805","2025-05-08 11:12:47","Isolated Margin","Transaction Revenue","USDC","3727.98132000",""
"26289805","2025-05-08 11:12:47","Isolated Margin","Transaction Revenue","USDC","576.98508000",""
"26289805","2025-05-08 11:12:47","Isolated Margin","Transaction Fee","USDC","-5.85056892",""
"26289805","2025-05-08 11:12:47","Isolated Margin","Transaction Revenue","USDC","6158.49360000",""
"26289805","2025-05-08 11:12:47","Isolated Margin","Transaction Sold","BTC","-0.06180000",""
"26289805","2025-05-08 11:12:47","Isolated Margin","Isolated Margin Loan","BTC","0.17924333",""
"26289805","2025-05-08 11:12:47","Isolated Margin","Transaction Revenue","USDC","7473.90000000",""
"26289805","2025-05-08 15:24:24","Isolated Margin","Transaction Fee","BTC","-0.00017148",""
"26289805","2025-05-08 15:24:24","Isolated Margin","Isolated Margin Repayment","BTC","-0.17924440",""
"26289805","2025-05-08 15:24:24","Isolated Margin","Transaction Buy","BTC","0.18050000",""
"26289805","2025-05-08 15:24:24","Isolated Margin","Transaction Spend","USDC","-18072.02100000",""
"26289805","2025-05-08 21:25:40","Isolated Margin","Transaction Sold","BTC","-0.00047000",""
"26289805","2025-05-08 21:25:40","Isolated Margin","Transaction Revenue","USDC","17536.17980940",""
"26289805","2025-05-08 21:25:40","Isolated Margin","Transaction Sold","BTC","-0.16953000",""
"26289805","2025-05-08 21:25:40","Isolated Margin","Transaction Fee","USDC","-16.65937082",""
"26289805","2025-05-08 21:25:40","Isolated Margin","Transaction Revenue","USDC","48.61679060",""
"26289805","2025-05-08 21:25:40","Isolated Margin","Transaction Fee","USDC","-0.04618595",""
"26289805","2025-05-08 21:25:40","Isolated Margin","Isolated Margin Loan","BTC","0.16891588",""
"26289805","2025-05-09 07:48:40","Isolated Margin","Transaction Spend","USDC","-6.24967740",""
"26289805","2025-05-09 07:48:40","Isolated Margin","Transaction Spend","USDC","-28.12207680",""
"26289805","2025-05-09 07:48:40","Isolated Margin","Transaction Spend","USDC","-35.41167320",""
"26289805","2025-05-09 07:48:40","Isolated Margin","Transaction Spend","USDC","-45.82985000",""
"26289805","2025-05-09 07:48:40","Isolated Margin","Transaction Spend","USDC","-20.83039200",""
"26289805","2025-05-09 07:48:40","Isolated Margin","Transaction Spend","USDC","-17.70658800",""
"26289805","2025-05-09 07:48:40","Isolated Margin","Transaction Fee","BTC","-4.2E-7",""
"26289805","2025-05-09 07:48:40","Isolated Margin","Transaction Spend","USDC","-6.24960000",""
"26289805","2025-05-09 07:48:40","Isolated Margin","Transaction Fee","BTC","-0.00000134",""
"26289805","2025-05-09 07:48:40","Isolated Margin","Transaction Spend","USDC","-886.31650000",""
"26289805","2025-05-09 07:48:40","Isolated Margin","Transaction Spend","USDC","-1249.80000000",""
"26289805","2025-05-09 07:48:40","Isolated Margin","Transaction Spend","USDC","-569.74349420",""
"26289805","2025-05-09 07:48:40","Isolated Margin","Transaction Spend","USDC","-46.87211700",""
"26289805","2025-05-09 07:48:40","Isolated Margin","Transaction Buy","BTC","0.00020000",""
"26289805","2025-05-09 07:48:40","Isolated Margin","Transaction Buy","BTC","0.00019000",""
"26289805","2025-05-09 07:48:40","Isolated Margin","Transaction Fee","BTC","-7E-8",""
"26289805","2025-05-09 07:48:40","Isolated Margin","Transaction Spend","USDC","-7.29099420",""
"26289805","2025-05-09 07:48:40","Isolated Margin","Transaction Buy","BTC","0.00006000",""
"26289805","2025-05-09 07:48:40","Isolated Margin","Transaction Fee","BTC","-3.2E-7",""
"26289805","2025-05-09 07:48:40","Isolated Margin","Transaction Fee","BTC","-0.00000143",""
"26289805","2025-05-09 07:48:40","Isolated Margin","Transaction Spend","USDC","-82.28973380",""
"26289805","2025-05-09 07:48:40","Isolated Margin","Transaction Fee","BTC","-3.4E-7",""
"26289805","2025-05-09 07:48:40","Isolated Margin","Transaction Spend","USDC","-146.86560000",""
"26289805","2025-05-09 07:48:40","Isolated Margin","Transaction Buy","BTC","0.00192000",""
"26289805","2025-05-09 07:48:40","Isolated Margin","Transaction Buy","BTC","0.04029000",""
"26289805","2025-05-09 07:48:40","Isolated Margin","Transaction Spend","USDC","-18.74833560",""
"26289805","2025-05-09 07:48:40","Isolated Margin","Transaction Fee","BTC","-0.00000520",""
"26289805","2025-05-09 07:48:40","Isolated Margin","Transaction Spend","USDC","-99.99116160",""
"26289805","2025-05-09 07:48:40","Isolated Margin","Transaction Fee","BTC","-0.00000808",""
"26289805","2025-05-09 07:48:40","Isolated Margin","Transaction Buy","BTC","0.00018000",""
"26289805","2025-05-09 07:48:40","Isolated Margin","Transaction Spend","USDC","-31.24574700",""
"26289805","2025-05-09 07:48:40","Isolated Margin","Transaction Spend","USDC","-19.79054630",""
"26289805","2025-05-09 07:48:40","Isolated Margin","Transaction Buy","BTC","0.01200000",""
"26289805","2025-05-09 07:48:40","Isolated Margin","Transaction Spend","USDC","-14.58212420",""
"26289805","2025-05-09 07:48:40","Isolated Margin","Transaction Fee","BTC","-0.00001140",""
"26289805","2025-05-09 07:48:40","Isolated Margin","Transaction Spend","USDC","-1249.80000000",""
"26289805","2025-05-09 07:48:40","Isolated Margin","Transaction Buy","BTC","0.00007000",""
"26289805","2025-05-09 07:48:40","Isolated Margin","Transaction Fee","BTC","-1.6E-7",""
"26289805","2025-05-09 07:48:40","Isolated Margin","Transaction Buy","BTC","0.00247000",""
"26289805","2025-05-09 07:48:40","Isolated Margin","Transaction Fee","BTC","-6E-8",""
"26289805","2025-05-09 07:48:40","Isolated Margin","Transaction Buy","BTC","0.01200000",""
"26289805","2025-05-09 07:48:40","Isolated Margin","Isolated Margin Repayment","BTC","-0.16891808",""
"26289805","2025-05-09 07:48:40","Isolated Margin","Transaction Buy","BTC","0.00200000",""
"26289805","2025-05-09 07:48:40","Isolated Margin","Transaction Buy","BTC","0.00019000",""
"26289805","2025-05-09 07:48:40","Isolated Margin","Transaction Buy","BTC","0.00560000",""
"26289805","2025-05-09 07:48:40","Isolated Margin","Transaction Buy","BTC","0.00141000",""
"26289805","2025-05-09 07:48:40","Isolated Margin","Transaction Fee","BTC","-2.6E-7",""
"26289805","2025-05-09 07:48:40","Isolated Margin","Transaction Spend","USDC","-257.27594100",""
"26289805","2025-05-09 07:48:40","Isolated Margin","Transaction Spend","USDC","-27.07999840",""
"26289805","2025-05-09 07:48:40","Isolated Margin","Transaction Fee","BTC","-0.00001140",""
"26289805","2025-05-09 07:48:40","Isolated Margin","Transaction Buy","BTC","0.00006000",""
"26289805","2025-05-09 07:48:40","Isolated Margin","Transaction Buy","BTC","0.00006000",""
"26289805","2025-05-09 07:48:40","Isolated Margin","Transaction Spend","USDC","-6.24916200",""
"26289805","2025-05-09 07:48:40","Isolated Margin","Transaction Buy","BTC","0.00096000",""
"26289805","2025-05-09 07:48:40","Isolated Margin","Transaction Fee","BTC","-8E-8",""
"26289805","2025-05-09 07:48:40","Isolated Margin","Transaction Fee","BTC","-0.00001140",""
"26289805","2025-05-09 07:48:40","Isolated Margin","Transaction Buy","BTC","0.00079000",""
"26289805","2025-05-09 07:48:40","Isolated Margin","Transaction Fee","BTC","-4.3E-7",""
"26289805","2025-05-09 07:48:40","Isolated Margin","Transaction Buy","BTC","0.00096000",""
"26289805","2025-05-09 07:48:40","Isolated Margin","Transaction Buy","BTC","0.00151000",""
"26289805","2025-05-09 07:48:40","Isolated Margin","Transaction Buy","BTC","0.00017000",""
"26289805","2025-05-09 07:48:40","Isolated Margin","Transaction Fee","BTC","-1.7E-7",""
"26289805","2025-05-09 07:48:40","Isolated Margin","Transaction Fee","BTC","-6E-8",""
"26289805","2025-05-09 07:48:40","Isolated Margin","Transaction Buy","BTC","0.00038000",""
"26289805","2025-05-09 07:48:40","Isolated Margin","Transaction Spend","USDC","-208.30650000",""
"26289805","2025-05-09 07:48:40","Isolated Margin","Transaction Spend","USDC","-1248.75850000",""
"26289805","2025-05-09 07:48:40","Isolated Margin","Transaction Spend","USDC","-199.96815360",""
"26289805","2025-05-09 07:48:40","Isolated Margin","Transaction Buy","BTC","0.00007000",""
"26289805","2025-05-09 07:48:40","Isolated Margin","Transaction Fee","BTC","-1.8E-7",""
"26289805","2025-05-09 07:48:40","Isolated Margin","Transaction Fee","BTC","-1.0E-7",""
"26289805","2025-05-09 07:48:40","Isolated Margin","Transaction Spend","USDC","-39.58156760",""
"26289805","2025-05-09 07:48:40","Isolated Margin","Transaction Spend","USDC","-111.45530880",""
"26289805","2025-05-09 07:48:40","Isolated Margin","Transaction Fee","BTC","-0.00000375",""
"26289805","2025-05-09 07:48:40","Isolated Margin","Transaction Buy","BTC","0.00034000",""
"26289805","2025-05-09 07:48:40","Isolated Margin","Transaction Buy","BTC","0.00006000",""
"26289805","2025-05-09 07:48:40","Isolated Margin","Transaction Buy","BTC","0.01200000",""
"26289805","2025-05-09 07:48:40","Isolated Margin","Transaction Spend","USDC","-8.33250000",""
"26289805","2025-05-09 07:48:40","Isolated Margin","Transaction Spend","USDC","-411.44246750",""
"26289805","2025-05-09 07:48:40","Isolated Margin","Transaction Buy","BTC","0.00006000",""
"26289805","2025-05-09 07:48:40","Isolated Margin","Transaction Spend","USDC","-1249.80000000",""
"26289805","2025-05-09 07:48:40","Isolated Margin","Transaction Buy","BTC","0.00044000",""
"26289805","2025-05-09 07:48:40","Isolated Margin","Transaction Buy","BTC","0.00062000",""
"26289805","2025-05-09 07:48:40","Isolated Margin","Transaction Fee","BTC","-5.9E-7",""
"26289805","2025-05-09 07:48:40","Isolated Margin","Transaction Buy","BTC","0.00027000",""
"26289805","2025-05-09 07:48:40","Isolated Margin","Transaction Fee","BTC","-6.2E-7",""
"26289805","2025-05-09 07:48:40","Isolated Margin","Transaction Buy","BTC","0.01200000",""
"26289805","2025-05-09 07:48:40","Isolated Margin","Transaction Fee","BTC","-0.00001140",""
"26289805","2025-05-09 07:48:40","Isolated Margin","Transaction Buy","BTC","0.01200000",""
"26289805","2025-05-09 07:48:40","Isolated Margin","Transaction Buy","BTC","0.00014000",""
"26289805","2025-05-09 07:48:40","Isolated Margin","Transaction Fee","BTC","-9.1E-7",""
"26289805","2025-05-09 07:48:40","Isolated Margin","Transaction Buy","BTC","0.00045000",""
"26289805","2025-05-09 07:48:40","Isolated Margin","Transaction Fee","BTC","-0.00000102",""
"26289805","2025-05-09 07:48:40","Isolated Margin","Transaction Spend","USDC","-8.33266080",""
"26289805","2025-05-09 07:48:40","Isolated Margin","Transaction Fee","BTC","-0.00000246",""
"26289805","2025-05-09 07:48:40","Isolated Margin","Transaction Fee","BTC","-0.00001140",""
"26289805","2025-05-09 07:48:40","Isolated Margin","Transaction Buy","BTC","0.00107000",""
"26289805","2025-05-09 07:48:40","Isolated Margin","Transaction Buy","BTC","0.00007000",""
"26289805","2025-05-09 07:48:40","Isolated Margin","Transaction Fee","BTC","-0.00000182",""
"26289805","2025-05-09 07:48:40","Isolated Margin","Transaction Fee","BTC","-9.1E-7",""
"26289805","2025-05-09 07:48:40","Isolated Margin","Transaction Buy","BTC","0.00008000",""
"26289805","2025-05-09 07:48:40","Isolated Margin","Transaction Spend","USDC","-7.29096200",""
"26289805","2025-05-09 07:48:40","Isolated Margin","Transaction Spend","USDC","-99.98656320",""
"26289805","2025-05-09 07:48:40","Isolated Margin","Transaction Buy","BTC","0.00030000",""
"26289805","2025-05-09 07:48:40","Isolated Margin","Transaction Buy","BTC","0.00006000",""
"26289805","2025-05-09 07:48:40","Isolated Margin","Transaction Fee","BTC","-7E-8",""
"26289805","2025-05-09 07:48:40","Isolated Margin","Transaction Fee","BTC","-7.5E-7",""
"26289805","2025-05-09 07:48:40","Isolated Margin","Transaction Spend","USDC","-6.24959760",""
"26289805","2025-05-09 07:48:40","Isolated Margin","Transaction Spend","USDC","-7.29105230",""
"26289805","2025-05-09 07:48:40","Isolated Margin","Transaction Buy","BTC","0.00547000",""
"26289805","2025-05-09 07:48:40","Isolated Margin","Transaction Spend","USDC","-6.24923640",""
"26289805","2025-05-09 07:48:40","Isolated Margin","Transaction Buy","BTC","0.00010000",""
"26289805","2025-05-09 07:48:40","Isolated Margin","Transaction Buy","BTC","0.00007000",""
"26289805","2025-05-09 07:48:40","Isolated Margin","Transaction Fee","BTC","-6E-8",""
"26289805","2025-05-09 07:48:40","Isolated Margin","Transaction Buy","BTC","0.01200000",""
"26289805","2025-05-09 07:48:40","Isolated Margin","Transaction Spend","USDC","-6.24975900",""
"26289805","2025-05-09 07:48:40","Isolated Margin","Transaction Fee","BTC","-2.9E-7",""
"26289805","2025-05-09 07:48:40","Isolated Margin","Transaction Spend","USDC","-67.70407800",""
"26289805","2025-05-09 07:48:40","Isolated Margin","Transaction Fee","BTC","-6E-8",""
"26289805","2025-05-09 07:48:40","Isolated Margin","Transaction Fee","BTC","-0.00000190",""
"26289805","2025-05-09 07:48:40","Isolated Margin","Transaction Buy","BTC","0.00030000",""
"26289805","2025-05-09 07:48:40","Isolated Margin","Transaction Spend","USDC","-10.41621600",""
"26289805","2025-05-09 07:48:40","Isolated Margin","Transaction Buy","BTC","0.00036000",""
"26289805","2025-05-09 07:48:40","Isolated Margin","Transaction Spend","USDC","-64.58168000",""
"26289805","2025-05-09 07:48:40","Isolated Margin","Transaction Fee","BTC","-7E-8",""
"26289805","2025-05-09 07:48:40","Isolated Margin","Transaction Fee","BTC","-1.0E-7",""
"26289805","2025-05-09 07:48:40","Isolated Margin","Transaction Fee","BTC","-0.00001139",""
"26289805","2025-05-09 07:48:40","Isolated Margin","Transaction Spend","USDC","-6.24909240",""
"26289805","2025-05-09 07:48:40","Isolated Margin","Transaction Fee","BTC","-6E-8",""
"26289805","2025-05-09 07:48:40","Isolated Margin","Transaction Spend","USDC","-269.78253260",""
"26289805","2025-05-09 07:48:40","Isolated Margin","Transaction Spend","USDC","-17.70552210",""
"26289805","2025-05-09 07:48:40","Isolated Margin","Transaction Fee","BTC","-6E-8",""
"26289805","2025-05-09 07:48:40","Isolated Margin","Transaction Spend","USDC","-1249.80000000",""
"26289805","2025-05-09 07:48:40","Isolated Margin","Transaction Buy","BTC","0.00395000",""
"26289805","2025-05-09 07:48:40","Isolated Margin","Transaction Fee","BTC","-8E-8",""
"26289805","2025-05-09 07:48:40","Isolated Margin","Transaction Fee","BTC","-0.00000235",""
"26289805","2025-05-09 07:48:40","Isolated Margin","Transaction Spend","USDC","-583.24980000",""
"26289805","2025-05-09 07:48:40","Isolated Margin","Transaction Spend","USDC","-29.16217080",""
"26289805","2025-05-09 07:48:40","Isolated Margin","Transaction Buy","BTC","0.00259000",""
"26289805","2025-05-09 07:48:40","Isolated Margin","Transaction Buy","BTC","0.01199000",""
"26289805","2025-05-09 07:48:40","Isolated Margin","Transaction Spend","USDC","-31.24854600",""
"26289805","2025-05-09 07:48:40","Isolated Margin","Transaction Fee","BTC","-3.6E-7",""
"26289805","2025-05-09 07:48:40","Isolated Margin","Transaction Spend","USDC","-6.24963060",""
"26289805","2025-05-09 07:48:40","Isolated Margin","Transaction Fee","BTC","-2.7E-7",""
"26289805","2025-05-09 07:48:40","Isolated Margin","Transaction Spend","USDC","-157.28158490",""
"26289805","2025-05-09 07:48:40","Isolated Margin","Transaction Fee","BTC","-0.00001140",""
"26289805","2025-05-09 07:48:40","Isolated Margin","Transaction Buy","BTC","0.00006000",""
"26289805","2025-05-09 07:48:40","Isolated Margin","Transaction Spend","USDC","-1249.80000000",""
"26289805","2025-05-09 07:48:40","Isolated Margin","Transaction Spend","USDC","-1249.80000000",""
"26289805","2025-05-09 07:48:40","Isolated Margin","Transaction Fee","BTC","-0.00000532",""
"26289805","2025-05-09 07:48:40","Isolated Margin","Transaction Buy","BTC","0.00065000",""
"26289805","2025-05-09 07:48:40","Isolated Margin","Transaction Spend","USDC","-7.29140930",""
"26289805","2025-05-09 07:48:40","Isolated Margin","Transaction Buy","BTC","0.00851000",""
"26289805","2025-05-09 07:48:40","Isolated Margin","Transaction Fee","BTC","-1.3E-7",""
"26289805","2025-05-09 07:48:40","Isolated Margin","Transaction Fee","BTC","-0.00003828",""
"26289805","2025-05-09 07:48:40","Isolated Margin","Transaction Fee","BTC","-6E-8",""
"26289805","2025-05-09 07:48:40","Isolated Margin","Transaction Spend","USDC","-19.78903580",""
"26289805","2025-05-09 07:48:40","Isolated Margin","Transaction Buy","BTC","0.00010000",""
"26289805","2025-05-09 07:48:40","Isolated Margin","Transaction Spend","USDC","-10.41510900",""
"26289805","2025-05-09 07:48:40","Isolated Margin","Transaction Fee","BTC","-7E-8",""
"26289805","2025-05-09 07:48:40","Isolated Margin","Transaction Fee","BTC","-2.9E-7",""
"26289805","2025-05-09 07:48:40","Isolated Margin","Transaction Spend","USDC","-37.49768640",""
"26289805","2025-05-09 07:48:40","Isolated Margin","Transaction Buy","BTC","0.00028000",""
"26289805","2025-05-09 07:48:40","Isolated Margin","Transaction Buy","BTC","0.00006000",""
"26289805","2025-05-09 07:48:40","Isolated Margin","Transaction Fee","BTC","-1.6E-7",""
"26289805","2025-05-09 07:48:40","Isolated Margin","Transaction Buy","BTC","0.00017000",""
"26289805","2025-05-09 07:48:40","Isolated Margin","Transaction Buy","BTC","0.00026000",""
"26289805","2025-05-09 07:48:40","Isolated Margin","Transaction Buy","BTC","0.00008000",""
"26289805","2025-05-09 07:48:40","Isolated Margin","Transaction Spend","USDC","-4196.79656880",""
"26289805","2025-05-09 07:48:40","Isolated Margin","Transaction Fee","BTC","-6E-8",""
"26289805","2025-05-09 07:48:40","Isolated Margin","Transaction Fee","BTC","-1.9E-7",""
"26289805","2025-05-09 07:48:40","Isolated Margin","Transaction Fee","BTC","-1.8E-7",""
"26289805","2025-05-09 07:48:40","Isolated Margin","Transaction Fee","BTC","-2.5E-7",""
"26289805","2025-05-09 14:25:06","Isolated Margin","Transaction Fee","USDC","-0.00488538",""
"26289805","2025-05-09 14:25:06","Isolated Margin","Transaction Sold","BTC","-0.04940000",""
"26289805","2025-05-09 14:25:06","Isolated Margin","Transaction Sold","BTC","-0.00005000",""
"26289805","2025-05-09 14:25:06","Isolated Margin","Transaction Revenue","USDC","5.14250050",""
"26289805","2025-05-09 14:25:06","Isolated Margin","Transaction Fee","USDC","-0.00488538",""
"26289805","2025-05-09 14:25:06","Isolated Margin","Transaction Sold","BTC","-0.00005000",""
"26289805","2025-05-09 14:25:06","Isolated Margin","Transaction Revenue","USDC","5.14250300",""
"26289805","2025-05-09 14:25:06","Isolated Margin","Transaction Revenue","USDC","5.14250250",""
"26289805","2025-05-09 14:25:06","Isolated Margin","Transaction Sold","BTC","-0.00005000",""
"26289805","2025-05-09 14:25:06","Isolated Margin","Transaction Revenue","USDC","5.14250250",""
"26289805","2025-05-09 14:25:06","Isolated Margin","Transaction Sold","BTC","-0.00005000",""
"26289805","2025-05-09 14:25:06","Isolated Margin","Transaction Sold","BTC","-0.00005000",""
"26289805","2025-05-09 14:25:06","Isolated Margin","Transaction Sold","BTC","-0.00879000",""
"26289805","2025-05-09 14:25:06","Isolated Margin","Transaction Revenue","USDC","5.14250300",""
"26289805","2025-05-09 14:25:06","Isolated Margin","Transaction Sold","BTC","-0.00005000",""
"26289805","2025-05-09 14:25:06","Isolated Margin","Transaction Sold","BTC","-0.00005000",""
"26289805","2025-05-09 14:25:06","Isolated Margin","Transaction Revenue","USDC","5.14250250",""
"26289805","2025-05-09 14:25:06","Isolated Margin","Transaction Fee","USDC","-4.82675050",""
"26289805","2025-05-09 14:25:06","Isolated Margin","Transaction Fee","USDC","-0.00586245",""
"26289805","2025-05-09 14:25:06","Isolated Margin","Transaction Fee","USDC","-0.00488538",""
"26289805","2025-05-09 14:25:06","Isolated Margin","Transaction Fee","USDC","-0.00488538",""
"26289805","2025-05-09 14:25:06","Isolated Margin","Transaction Revenue","USDC","5.14250250",""
"26289805","2025-05-09 14:25:06","Isolated Margin","Transaction Fee","USDC","-0.00488538",""
"26289805","2025-05-09 14:25:06","Isolated Margin","Transaction Fee","USDC","-0.00488538",""
"26289805","2025-05-09 14:25:06","Isolated Margin","Transaction Fee","USDC","-4.82637506",""
"26289805","2025-05-09 14:25:06","Isolated Margin","Transaction Fee","USDC","-0.00488538",""
"26289805","2025-05-09 14:25:06","Isolated Margin","Transaction Sold","BTC","-0.00005000",""
"26289805","2025-05-09 14:25:06","Isolated Margin","Transaction Fee","USDC","-0.00488538",""
"26289805","2025-05-09 14:25:06","Isolated Margin","Transaction Fee","USDC","-0.00488538",""
"26289805","2025-05-09 14:25:06","Isolated Margin","Transaction Revenue","USDC","5.14250250",""
"26289805","2025-05-09 14:25:06","Isolated Margin","Transaction Revenue","USDC","5.14250300",""
"26289805","2025-05-09 14:25:06","Isolated Margin","Transaction Sold","BTC","-0.00005000",""
"26289805","2025-05-09 14:25:06","Isolated Margin","Transaction Fee","USDC","-0.85875807",""
"26289805","2025-05-09 14:25:06","Isolated Margin","Transaction Revenue","USDC","5.14250300",""
"26289805","2025-05-09 14:25:06","Isolated Margin","Isolated Margin Loan","BTC","0.15858012",""
"26289805","2025-05-09 14:25:06","Isolated Margin","Transaction Revenue","USDC","5.14250250",""
"26289805","2025-05-09 14:25:06","Isolated Margin","Transaction Sold","BTC","-0.00005000",""
"26289805","2025-05-09 14:25:06","Isolated Margin","Transaction Sold","BTC","-0.00005000",""
"26289805","2025-05-09 14:25:06","Isolated Margin","Transaction Fee","USDC","-0.00488538",""
"26289805","2025-05-09 14:25:06","Isolated Margin","Transaction Fee","USDC","-0.00488538",""
"26289805","2025-05-09 14:25:06","Isolated Margin","Transaction Fee","USDC","-0.00488538",""
"26289805","2025-05-09 14:25:06","Isolated Margin","Transaction Revenue","USDC","6.17100060",""
"26289805","2025-05-09 14:25:06","Isolated Margin","Transaction Fee","USDC","-0.00488538",""
"26289805","2025-05-09 14:25:06","Isolated Margin","Transaction Sold","BTC","-0.00005000",""
"26289805","2025-05-09 14:25:06","Isolated Margin","Transaction Fee","USDC","-0.00488538",""
"26289805","2025-05-09 14:25:06","Isolated Margin","Transaction Revenue","USDC","5.14250300",""
"26289805","2025-05-09 14:25:06","Isolated Margin","Transaction Revenue","USDC","5.14250250",""
"26289805","2025-05-09 14:25:06","Isolated Margin","Transaction Sold","BTC","-0.00005000",""
"26289805","2025-05-09 14:25:06","Isolated Margin","Transaction Sold","BTC","-0.00005000",""
"26289805","2025-05-09 14:25:06","Isolated Margin","Transaction Revenue","USDC","5.14250250",""
"26289805","2025-05-09 14:25:06","Isolated Margin","Transaction Sold","BTC","-0.00005000",""
"26289805","2025-05-09 14:25:06","Isolated Margin","Transaction Fee","USDC","-0.00488538",""
"26289805","2025-05-09 14:25:06","Isolated Margin","Transaction Fee","USDC","-0.00488538",""
"26289805","2025-05-09 14:25:06","Isolated Margin","Transaction Revenue","USDC","5.14250300",""
"26289805","2025-05-09 14:25:06","Isolated Margin","Transaction Sold","BTC","-0.00005000",""
"26289805","2025-05-09 14:25:06","Isolated Margin","Transaction Fee","USDC","-0.00488538",""
"26289805","2025-05-09 14:25:06","Isolated Margin","Transaction Revenue","USDC","5.14250250",""
"26289805","2025-05-09 14:25:06","Isolated Margin","Transaction Revenue","USDC","5.14250250",""
"26289805","2025-05-09 14:25:06","Isolated Margin","Transaction Fee","USDC","-0.00488538",""
"26289805","2025-05-09 14:25:06","Isolated Margin","Transaction Sold","BTC","-0.00005000",""
"26289805","2025-05-09 14:25:06","Isolated Margin","Transaction Fee","USDC","-0.00488538",""
"26289805","2025-05-09 14:25:06","Isolated Margin","Transaction Fee","USDC","-0.00488538",""
"26289805","2025-05-09 14:25:06","Isolated Margin","Transaction Sold","BTC","-0.00005000",""
"26289805","2025-05-09 14:25:06","Isolated Margin","Transaction Fee","USDC","-0.00488538",""
"26289805","2025-05-09 14:25:06","Isolated Margin","Transaction Revenue","USDC","5.14250250",""
"26289805","2025-05-09 14:25:06","Isolated Margin","Transaction Revenue","USDC","5.14250250",""
"26289805","2025-05-09 14:25:06","Isolated Margin","Transaction Sold","BTC","-0.00006000",""
"26289805","2025-05-09 14:25:06","Isolated Margin","Transaction Revenue","USDC","5.14250300",""
"26289805","2025-05-09 14:25:06","Isolated Margin","Transaction Sold","BTC","-0.00079000",""
"26289805","2025-05-09 14:25:06","Isolated Margin","Transaction Revenue","USDC","5080.39480000",""
"26289805","2025-05-09 14:25:06","Isolated Margin","Transaction Fee","USDC","-0.00488538",""
"26289805","2025-05-09 14:25:06","Isolated Margin","Transaction Fee","USDC","-0.00488538",""
"26289805","2025-05-09 14:25:06","Isolated Margin","Transaction Revenue","USDC","5.14250300",""
"26289805","2025-05-09 14:25:06","Isolated Margin","Transaction Fee","USDC","-0.00488538",""
"26289805","2025-05-09 14:25:06","Isolated Margin","Transaction Revenue","USDC","5080.49360000",""
"26289805","2025-05-09 14:25:06","Isolated Margin","Transaction Revenue","USDC","5.14250300",""
"26289805","2025-05-09 14:25:06","Isolated Margin","Transaction Revenue","USDC","5.14250250",""
"26289805","2025-05-09 14:25:06","Isolated Margin","Transaction Revenue","USDC","5.14250300",""
"26289805","2025-05-09 14:25:06","Isolated Margin","Transaction Sold","BTC","-0.00005000",""
"26289805","2025-05-09 14:25:06","Isolated Margin","Transaction Fee","USDC","-0.00488538",""
"26289805","2025-05-09 14:25:06","Isolated Margin","Transaction Revenue","USDC","5.14250300",""
"26289805","2025-05-09 14:25:06","Isolated Margin","Transaction Fee","USDC","-0.00488538",""
"26289805","2025-05-09 14:25:06","Isolated Margin","Transaction Sold","BTC","-0.00006000",""
"26289805","2025-05-09 14:25:06","Isolated Margin","Transaction Fee","USDC","-0.07718032",""
"26289805","2025-05-09 14:25:06","Isolated Margin","Transaction Fee","USDC","-0.00488538",""
"26289805","2025-05-09 14:25:06","Isolated Margin","Transaction Revenue","USDC","5.14250250",""
"26289805","2025-05-09 14:25:06","Isolated Margin","Transaction Fee","USDC","-0.00488538",""
"26289805","2025-05-09 14:25:06","Isolated Margin","Transaction Fee","USDC","-0.00488538",""
"26289805","2025-05-09 14:25:06","Isolated Margin","Transaction Sold","BTC","-0.00005000",""
"26289805","2025-05-09 14:25:06","Isolated Margin","Transaction Sold","BTC","-0.00005000",""
"26289805","2025-05-09 14:25:06","Isolated Margin","Transaction Fee","USDC","-0.00488538",""
"26289805","2025-05-09 14:25:06","Isolated Margin","Transaction Sold","BTC","-0.00005000",""
"26289805","2025-05-09 14:25:06","Isolated Margin","Transaction Sold","BTC","-0.00005000",""
"26289805","2025-05-09 14:25:06","Isolated Margin","Transaction Revenue","USDC","5.14250250",""
"26289805","2025-05-09 14:25:06","Isolated Margin","Transaction Fee","USDC","-0.00488538",""
"26289805","2025-05-09 14:25:06","Isolated Margin","Transaction Sold","BTC","-0.04940000",""
"26289805","2025-05-09 14:25:06","Isolated Margin","Transaction Sold","BTC","-0.00005000",""
"26289805","2025-05-09 14:25:06","Isolated Margin","Transaction Sold","BTC","-0.04940000",""
"26289805","2025-05-09 14:25:06","Isolated Margin","Transaction Fee","USDC","-0.00488538",""
"26289805","2025-05-09 14:25:06","Isolated Margin","Transaction Revenue","USDC","81.24243870",""
"26289805","2025-05-09 14:25:06","Isolated Margin","Transaction Fee","USDC","-0.00488538",""
"26289805","2025-05-09 14:25:06","Isolated Margin","Transaction Fee","USDC","-0.00488538",""
"26289805","2025-05-09 14:25:06","Isolated Margin","Transaction Revenue","USDC","5.14250300",""
"26289805","2025-05-09 14:25:06","Isolated Margin","Transaction Revenue","USDC","5.14250300",""
"26289805","2025-05-09 14:25:06","Isolated Margin","Transaction Sold","BTC","-0.00005000",""
"26289805","2025-05-09 14:25:06","Isolated Margin","Transaction Sold","BTC","-0.00005000",""
"26289805","2025-05-09 14:25:06","Isolated Margin","Transaction Fee","USDC","-4.82646892",""
"26289805","2025-05-09 14:25:06","Isolated Margin","Transaction Revenue","USDC","6.17097000",""
"26289805","2025-05-09 14:25:06","Isolated Margin","Transaction Revenue","USDC","5.14250250",""
"26289805","2025-05-09 14:25:06","Isolated Margin","Transaction Sold","BTC","-0.00005000",""
"26289805","2025-05-09 14:25:06","Isolated Margin","Transaction Fee","USDC","-0.00488538",""
"26289805","2025-05-09 14:25:06","Isolated Margin","Transaction Sold","BTC","-0.00005000",""
"26289805","2025-05-09 14:25:06","Isolated Margin","Transaction Sold","BTC","-0.00005000",""
"26289805","2025-05-09 14:25:06","Isolated Margin","Transaction Sold","BTC","-0.00005000",""
"26289805","2025-05-09 14:25:06","Isolated Margin","Transaction Sold","BTC","-0.00005000",""
"26289805","2025-05-09 14:25:06","Isolated Margin","Transaction Sold","BTC","-0.00005000",""
"26289805","2025-05-09 14:25:06","Isolated Margin","Transaction Sold","BTC","-0.00005000",""
"26289805","2025-05-09 14:25:06","Isolated Margin","Transaction Fee","USDC","-0.00586242",""
"26289805","2025-05-09 14:25:06","Isolated Margin","Transaction Revenue","USDC","5080.79000000",""
"26289805","2025-05-09 14:25:06","Isolated Margin","Transaction Fee","USDC","-0.00488538",""
"26289805","2025-05-09 14:25:06","Isolated Margin","Transaction Sold","BTC","-0.00005000",""
"26289805","2025-05-09 14:25:06","Isolated Margin","Transaction Revenue","USDC","5.14250100",""
"26289805","2025-05-09 14:25:06","Isolated Margin","Transaction Revenue","USDC","5.14250300",""
"26289805","2025-05-09 14:25:06","Isolated Margin","Transaction Sold","BTC","-0.00005000",""
"26289805","2025-05-09 14:25:06","Isolated Margin","Transaction Fee","USDC","-0.00488538",""
"26289805","2025-05-09 14:25:06","Isolated Margin","Transaction Revenue","USDC","5.14250300",""
"26289805","2025-05-09 14:25:06","Isolated Margin","Transaction Sold","BTC","-0.00005000",""
"26289805","2025-05-09 14:25:06","Isolated Margin","Transaction Fee","USDC","-0.00488538",""
"26289805","2025-05-09 14:25:06","Isolated Margin","Transaction Fee","USDC","-0.00488538",""
"26289805","2025-05-09 14:25:06","Isolated Margin","Transaction Sold","BTC","-0.00005000",""
"26289805","2025-05-09 14:25:06","Isolated Margin","Transaction Sold","BTC","-0.00005000",""
"26289805","2025-05-09 14:25:06","Isolated Margin","Transaction Revenue","USDC","5.14250250",""
"26289805","2025-05-09 14:25:06","Isolated Margin","Transaction Sold","BTC","-0.00005000",""
"26289805","2025-05-09 14:25:06","Isolated Margin","Transaction Fee","USDC","-0.00488538",""
"26289805","2025-05-09 14:25:06","Isolated Margin","Transaction Revenue","USDC","5.14250300",""
"26289805","2025-05-09 14:25:06","Isolated Margin","Transaction Revenue","USDC","5.14250250",""
"26289805","2025-05-09 14:25:06","Isolated Margin","Transaction Revenue","USDC","5.14250300",""
"26289805","2025-05-09 14:25:06","Isolated Margin","Transaction Fee","USDC","-0.00488538",""
"26289805","2025-05-09 14:25:06","Isolated Margin","Transaction Revenue","USDC","5.14250300",""
"26289805","2025-05-09 14:25:06","Isolated Margin","Transaction Sold","BTC","-0.00005000",""
"26289805","2025-05-09 14:25:06","Isolated Margin","Transaction Revenue","USDC","5.14250250",""
"26289805","2025-05-09 14:25:06","Isolated Margin","Transaction Revenue","USDC","5.14250250",""
"26289805","2025-05-09 14:25:06","Isolated Margin","Transaction Sold","BTC","-0.00005000",""
"26289805","2025-05-09 14:25:06","Isolated Margin","Transaction Sold","BTC","-0.00005000",""
"26289805","2025-05-09 14:25:06","Isolated Margin","Transaction Fee","USDC","-0.00488538",""
"26289805","2025-05-09 14:25:06","Isolated Margin","Transaction Revenue","USDC","5.14250300",""
"26289805","2025-05-09 14:25:06","Isolated Margin","Transaction Revenue","USDC","903.95586480",""
"26289805","2025-05-09 14:25:06","Isolated Margin","Transaction Revenue","USDC","5.14250300",""
"26289805","2025-05-10 06:59:31","Isolated Margin","Transaction Buy","BTC","0.00041000",""
"26289805","2025-05-10 06:59:31","Isolated Margin","Transaction Spend","USDC","-200.55340240",""
"26289805","2025-05-10 06:59:31","Isolated Margin","Transaction Fee","BTC","-7E-8",""
"26289805","2025-05-10 06:59:31","Isolated Margin","Transaction Fee","BTC","-2.0E-7",""
"26289805","2025-05-10 06:59:31","Isolated Margin","Transaction Buy","BTC","0.00006000",""
"26289805","2025-05-10 06:59:31","Isolated Margin","Transaction Buy","BTC","0.00009000",""
"26289805","2025-05-10 06:59:31","Isolated Margin","Transaction Fee","BTC","-6E-8",""
"26289805","2025-05-10 06:59:31","Isolated Margin","Transaction Spend","USDC","-35.33008340",""
"26289805","2025-05-10 06:59:31","Isolated Margin","Transaction Spend","USDC","-7.27400450",""
"26289805","2025-05-10 06:59:31","Isolated Margin","Transaction Fee","BTC","-9E-8",""
"26289805","2025-05-10 06:59:31","Isolated Margin","Transaction Spend","USDC","-417.72165720",""
"26289805","2025-05-10 06:59:31","Isolated Margin","Transaction Spend","USDC","-7.27350470",""
"26289805","2025-05-10 06:59:31","Isolated Margin","Transaction Spend","USDC","-107.03008100",""
"26289805","2025-05-10 06:59:31","Isolated Margin","Transaction Buy","BTC","0.00017000",""
"26289805","2025-05-10 06:59:31","Isolated Margin","Transaction Buy","BTC","0.00024000",""
"26289805","2025-05-10 06:59:31","Isolated Margin","Transaction Buy","BTC","0.00007000",""
"26289805","2025-05-10 06:59:31","Isolated Margin","Transaction Spend","USDC","-942.52410620",""
"26289805","2025-05-10 06:59:31","Isolated Margin","Transaction Fee","BTC","-0.00000382",""
"26289805","2025-05-10 06:59:31","Isolated Margin","Transaction Fee","BTC","-8E-8",""
"26289805","2025-05-10 06:59:31","Isolated Margin","Transaction Spend","USDC","-136.13082460",""
"26289805","2025-05-10 06:59:31","Isolated Margin","Transaction Fee","BTC","-3.2E-7",""
"26289805","2025-05-10 06:59:31","Isolated Margin","Transaction Buy","BTC","0.00021000",""
"26289805","2025-05-10 06:59:31","Isolated Margin","Transaction Spend","USDC","-8.31264320",""
"26289805","2025-05-10 06:59:31","Isolated Margin","Transaction Buy","BTC","0.00007000",""
"26289805","2025-05-10 06:59:31","Isolated Margin","Transaction Fee","BTC","-5.1E-7",""
"26289805","2025-05-10 06:59:31","Isolated Margin","Transaction Fee","BTC","-6E-8",""
"26289805","2025-05-10 06:59:31","Isolated Margin","Transaction Fee","BTC","-0.00000175",""
"26289805","2025-05-10 06:59:31","Isolated Margin","Transaction Buy","BTC","0.00006000",""
"26289805","2025-05-10 06:59:31","Isolated Margin","Transaction Buy","BTC","0.00012000",""
"26289805","2025-05-10 06:59:31","Isolated Margin","Transaction Fee","BTC","-1.6E-7",""
"26289805","2025-05-10 06:59:31","Isolated Margin","Transaction Buy","BTC","0.00007000",""
"26289805","2025-05-10 06:59:31","Isolated Margin","Transaction Fee","BTC","-7E-8",""
"26289805","2025-05-10 06:59:31","Isolated Margin","Transaction Fee","BTC","-0.00001088",""
"26289805","2025-05-10 06:59:31","Isolated Margin","Transaction Buy","BTC","0.01145000",""
"26289805","2025-05-10 06:59:31","Isolated Margin","Transaction Spend","USDC","-8.31327680",""
"26289805","2025-05-10 06:59:31","Isolated Margin","Transaction Buy","BTC","0.00020000",""
"26289805","2025-05-10 06:59:31","Isolated Margin","Transaction Spend","USDC","-9.35170650",""
"26289805","2025-05-10 06:59:31","Isolated Margin","Transaction Buy","BTC","0.12000000",""
"26289805","2025-05-10 06:59:31","Isolated Margin","Transaction Spend","USDC","-42.60437510",""
"26289805","2025-05-10 06:59:31","Isolated Margin","Transaction Spend","USDC","-21.82085430",""
"26289805","2025-05-10 06:59:31","Isolated Margin","Transaction Fee","BTC","-9.8E-7",""
"26289805","2025-05-10 06:59:31","Isolated Margin","Transaction Buy","BTC","0.00537000",""
"26289805","2025-05-10 06:59:31","Isolated Margin","Transaction Fee","BTC","-1.1E-7",""
"26289805","2025-05-10 06:59:31","Isolated Margin","Transaction Buy","BTC","0.00008000",""
"26289805","2025-05-10 06:59:31","Isolated Margin","Transaction Fee","BTC","-2.3E-7",""
"26289805","2025-05-10 06:59:31","Isolated Margin","Transaction Buy","BTC","0.00184000",""
"26289805","2025-05-10 06:59:31","Isolated Margin","Transaction Buy","BTC","0.00907000",""
"26289805","2025-05-10 06:59:31","Isolated Margin","Transaction Spend","USDC","-15.58739700",""
"26289805","2025-05-10 06:59:31","Isolated Margin","Transaction Fee","BTC","-0.00000862",""
"26289805","2025-05-10 06:59:31","Isolated Margin","Transaction Spend","USDC","-8.31333280",""
"26289805","2025-05-10 06:59:31","Isolated Margin","Transaction Spend","USDC","-6.23459100",""
"26289805","2025-05-10 06:59:31","Isolated Margin","Transaction Fee","BTC","-0.00000510",""
"26289805","2025-05-10 06:59:31","Isolated Margin","Transaction Spend","USDC","-17.66550580",""
"26289805","2025-05-10 06:59:31","Isolated Margin","Transaction Buy","BTC","0.00015000",""
"26289805","2025-05-10 06:59:31","Isolated Margin","Transaction Spend","USDC","-1189.73400500",""
"26289805","2025-05-10 06:59:31","Isolated Margin","Transaction Fee","BTC","-8E-8",""
"26289805","2025-05-10 06:59:31","Isolated Margin","Transaction Spend","USDC","-9.35193600",""
"26289805","2025-05-10 06:59:31","Isolated Margin","Transaction Fee","BTC","-0.00011400",""
"26289805","2025-05-10 06:59:31","Isolated Margin","Transaction Buy","BTC","0.00024000",""
"26289805","2025-05-10 06:59:31","Isolated Margin","Transaction Spend","USDC","-6.23496120",""
"26289805","2025-05-10 06:59:31","Isolated Margin","Transaction Fee","BTC","-0.00000124",""
"26289805","2025-05-10 06:59:31","Isolated Margin","Transaction Buy","BTC","0.00009000",""
"26289805","2025-05-10 06:59:31","Isolated Margin","Transaction Fee","BTC","-7E-8",""
"26289805","2025-05-10 06:59:31","Isolated Margin","Transaction Fee","BTC","-5.7E-7",""
"26289805","2025-05-10 06:59:31","Isolated Margin","Transaction Buy","BTC","0.00054000",""
"26289805","2025-05-10 06:59:31","Isolated Margin","Transaction Fee","BTC","-9E-8",""
"26289805","2025-05-10 06:59:31","Isolated Margin","Transaction Buy","BTC","0.00402000",""
"26289805","2025-05-10 06:59:31","Isolated Margin","Transaction Fee","BTC","-2.3E-7",""
"26289805","2025-05-10 06:59:31","Isolated Margin","Transaction Spend","USDC","-558.02355000",""
"26289805","2025-05-10 06:59:31","Isolated Margin","Transaction Fee","BTC","-0.00000183",""
"26289805","2025-05-10 06:59:31","Isolated Margin","Transaction Buy","BTC","0.00006000",""
"26289805","2025-05-10 06:59:31","Isolated Margin","Transaction Spend","USDC","-6.23478240",""
"26289805","2025-05-10 06:59:31","Isolated Margin","Transaction Spend","USDC","-24.93912960",""
"26289805","2025-05-10 06:59:31","Isolated Margin","Transaction Fee","BTC","-8E-8",""
"26289805","2025-05-10 06:59:31","Isolated Margin","Transaction Spend","USDC","-62.34777000",""
"26289805","2025-05-10 06:59:31","Isolated Margin","Transaction Spend","USDC","-56.11235040",""
"26289805","2025-05-10 06:59:31","Isolated Margin","Transaction Buy","BTC","0.00011000",""
"26289805","2025-05-10 06:59:31","Isolated Margin","Transaction Fee","BTC","-1.0E-7",""
"26289805","2025-05-10 06:59:31","Isolated Margin","Transaction Buy","BTC","0.00008000",""
"26289805","2025-05-10 06:59:31","Isolated Margin","Transaction Buy","BTC","0.00008000",""
"26289805","2025-05-10 06:59:31","Isolated Margin","Transaction Buy","BTC","0.00193000",""
"26289805","2025-05-10 06:59:31","Isolated Margin","Transaction Spend","USDC","-20.78205200",""
"26289805","2025-05-10 06:59:31","Isolated Margin","Transaction Fee","BTC","-1.9E-7",""
"26289805","2025-05-10 06:59:31","Isolated Margin","Transaction Fee","BTC","-6E-8",""
"26289805","2025-05-10 06:59:31","Isolated Margin","Transaction Buy","BTC","0.00131000",""
"26289805","2025-05-10 06:59:31","Isolated Margin","Transaction Spend","USDC","-7.27367690",""
"26289805","2025-05-10 06:59:31","Isolated Margin","Transaction Buy","BTC","0.00034000",""
"26289805","2025-05-10 06:59:31","Isolated Margin","Transaction Buy","BTC","0.00103000",""
"26289805","2025-05-10 06:59:31","Isolated Margin","Transaction Buy","BTC","0.00006000",""
"26289805","2025-05-10 06:59:31","Isolated Margin","Transaction Spend","USDC","-12469.80000000",""
"26289805","2025-05-10 06:59:31","Isolated Margin","Transaction Fee","BTC","-8E-8",""
"26289805","2025-05-10 06:59:31","Isolated Margin","Transaction Spend","USDC","-24.93953760",""
"26289805","2025-05-10 06:59:31","Isolated Margin","Transaction Spend","USDC","-8.31333280",""
"26289805","2025-05-10 06:59:31","Isolated Margin","Transaction Fee","BTC","-3.9E-7",""
"26289805","2025-05-10 06:59:31","Isolated Margin","Transaction Spend","USDC","-12.46969080",""
"26289805","2025-05-10 06:59:31","Isolated Margin","Transaction Fee","BTC","-1.4E-7",""
"26289805","2025-05-10 06:59:31","Isolated Margin","Transaction Spend","USDC","-191.20775840",""
"26289805","2025-05-10 06:59:31","Isolated Margin","Transaction Spend","USDC","-6.23477760",""
"26289805","2025-05-10 06:59:31","Isolated Margin","Transaction Fee","BTC","-6E-8",""
"26289805","2025-05-10 06:59:31","Isolated Margin","Transaction Buy","BTC","0.00060000",""
"26289805","2025-05-10 06:59:31","Isolated Margin","Transaction Buy","BTC","0.00008000",""
"26289805","2025-05-10 06:59:31","Isolated Margin","Transaction Spend","USDC","-11.43051360",""
"26289805","2025-05-10 06:59:32","Isolated Margin","Isolated Margin Repayment","BTC","-0.15858335",""
"26289805","2025-05-11 00:00:11","Isolated Margin","Isolated Margin Loan","BTC","0.03843567",""
"26289805","2025-05-11 00:00:49","Isolated Margin","Isolated Margin Loan","BTC","0.05000000",""
"26289805","2025-05-11 00:01:14","Isolated Margin","Isolated Margin Loan","BTC","0.05000000",""
"26289805","2025-05-11 00:01:14","Isolated Margin","Transaction Sold","BTC","-0.05000000",""
"26289805","2025-05-11 00:01:14","Isolated Margin","Transaction Fee","USDC","-4.97284103",""
"26289805","2025-05-11 00:01:14","Isolated Margin","Transaction Revenue","USDC","5234.56950000",""
"26289805","2025-05-11 00:02:37","Isolated Margin","Isolated Margin Repayment","BTC","-0.03843567",""
"26289805","2025-05-11 00:03:12","Isolated Margin","Isolated Margin Loan","BTC","0.03843567",""
"26289805","2025-05-11 08:35:22","Isolated Margin","Transaction Buy","BTC","0.04000000",""
"26289805","2025-05-11 08:35:22","Isolated Margin","Isolated Margin Repayment","BTC","-0.03996200",""
"26289805","2025-05-11 08:35:22","Isolated Margin","Transaction Spend","USDC","-4154.16000000",""
"26289805","2025-05-11 08:35:22","Isolated Margin","Transaction Fee","BTC","-0.00003800",""
"26289805","2025-05-11 08:35:47","Isolated Margin","Transaction Fee","BTC","-5E-8",""
"26289805","2025-05-11 08:35:47","Isolated Margin","Transaction Fee","BTC","-5E-8",""
"26289805","2025-05-11 08:35:47","Isolated Margin","Transaction Spend","USDC","-5.19368800",""
"26289805","2025-05-11 08:35:47","Isolated Margin","Transaction Buy","BTC","0.00005000",""
"26289805","2025-05-11 08:35:47","Isolated Margin","Transaction Spend","USDC","-5.19368800",""
"26289805","2025-05-11 08:35:47","Isolated Margin","Transaction Spend","USDC","-872.53958400",""
"26289805","2025-05-11 08:35:47","Isolated Margin","Transaction Buy","BTC","0.00005000",""
"26289805","2025-05-11 08:35:47","Isolated Margin","Transaction Buy","BTC","0.00005000",""
"26289805","2025-05-11 08:35:47","Isolated Margin","Transaction Buy","BTC","0.00005000",""
"26289805","2025-05-11 08:35:47","Isolated Margin","Transaction Spend","USDC","-5.19368800",""
"26289805","2025-05-11 08:35:47","Isolated Margin","Transaction Spend","USDC","-5.19368800",""
"26289805","2025-05-11 08:35:47","Isolated Margin","Transaction Buy","BTC","0.00005000",""
"26289805","2025-05-11 08:35:47","Isolated Margin","Transaction Fee","BTC","-5E-8",""
"26289805","2025-05-11 08:35:47","Isolated Margin","Transaction Spend","USDC","-5.19368800",""
"26289805","2025-05-11 08:35:47","Isolated Margin","Transaction Buy","BTC","0.00005000",""
"26289805","2025-05-11 08:35:47","Isolated Margin","Transaction Fee","BTC","-5E-8",""
"26289805","2025-05-11 08:35:47","Isolated Margin","Transaction Buy","BTC","0.00005000",""
"26289805","2025-05-11 08:35:47","Isolated Margin","Transaction Fee","BTC","-1.0E-7",""
"26289805","2025-05-11 08:35:47","Isolated Margin","Transaction Fee","BTC","-5E-8",""
"26289805","2025-05-11 08:35:47","Isolated Margin","Transaction Spend","USDC","-5.19368800",""
"26289805","2025-05-11 08:35:47","Isolated Margin","Transaction Buy","BTC","0.00005000",""
"26289805","2025-05-11 08:35:47","Isolated Margin","Transaction Spend","USDC","-5.19368800",""
"26289805","2025-05-11 08:35:47","Isolated Margin","Transaction Spend","USDC","-5.19368800",""
"26289805","2025-05-11 08:35:47","Isolated Margin","Transaction Fee","BTC","-5E-8",""
"26289805","2025-05-11 08:35:47","Isolated Margin","Transaction Buy","BTC","0.00005000",""
"26289805","2025-05-11 08:35:47","Isolated Margin","Transaction Fee","BTC","-5E-8",""
"26289805","2025-05-11 08:35:47","Isolated Margin","Transaction Buy","BTC","0.00010000",""
"26289805","2025-05-11 08:35:47","Isolated Margin","Transaction Fee","BTC","-5E-8",""
"26289805","2025-05-11 08:35:47","Isolated Margin","Transaction Fee","BTC","-0.00000798",""
"26289805","2025-05-11 08:35:47","Isolated Margin","Transaction Fee","BTC","-5E-8",""
"26289805","2025-05-11 08:35:47","Isolated Margin","Transaction Spend","USDC","-10.38737600",""
"26289805","2025-05-11 08:35:47","Isolated Margin","Transaction Buy","BTC","0.00840000",""
"26289805","2025-05-11 08:35:47","Isolated Margin","Transaction Buy","BTC","0.00005000",""
"26289805","2025-05-11 08:35:47","Isolated Margin","Transaction Fee","BTC","-5E-8",""
"26289805","2025-05-11 08:35:47","Isolated Margin","Isolated Margin Repayment","BTC","-0.00809991",""
"26289805","2025-05-11 08:35:47","Isolated Margin","Transaction Spend","USDC","-5.19368800",""
"26289805","2025-05-11 08:35:47","Isolated Margin","Transaction Spend","USDC","-5.19368800",""
"26289805","2025-05-11 08:36:12","Isolated Margin","Isolated Margin Repayment","BTC","-0.05000000",""
"26289805","2025-05-11 08:36:12","Isolated Margin","Isolated Margin Repayment","BTC","-0.03843567",""
"26289805","2025-05-11 08:36:31","Isolated Margin","Isolated Margin Repayment","BTC","-0.00193967",""
"26289805","2025-05-13 16:43:48","Isolated Margin","Transaction Sold","BTC","-0.10067000",""
"26289805","2025-05-13 16:43:48","Isolated Margin","Transaction Revenue","USDC","10469.38805700",""
"26289805","2025-05-13 16:43:48","Isolated Margin","Transaction Revenue","USDC","1253.16505500",""
"26289805","2025-05-13 16:43:48","Isolated Margin","Isolated Margin Loan","BTC","0.13948383",""
"26289805","2025-05-13 16:43:48","Isolated Margin","Transaction Sold","BTC","-0.01205000",""
"26289805","2025-05-13 16:43:48","Isolated Margin","Transaction Fee","USDC","-1.19050680",""
"26289805","2025-05-13 16:43:48","Isolated Margin","Transaction Sold","BTC","-0.02728000",""
"26289805","2025-05-13 16:43:48","Isolated Margin","Transaction Revenue","USDC","2837.04088800",""
"26289805","2025-05-13 16:43:48","Isolated Margin","Transaction Fee","USDC","-9.94591865",""
"26289805","2025-05-13 16:43:48","Isolated Margin","Transaction Fee","USDC","-2.69518884",""
"26289805","2025-05-13 19:30:54","Isolated Margin","Transaction Spend","USDC","-14.65876580",""
"26289805","2025-05-13 19:30:54","Isolated Margin","Transaction Buy","BTC","0.00011000",""
"26289805","2025-05-13 19:30:54","Isolated Margin","Transaction Fee","BTC","-2.5E-7",""
"26289805","2025-05-13 19:30:54","Isolated Margin","Transaction Buy","BTC","0.00005000",""
"26289805","2025-05-13 19:30:54","Isolated Margin","Transaction Spend","USDC","-15.70565100",""
"26289805","2025-05-13 19:30:54","Isolated Margin","Transaction Buy","BTC","0.00007000",""
"26289805","2025-05-13 19:30:54","Isolated Margin","Transaction Buy","BTC","0.00014000",""
"26289805","2025-05-13 19:30:54","Isolated Margin","Transaction Buy","BTC","0.00100000",""
"26289805","2025-05-13 19:30:54","Isolated Margin","Transaction Spend","USDC","-5.23529400",""
"26289805","2025-05-13 19:30:54","Isolated Margin","Transaction Spend","USDC","-18.84705840",""
"26289805","2025-05-13 19:30:54","Isolated Margin","Transaction Buy","BTC","0.00006000",""
"26289805","2025-05-13 19:30:54","Isolated Margin","Transaction Spend","USDC","-11.51769410",""
"26289805","2025-05-13 19:30:54","Isolated Margin","Transaction Fee","BTC","-6E-8",""
"26289805","2025-05-13 19:30:54","Isolated Margin","Transaction Spend","USDC","-488.98239050",""
"26289805","2025-05-13 19:30:54","Isolated Margin","Transaction Buy","BTC","0.00014000",""
"26289805","2025-05-13 19:30:54","Isolated Margin","Transaction Spend","USDC","-2283.64462110",""
"26289805","2025-05-13 19:30:54","Isolated Margin","Transaction Buy","BTC","0.00007000",""
"26289805","2025-05-13 19:30:54","Isolated Margin","Transaction Fee","BTC","-1.3E-7",""
"26289805","2025-05-13 19:30:54","Isolated Margin","Transaction Buy","BTC","0.00018000",""
"26289805","2025-05-13 19:30:54","Isolated Margin","Transaction Fee","BTC","-9.5E-7",""
"26289805","2025-05-13 19:30:54","Isolated Margin","Transaction Spend","USDC","-47.11794750",""
"26289805","2025-05-13 19:30:54","Isolated Margin","Transaction Fee","BTC","-0.00000260",""
"26289805","2025-05-13 19:30:54","Isolated Margin","Transaction Fee","BTC","-1.4E-7",""
"26289805","2025-05-13 19:30:54","Isolated Margin","Transaction Fee","BTC","-0.00001815",""
"26289805","2025-05-13 19:30:54","Isolated Margin","Transaction Fee","BTC","-0.00002072",""
"26289805","2025-05-13 19:30:54","Isolated Margin","Transaction Buy","BTC","0.00011000",""
"26289805","2025-05-13 19:30:54","Isolated Margin","Transaction Spend","USDC","-104.70602000",""
"26289805","2025-05-13 19:30:54","Isolated Margin","Transaction Buy","BTC","0.00007000",""
"26289805","2025-05-13 19:30:54","Isolated Margin","Transaction Buy","BTC","0.00006000",""
"26289805","2025-05-13 19:30:54","Isolated Margin","Transaction Fee","BTC","-1.3E-7",""
"26289805","2025-05-13 19:30:54","Isolated Margin","Transaction Buy","BTC","0.01910000",""
"26289805","2025-05-13 19:30:54","Isolated Margin","Transaction Fee","BTC","-1.7E-7",""
"26289805","2025-05-13 19:30:54","Isolated Margin","Transaction Spend","USDC","-6.28221840",""
"26289805","2025-05-13 19:30:54","Isolated Margin","Transaction Fee","BTC","-1.0E-7",""
"26289805","2025-05-13 19:30:54","Isolated Margin","Transaction Buy","BTC","0.00274000",""
"26289805","2025-05-13 19:30:54","Isolated Margin","Transaction Spend","USDC","-1999.90408200",""
"26289805","2025-05-13 19:30:54","Isolated Margin","Transaction Buy","BTC","0.00006000",""
"26289805","2025-05-13 19:30:54","Isolated Margin","Transaction Buy","BTC","0.02181000",""
"26289805","2025-05-13 19:30:54","Isolated Margin","Transaction Spend","USDC","-10.47058800",""
"26289805","2025-05-13 19:30:54","Isolated Margin","Transaction Fee","BTC","-0.00000444",""
"26289805","2025-05-13 19:30:54","Isolated Margin","Transaction Fee","BTC","-5E-8",""
"26289805","2025-05-13 19:30:54","Isolated Margin","Transaction Buy","BTC","0.00026000",""
"26289805","2025-05-13 19:30:54","Isolated Margin","Transaction Fee","BTC","-7E-8",""
"26289805","2025-05-13 19:30:54","Isolated Margin","Transaction Fee","BTC","-1.0E-7",""
"26289805","2025-05-13 19:30:54","Isolated Margin","Transaction Spend","USDC","-11.51764350",""
"26289805","2025-05-13 19:30:54","Isolated Margin","Transaction Spend","USDC","-7.32928000",""
"26289805","2025-05-13 19:30:54","Isolated Margin","Transaction Fee","BTC","-0.00000218",""
"26289805","2025-05-13 19:30:54","Isolated Margin","Transaction Spend","USDC","-6.28239120",""
"26289805","2025-05-13 19:30:54","Isolated Margin","Transaction Fee","BTC","-7E-8",""
"26289805","2025-05-13 19:30:54","Isolated Margin","Transaction Spend","USDC","-286.89411120",""
"26289805","2025-05-13 19:30:54","Isolated Margin","Transaction Buy","BTC","0.00010000",""
"26289805","2025-05-13 19:30:54","Isolated Margin","Transaction Fee","BTC","-0.00008218",""
"26289805","2025-05-13 19:30:54","Isolated Margin","Transaction Fee","BTC","-7E-8",""
"26289805","2025-05-13 19:30:54","Isolated Margin","Transaction Fee","BTC","-6E-8",""
"26289805","2025-05-13 19:30:54","Isolated Margin","Transaction Buy","BTC","0.00045000",""
"26289805","2025-05-13 19:30:54","Isolated Margin","Transaction Buy","BTC","0.08650000",""
"26289805","2025-05-13 19:30:54","Isolated Margin","Transaction Spend","USDC","-239.77445000",""
"26289805","2025-05-13 19:30:54","Isolated Margin","Transaction Spend","USDC","-6.28235280",""
"26289805","2025-05-13 19:30:54","Isolated Margin","Transaction Fee","BTC","-4.3E-7",""
"26289805","2025-05-13 19:30:54","Isolated Margin","Transaction Spend","USDC","-9056.89600000",""
"26289805","2025-05-13 19:30:54","Isolated Margin","Isolated Margin Repayment","BTC","-0.13948451",""
"26289805","2025-05-13 19:30:54","Isolated Margin","Transaction Spend","USDC","-27.22322720",""
"26289805","2025-05-13 19:30:54","Isolated Margin","Transaction Fee","BTC","-1.0E-7",""
"26289805","2025-05-13 19:30:54","Isolated Margin","Transaction Buy","BTC","0.00229000",""
"26289805","2025-05-13 19:30:54","Isolated Margin","Transaction Spend","USDC","-7.32947880",""
"26289805","2025-05-13 19:30:54","Isolated Margin","Transaction Spend","USDC","-11.51740040",""
"26289805","2025-05-13 19:30:54","Isolated Margin","Transaction Buy","BTC","0.00015000",""
"26289805","2025-05-13 19:30:54","Isolated Margin","Transaction Fee","BTC","-6E-8",""
"26289805","2025-05-13 19:30:54","Isolated Margin","Transaction Spend","USDC","-14.65876580",""
"26289805","2025-05-13 19:30:54","Isolated Margin","Transaction Spend","USDC","-7.32941160",""
"26289805","2025-05-13 19:30:54","Isolated Margin","Transaction Fee","BTC","-1.0E-7",""
"26289805","2025-05-13 19:30:54","Isolated Margin","Transaction Buy","BTC","0.00467000",""
"26289805","2025-05-13 19:30:54","Isolated Margin","Transaction Buy","BTC","0.00011000",""
"26289805","2025-05-13 21:38:01","Isolated Margin","Isolated Margin Loan","BTC","0.09931782",""
"26289805","2025-05-14 02:35:06","Isolated Margin","Isolated Margin Repayment","BTC","-0.09931782",""
"26289805","2025-05-14 02:35:19","Isolated Margin","Isolated Margin Repayment","BTC","-7.2E-7",""
"26289805","2025-05-19 18:07:41","Isolated Margin","Transaction Fee","USDC","-1.93634700",""
"26289805","2025-05-19 18:07:41","Isolated Margin","Transaction Sold","BTC","-0.00005000",""
"26289805","2025-05-19 18:07:41","Isolated Margin","Transaction Fee","USDC","-2.46954400",""
"26289805","2025-05-19 18:07:41","Isolated Margin","Transaction Sold","BTC","-0.00005000",""
"26289805","2025-05-19 18:07:41","Isolated Margin","Transaction Fee","USDC","-0.87795461",""
"26289805","2025-05-19 18:07:41","Isolated Margin","Transaction Revenue","USDC","1571.95000000",""
"26289805","2025-05-19 18:07:41","Isolated Margin","Transaction Sold","BTC","-0.01490000",""
"26289805","2025-05-19 18:07:41","Isolated Margin","Transaction Fee","USDC","-1.89926069",""
"26289805","2025-05-19 18:07:41","Isolated Margin","Transaction Revenue","USDC","2038.26000000",""
"26289805","2025-05-19 18:07:41","Isolated Margin","Transaction Sold","BTC","-0.02660000",""
"26289805","2025-05-19 18:07:41","Isolated Margin","Transaction Fee","USDC","-0.00501116",""
"26289805","2025-05-19 18:07:41","Isolated Margin","Transaction Revenue","USDC","5.27500000",""
"26289805","2025-05-19 18:07:41","Isolated Margin","Transaction Sold","BTC","-0.00005000",""
"26289805","2025-05-19 18:07:41","Isolated Margin","Transaction Sold","BTC","-0.00235000",""
"26289805","2025-05-19 18:07:41","Isolated Margin","Transaction Sold","BTC","-0.01895000",""
"26289805","2025-05-19 18:07:41","Isolated Margin","Transaction Fee","USDC","-0.00501125",""
"26289805","2025-05-19 18:07:41","Isolated Margin","Transaction Revenue","USDC","5.27490150",""
"26289805","2025-05-19 18:07:41","Isolated Margin","Transaction Fee","USDC","-0.23552875",""
"26289805","2025-05-19 18:07:41","Isolated Margin","Transaction Sold","BTC","-0.00222000",""
"26289805","2025-05-19 18:07:41","Isolated Margin","Transaction Revenue","USDC","5.27500000",""
"26289805","2025-05-19 18:07:41","Isolated Margin","Transaction Sold","BTC","-0.02464000",""
"26289805","2025-05-19 18:07:41","Isolated Margin","Transaction Fee","USDC","-1.49335250",""
"26289805","2025-05-19 18:07:41","Isolated Margin","Transaction Revenue","USDC","1999.22177850",""
"26289805","2025-05-19 18:07:41","Isolated Margin","Transaction Sold","BTC","-0.00122000",""
"26289805","2025-05-19 18:07:41","Isolated Margin","Transaction Sold","BTC","-0.00236000",""
"26289805","2025-05-19 18:07:41","Isolated Margin","Transaction Revenue","USDC","248.98000000",""
"26289805","2025-05-19 18:07:41","Isolated Margin","Transaction Fee","USDC","-0.00501125",""
"26289805","2025-05-19 18:07:41","Isolated Margin","Transaction Revenue","USDC","5.27499200",""
"26289805","2025-05-19 18:07:41","Isolated Margin","Transaction Fee","USDC","-0.23653100",""
"26289805","2025-05-19 18:07:41","Isolated Margin","Transaction Fee","USDC","-0.83988550",""
"26289805","2025-05-19 18:07:41","Isolated Margin","Transaction Fee","USDC","-0.00501125",""
"26289805","2025-05-19 18:07:41","Isolated Margin","Transaction Fee","USDC","-0.22249950",""
"26289805","2025-05-19 18:07:41","Isolated Margin","Transaction Fee","USDC","-0.00501125",""
"26289805","2025-05-19 18:07:41","Isolated Margin","Transaction Revenue","USDC","924.16274280",""
"26289805","2025-05-19 18:07:41","Isolated Margin","Transaction Revenue","USDC","128.71000000",""
"26289805","2025-05-19 18:07:41","Isolated Margin","Transaction Fee","USDC","-0.12227450",""
"26289805","2025-05-19 18:07:41","Isolated Margin","Transaction Sold","BTC","-0.00005000",""
"26289805","2025-05-19 18:07:41","Isolated Margin","Isolated Margin Loan","BTC","0.12931854",""
"26289805","2025-05-19 18:07:41","Isolated Margin","Transaction Fee","USDC","-2.66598374",""
"26289805","2025-05-19 18:07:41","Isolated Margin","Transaction Fee","USDC","-0.00501124",""
"26289805","2025-05-19 18:07:41","Isolated Margin","Transaction Sold","BTC","-0.00838000",""
"26289805","2025-05-19 18:07:41","Isolated Margin","Transaction Revenue","USDC","5.27500000",""
"26289805","2025-05-19 18:07:41","Isolated Margin","Transaction Revenue","USDC","2599.52000000",""
"26289805","2025-05-19 18:07:41","Isolated Margin","Transaction Revenue","USDC","5.27499800",""
"26289805","2025-05-19 18:07:41","Isolated Margin","Transaction Sold","BTC","-0.00876000",""
"26289805","2025-05-19 18:07:41","Isolated Margin","Transaction Sold","BTC","-0.01932000",""
"26289805","2025-05-19 18:07:41","Isolated Margin","Transaction Sold","BTC","-0.00005000",""
"26289805","2025-05-19 18:07:41","Isolated Margin","Transaction Revenue","USDC","884.09000000",""
"26289805","2025-05-19 18:07:41","Isolated Margin","Transaction Revenue","USDC","2806.29867000",""
"26289805","2025-05-19 18:07:41","Isolated Margin","Transaction Sold","BTC","-0.00005000",""
"26289805","2025-05-19 18:07:41","Isolated Margin","Transaction Revenue","USDC","247.92500000",""
"26289805","2025-05-19 18:07:41","Isolated Margin","Transaction Revenue","USDC","234.21000000",""
"26289805","2025-05-20 19:56:54","Isolated Margin","Transaction Buy","BTC","0.13020000",""
"26289805","2025-05-20 19:56:54","Isolated Margin","Transaction Spend","USDC","-13952.20986600",""
"26289805","2025-05-20 19:56:54","Isolated Margin","Transaction Fee","BTC","-0.00012369",""
"26289805","2025-05-20 19:56:55","Isolated Margin","Isolated Margin Repayment","BTC","-0.12932246",""
"26289805","2025-05-21 15:17:18","Isolated Margin","Transaction Revenue","USDC","8544.44621460",""
"26289805","2025-05-21 15:17:18","Isolated Margin","Isolated Margin Loan","BTC","0.09924615",""
"26289805","2025-05-21 15:17:18","Isolated Margin","Transaction Sold","BTC","-0.01683000",""
"26289805","2025-05-21 15:17:18","Isolated Margin","Transaction Fee","USDC","-8.11722390",""
"26289805","2025-05-21 15:17:18","Isolated Margin","Transaction Sold","BTC","-0.07818000",""
"26289805","2025-05-21 15:17:18","Isolated Margin","Transaction Revenue","USDC","545.36693030",""
"26289805","2025-05-21 15:17:18","Isolated Margin","Transaction Sold","BTC","-0.00499000",""
"26289805","2025-05-21 15:17:18","Isolated Margin","Transaction Fee","USDC","-1.74741466",""
"26289805","2025-05-21 15:17:18","Isolated Margin","Transaction Fee","USDC","-0.51809858",""
"26289805","2025-05-21 15:17:18","Isolated Margin","Transaction Revenue","USDC","1839.38385510",""
"26289805","2025-05-21 17:29:33","Isolated Margin","Transaction Spend","USDC","-4521.98840000",""
"26289805","2025-05-21 17:29:33","Isolated Margin","Transaction Spend","USDC","-6207.42760000",""
"26289805","2025-05-21 17:29:33","Isolated Margin","Isolated Margin Repayment","BTC","-0.09924651",""
"26289805","2025-05-21 17:29:33","Isolated Margin","Transaction Fee","BTC","-0.00005797",""
"26289805","2025-05-21 17:29:33","Isolated Margin","Transaction Buy","BTC","0.04223000",""
"26289805","2025-05-21 17:29:33","Isolated Margin","Transaction Fee","BTC","-0.00004223",""
"26289805","2025-05-21 17:29:33","Isolated Margin","Transaction Buy","BTC","0.05797000",""
"26289805","2025-05-26 17:22:23","Isolated Margin","Isolated Margin Loan","BTC","0.11914671",""
"26289805","2025-05-26 17:22:23","Isolated Margin","Transaction Fee","USDC","-3.43132020",""
"26289805","2025-05-26 17:22:23","Isolated Margin","Transaction Sold","BTC","-0.08700000",""
"26289805","2025-05-26 17:22:23","Isolated Margin","Transaction Fee","USDC","-9.04620780",""
"26289805","2025-05-26 17:22:23","Isolated Margin","Transaction Revenue","USDC","9522.32400000",""
"26289805","2025-05-26 17:22:23","Isolated Margin","Transaction Revenue","USDC","3611.91600000",""
"26289805","2025-05-26 17:22:23","Isolated Margin","Transaction Sold","BTC","-0.03300000",""
"26289805","2025-05-27 13:12:21","Isolated Margin","Transaction Fee","BTC","-7E-8",""
"26289805","2025-05-27 13:12:21","Isolated Margin","Transaction Fee","BTC","-3.3E-7",""
"26289805","2025-05-27 13:12:21","Isolated Margin","Transaction Fee","BTC","-1.0E-7",""
"26289805","2025-05-27 13:12:21","Isolated Margin","Transaction Fee","BTC","-0.00009143",""
"26289805","2025-05-27 13:12:21","Isolated Margin","Transaction Spend","USDC","-94.94400000",""
"26289805","2025-05-27 13:12:21","Isolated Margin","Transaction Spend","USDC","-10624.89600000",""
"26289805","2025-05-27 13:12:21","Isolated Margin","Transaction Fee","BTC","-9E-8",""
"26289805","2025-05-27 13:12:21","Isolated Margin","Transaction Buy","BTC","0.00010000",""
"26289805","2025-05-27 13:12:21","Isolated Margin","Transaction Spend","USDC","-7.72800000",""
"26289805","2025-05-27 13:12:21","Isolated Margin","Transaction Fee","BTC","-8.7E-7",""
"26289805","2025-05-27 13:12:21","Isolated Margin","Transaction Fee","BTC","-6E-8",""
"26289805","2025-05-27 13:12:21","Isolated Margin","Transaction Fee","BTC","-8.7E-7",""
"26289805","2025-05-27 13:12:21","Isolated Margin","Transaction Buy","BTC","0.00066000",""
"26289805","2025-05-27 13:12:21","Isolated Margin","Transaction Spend","USDC","-5.52000000",""
"26289805","2025-05-27 13:12:21","Isolated Margin","Transaction Fee","BTC","-1.1E-7",""
"26289805","2025-05-27 13:12:21","Isolated Margin","Transaction Buy","BTC","0.00009000",""
"26289805","2025-05-27 13:12:21","Isolated Margin","Transaction Buy","BTC","0.00010000",""
"26289805","2025-05-27 13:12:21","Isolated Margin","Transaction Buy","BTC","0.00005000",""
"26289805","2025-05-27 13:12:21","Isolated Margin","Transaction Buy","BTC","0.00010000",""
"26289805","2025-05-27 13:12:21","Isolated Margin","Transaction Spend","USDC","-11.04000000",""
"26289805","2025-05-27 13:12:21","Isolated Margin","Transaction Spend","USDC","-9.93600000",""
"26289805","2025-05-27 13:12:21","Isolated Margin","Transaction Buy","BTC","0.00006000",""
"26289805","2025-05-27 13:12:21","Isolated Margin","Transaction Buy","BTC","0.00012000",""
"26289805","2025-05-27 13:12:21","Isolated Margin","Transaction Fee","BTC","-1.0E-7",""
"26289805","2025-05-27 13:12:21","Isolated Margin","Transaction Fee","BTC","-9E-8",""
"26289805","2025-05-27 13:12:21","Isolated Margin","Transaction Fee","BTC","-0.00000428",""
"26289805","2025-05-27 13:12:21","Isolated Margin","Transaction Fee","BTC","-6.3E-7",""
"26289805","2025-05-27 13:12:21","Isolated Margin","Transaction Buy","BTC","0.00009000",""
"26289805","2025-05-27 13:12:21","Isolated Margin","Transaction Spend","USDC","-101.56800000",""
"26289805","2025-05-27 13:12:21","Isolated Margin","Transaction Buy","BTC","0.00017000",""
"26289805","2025-05-27 13:12:21","Isolated Margin","Transaction Fee","BTC","-8.2E-7",""
"26289805","2025-05-27 13:12:21","Isolated Margin","Transaction Buy","BTC","0.00010000",""
"26289805","2025-05-27 13:12:21","Isolated Margin","Transaction Spend","USDC","-11.04000000",""
"26289805","2025-05-27 13:12:21","Isolated Margin","Transaction Spend","USDC","-13.24800000",""
"26289805","2025-05-27 13:12:21","Isolated Margin","Transaction Spend","USDC","-18.76800000",""
"26289805","2025-05-27 13:12:21","Isolated Margin","Transaction Buy","BTC","0.00086000",""
"26289805","2025-05-27 13:12:21","Isolated Margin","Transaction Spend","USDC","-72.86400000",""
"26289805","2025-05-27 13:12:21","Isolated Margin","Transaction Spend","USDC","-11.04000000",""
"26289805","2025-05-27 13:12:21","Isolated Margin","Transaction Spend","USDC","-772.80000000",""
"26289805","2025-05-27 13:12:21","Isolated Margin","Transaction Spend","USDC","-47.47200000",""
"26289805","2025-05-27 13:12:21","Isolated Margin","Transaction Buy","BTC","0.00005000",""
"26289805","2025-05-27 13:12:21","Isolated Margin","Transaction Buy","BTC","0.00092000",""
"26289805","2025-05-27 13:12:21","Isolated Margin","Transaction Buy","BTC","0.09624000",""
"26289805","2025-05-27 13:12:21","Isolated Margin","Transaction Buy","BTC","0.00342000",""
"26289805","2025-05-27 13:12:21","Isolated Margin","Transaction Spend","USDC","-5.52000000",""
"26289805","2025-05-27 13:12:21","Isolated Margin","Transaction Spend","USDC","-5.52000000",""
"26289805","2025-05-27 13:12:21","Isolated Margin","Transaction Fee","BTC","-1.0E-7",""
"26289805","2025-05-27 13:12:21","Isolated Margin","Transaction Fee","BTC","-0.00000308",""
"26289805","2025-05-27 13:12:21","Isolated Margin","Transaction Spend","USDC","-101.56800000",""
"26289805","2025-05-27 13:12:21","Isolated Margin","Transaction Buy","BTC","0.00005000",""
"26289805","2025-05-27 13:12:21","Isolated Margin","Transaction Spend","USDC","-20.97600000",""
"26289805","2025-05-27 13:12:21","Isolated Margin","Transaction Fee","BTC","-0.00000325",""
"26289805","2025-05-27 13:12:21","Isolated Margin","Transaction Buy","BTC","0.00011000",""
"26289805","2025-05-27 13:12:21","Isolated Margin","Transaction Spend","USDC","-12.14400000",""
"26289805","2025-05-27 13:12:21","Isolated Margin","Transaction Buy","BTC","0.00324000",""
"26289805","2025-05-27 13:12:21","Isolated Margin","Transaction Spend","USDC","-497.90400000",""
"26289805","2025-05-27 13:12:21","Isolated Margin","Transaction Buy","BTC","0.00007000",""
"26289805","2025-05-27 13:12:21","Isolated Margin","Transaction Fee","BTC","-0.00000665",""
"26289805","2025-05-27 13:12:21","Isolated Margin","Transaction Buy","BTC","0.00451000",""
"26289805","2025-05-27 13:12:21","Isolated Margin","Transaction Spend","USDC","-11.04000000",""
"26289805","2025-05-27 13:12:21","Isolated Margin","Transaction Fee","BTC","-1.8E-7",""
"26289805","2025-05-27 13:12:21","Isolated Margin","Transaction Fee","BTC","-1.0E-7",""
"26289805","2025-05-27 13:12:21","Isolated Margin","Isolated Margin Repayment","BTC","-0.11914965",""
"26289805","2025-05-27 13:12:21","Isolated Margin","Transaction Fee","BTC","-5E-8",""
"26289805","2025-05-27 13:12:21","Isolated Margin","Transaction Spend","USDC","-38.64000000",""
"26289805","2025-05-27 13:12:21","Isolated Margin","Transaction Spend","USDC","-6.62400000",""
"26289805","2025-05-27 13:12:21","Isolated Margin","Transaction Buy","BTC","0.00019000",""
"26289805","2025-05-27 13:12:21","Isolated Margin","Transaction Spend","USDC","-377.56800000",""
"26289805","2025-05-27 13:12:21","Isolated Margin","Transaction Fee","BTC","-5E-8",""
"26289805","2025-05-27 13:12:21","Isolated Margin","Transaction Spend","USDC","-9.93600000",""
"26289805","2025-05-27 13:12:21","Isolated Margin","Transaction Fee","BTC","-1.6E-7",""
"26289805","2025-05-27 13:12:21","Isolated Margin","Transaction Spend","USDC","-357.69600000",""
"26289805","2025-05-27 13:12:21","Isolated Margin","Transaction Buy","BTC","0.00092000",""
"26289805","2025-05-27 13:12:21","Isolated Margin","Transaction Buy","BTC","0.00035000",""
"26289805","2025-05-27 13:12:21","Isolated Margin","Transaction Fee","BTC","-4.1E-7",""
"26289805","2025-05-27 13:12:21","Isolated Margin","Transaction Fee","BTC","-5E-8",""
"26289805","2025-05-27 13:12:21","Isolated Margin","Transaction Fee","BTC","-1.0E-7",""
"26289805","2025-05-27 13:12:21","Isolated Margin","Transaction Buy","BTC","0.00700000",""
"26289805","2025-05-27 13:12:21","Isolated Margin","Transaction Buy","BTC","0.00043000",""
"26289805","2025-05-27 14:28:46","Isolated Margin","Transaction Fee","USDC","-4.79388170",""
"26289805","2025-05-27 14:28:46","Isolated Margin","Transaction Sold","BTC","-0.04600000",""
"26289805","2025-05-27 14:28:46","Isolated Margin","Transaction Revenue","USDC","5046.19126000",""
"26289805","2025-05-27 14:28:46","Isolated Margin","Isolated Margin Loan","BTC","0.09926368",""
"26289805","2025-05-27 14:28:46","Isolated Margin","Transaction Sold","BTC","-0.05400000",""
"26289805","2025-05-27 14:28:46","Isolated Margin","Transaction Fee","USDC","-5.62760025",""
"26289805","2025-05-27 14:28:46","Isolated Margin","Transaction Revenue","USDC","5923.78974000",""
"26289805","2025-05-28 14:45:38","Isolated Margin","Transaction Buy","BTC","0.04169000",""
"26289805","2025-05-28 14:45:38","Isolated Margin","Transaction Fee","BTC","-0.00003961",""
"26289805","2025-05-28 14:45:38","Isolated Margin","Transaction Spend","USDC","-6277.77180310",""
"26289805","2025-05-28 14:45:38","Isolated Margin","Transaction Buy","BTC","0.05831000",""
"26289805","2025-05-28 14:45:38","Isolated Margin","Isolated Margin Repayment","BTC","-0.09926668",""
"26289805","2025-05-28 14:45:38","Isolated Margin","Transaction Spend","USDC","-4488.42919690",""
"26289805","2025-05-28 14:45:38","Isolated Margin","Transaction Fee","BTC","-0.00005539",""
"26289805","2025-05-29 13:13:43","Isolated Margin","Isolated Margin Loan","USDC","13856.17350042",""
"26289805","2025-05-29 13:13:43","Isolated Margin","Transaction Fee","BTC","-0.00004665",""
"26289805","2025-05-29 13:13:43","Isolated Margin","Transaction Buy","BTC","0.04910000",""
"26289805","2025-05-29 13:13:43","Isolated Margin","Transaction Spend","USDC","-5327.64509100",""
"26289805","2025-05-29 13:13:43","Isolated Margin","Transaction Buy","BTC","0.04490000",""
"26289805","2025-05-29 13:13:43","Isolated Margin","Transaction Fee","BTC","-0.00004266",""
"26289805","2025-05-29 13:13:43","Isolated Margin","Transaction Spend","USDC","-4871.91984900",""
"26289805","2025-05-29 13:13:43","Isolated Margin","Transaction Buy","BTC","0.04600000",""
"26289805","2025-05-29 13:13:43","Isolated Margin","Transaction Fee","BTC","-0.00004370",""
"26289805","2025-05-29 13:13:43","Isolated Margin","Transaction Spend","USDC","-4991.27646000",""
"26289805","2025-05-29 13:14:13","Isolated Margin","Transaction Sold","BTC","-0.08440000",""
"26289805","2025-05-29 13:14:13","Isolated Margin","Transaction Revenue","USDC","9154.36582000",""
"26289805","2025-05-29 13:14:13","Isolated Margin","Isolated Margin Repayment","USDC","-13856.25967197",""
"26289805","2025-05-29 13:14:13","Isolated Margin","Transaction Fee","USDC","-5.78059154",""
"26289805","2025-05-29 13:14:13","Isolated Margin","Transaction Revenue","USDC","6084.83320500",""
"26289805","2025-05-29 13:14:13","Isolated Margin","Transaction Sold","BTC","-0.05610000",""
"26289805","2025-05-29 13:14:13","Isolated Margin","Transaction Fee","USDC","-8.69664753",""
"26289805","2025-06-09 22:47:28","Isolated Margin","Transaction Fee","USDC","-4.79889194",""
"26289805","2025-06-09 22:47:28","Isolated Margin","Transaction Fee","USDC","-1.00273536",""
"26289805","2025-06-09 22:47:28","Isolated Margin","Transaction Sold","BTC","-0.04580000",""
"26289805","2025-06-09 22:47:28","Isolated Margin","Transaction Sold","BTC","-0.00010000",""
"26289805","2025-06-09 22:47:28","Isolated Margin","Transaction Fee","USDC","-0.00523904",""
"26289805","2025-06-09 22:47:28","Isolated Margin","Transaction Sold","BTC","-0.00005000",""
"26289805","2025-06-09 22:47:28","Isolated Margin","Transaction Revenue","USDC","5.51480050",""
"26289805","2025-06-09 22:47:28","Isolated Margin","Transaction Sold","BTC","-0.00005000",""
"26289805","2025-06-09 22:47:28","Isolated Margin","Transaction Revenue","USDC","5.51470050",""
"26289805","2025-06-09 22:47:28","Isolated Margin","Transaction Sold","BTC","-0.00005000",""
"26289805","2025-06-09 22:47:28","Isolated Margin","Transaction Revenue","USDC","5051.55680000",""
"26289805","2025-06-09 22:47:28","Isolated Margin","Transaction Revenue","USDC","5.51477400",""
"26289805","2025-06-09 22:47:28","Isolated Margin","Transaction Fee","USDC","-0.00523908",""
"26289805","2025-06-09 22:47:28","Isolated Margin","Transaction Sold","BTC","-0.04580000",""
"26289805","2025-06-09 22:47:28","Isolated Margin","Transaction Fee","USDC","-0.00523906",""
"26289805","2025-06-09 22:47:28","Isolated Margin","Transaction Sold","BTC","-0.00005000",""
"26289805","2025-06-09 22:47:28","Isolated Margin","Transaction Revenue","USDC","5.51477400",""
"26289805","2025-06-09 22:47:28","Isolated Margin","Transaction Revenue","USDC","11.02964500",""
"26289805","2025-06-09 22:47:28","Isolated Margin","Transaction Fee","USDC","-0.00523904",""
"26289805","2025-06-09 22:47:28","Isolated Margin","Transaction Fee","USDC","-0.00523908",""
"26289805","2025-06-09 22:47:28","Isolated Margin","Transaction Sold","BTC","-0.00957000",""
"26289805","2025-06-09 22:47:28","Isolated Margin","Transaction Fee","USDC","-4.79897896",""
"26289805","2025-06-09 22:47:28","Isolated Margin","Transaction Fee","USDC","-0.01047816",""
"26289805","2025-06-09 22:47:28","Isolated Margin","Transaction Revenue","USDC","5.51477400",""
"26289805","2025-06-09 22:47:28","Isolated Margin","Transaction Fee","USDC","-0.00523897",""
"26289805","2025-06-09 22:47:28","Isolated Margin","Transaction Revenue","USDC","5.51482250",""
"26289805","2025-06-09 22:47:28","Isolated Margin","Transaction Revenue","USDC","5.51480050",""
"26289805","2025-06-09 22:47:28","Isolated Margin","Transaction Sold","BTC","-0.01813000",""
"26289805","2025-06-09 22:47:28","Isolated Margin","Transaction Revenue","USDC","5.51480050",""
"26289805","2025-06-09 22:47:28","Isolated Margin","Transaction Sold","BTC","-0.00005000",""
"26289805","2025-06-09 22:47:28","Isolated Margin","Transaction Revenue","USDC","5.51482250",""
"26289805","2025-06-09 22:47:28","Isolated Margin","Transaction Fee","USDC","-0.00523906",""
"26289805","2025-06-09 22:47:28","Isolated Margin","Isolated Margin Loan","BTC","0.11999469",""
"26289805","2025-06-09 22:47:28","Isolated Margin","Transaction Revenue","USDC","1999.62768180",""
"26289805","2025-06-09 22:47:28","Isolated Margin","Transaction Revenue","USDC","5.51482250",""
"26289805","2025-06-09 22:47:28","Isolated Margin","Transaction Sold","BTC","-0.00005000",""
"26289805","2025-06-09 22:47:28","Isolated Margin","Transaction Fee","USDC","-0.00523904",""
"26289805","2025-06-09 22:47:28","Isolated Margin","Transaction Sold","BTC","-0.00005000",""
"26289805","2025-06-09 22:47:28","Isolated Margin","Transaction Revenue","USDC","5051.46520000",""
"26289805","2025-06-09 22:47:28","Isolated Margin","Transaction Fee","USDC","-1.89964630",""
"26289805","2025-06-09 22:47:28","Isolated Margin","Transaction Revenue","USDC","5.51470050",""
"26289805","2025-06-09 22:47:28","Isolated Margin","Transaction Sold","BTC","-0.00005000",""
"26289805","2025-06-09 22:47:28","Isolated Margin","Transaction Sold","BTC","-0.00005000",""
"26289805","2025-06-09 22:47:28","Isolated Margin","Transaction Sold","BTC","-0.00005000",""
"26289805","2025-06-09 22:47:28","Isolated Margin","Transaction Fee","USDC","-0.00523908",""
"26289805","2025-06-09 22:47:28","Isolated Margin","Transaction Fee","USDC","-0.00523897",""
"26289805","2025-06-09 22:47:28","Isolated Margin","Transaction Sold","BTC","-0.00005000",""
"26289805","2025-06-09 22:47:28","Isolated Margin","Transaction Fee","USDC","-0.00523906",""
"26289805","2025-06-09 22:47:28","Isolated Margin","Transaction Revenue","USDC","1055.51090040",""
"26289805","2025-06-09 22:47:28","Isolated Margin","Transaction Revenue","USDC","5.51470050",""
"26289805","2025-06-09 22:47:28","Isolated Margin","Transaction Fee","USDC","-0.00523897",""
"26289805","2025-06-09 22:47:28","Isolated Margin","Transaction Sold","BTC","-0.00005000",""
"26289805","2025-06-10 06:10:21","Isolated Margin","Transaction Fee","BTC","-2.5E-7",""
"26289805","2025-06-10 06:10:21","Isolated Margin","Transaction Buy","BTC","0.01004000",""
"26289805","2025-06-10 06:10:21","Isolated Margin","Transaction Buy","BTC","0.00005000",""
"26289805","2025-06-10 06:10:21","Isolated Margin","Transaction Buy","BTC","0.00005000",""
"26289805","2025-06-10 06:10:21","Isolated Margin","Transaction Fee","BTC","-0.00004456",""
"26289805","2025-06-10 06:10:21","Isolated Margin","Transaction Spend","USDC","-1097.53253960",""
"26289805","2025-06-10 06:10:21","Isolated Margin","Transaction Spend","USDC","-5126.91993100",""
"26289805","2025-06-10 06:10:21","Isolated Margin","Transaction Fee","BTC","-5E-8",""
"26289805","2025-06-10 06:10:21","Isolated Margin","Transaction Buy","BTC","0.06320000",""
"26289805","2025-06-10 06:10:21","Isolated Margin","Isolated Margin Repayment","BTC","-0.11999602",""
"26289805","2025-06-10 06:10:21","Isolated Margin","Transaction Buy","BTC","0.00026000",""
"26289805","2025-06-10 06:10:21","Isolated Margin","Transaction Buy","BTC","0.04690000",""
"26289805","2025-06-10 06:10:21","Isolated Margin","Transaction Spend","USDC","-6908.77056800",""
"26289805","2025-06-10 06:10:21","Isolated Margin","Transaction Spend","USDC","-5.46579950",""
"26289805","2025-06-10 06:10:21","Isolated Margin","Transaction Spend","USDC","-5.46579950",""
"26289805","2025-06-10 06:10:21","Isolated Margin","Transaction Fee","BTC","-0.00000954",""
"26289805","2025-06-10 06:10:21","Isolated Margin","Transaction Fee","BTC","-5E-8",""
"26289805","2025-06-10 06:10:21","Isolated Margin","Transaction Fee","BTC","-0.00006004",""
"26289805","2025-06-10 06:10:21","Isolated Margin","Transaction Spend","USDC","-28.42215740",""
"26289805","2025-06-12 18:34:26","Isolated Margin","Transaction Revenue","USDC","5.39830050",""
"26289805","2025-06-12 18:34:26","Isolated Margin","Transaction Revenue","USDC","5.39830050",""
"26289805","2025-06-12 18:34:26","Isolated Margin","Transaction Sold","BTC","-0.00005000",""
"26289805","2025-06-12 18:34:26","Isolated Margin","Transaction Sold","BTC","-0.06156000",""
"26289805","2025-06-12 18:34:26","Isolated Margin","Transaction Sold","BTC","-0.00005000",""
"26289805","2025-06-12 18:34:26","Isolated Margin","Transaction Fee","USDC","-0.00512839",""
"26289805","2025-06-12 18:34:26","Isolated Margin","Transaction Fee","USDC","-0.00512839",""
"26289805","2025-06-12 18:34:26","Isolated Margin","Transaction Sold","BTC","-0.00005000",""
"26289805","2025-06-12 18:34:26","Isolated Margin","Isolated Margin Loan","BTC","0.11961051",""
"26289805","2025-06-12 18:34:26","Isolated Margin","Transaction Revenue","USDC","6646.38757560",""
"26289805","2025-06-12 18:34:26","Isolated Margin","Transaction Sold","BTC","-0.05829000",""
"26289805","2025-06-12 18:34:26","Isolated Margin","Transaction Fee","USDC","-0.00512839",""
"26289805","2025-06-12 18:34:26","Isolated Margin","Transaction Fee","USDC","-6.31406820",""
"26289805","2025-06-12 18:34:26","Isolated Margin","Transaction Revenue","USDC","6293.33872290",""
"26289805","2025-06-12 18:34:26","Isolated Margin","Transaction Fee","USDC","-5.97867179",""
"26289805","2025-06-12 18:34:26","Isolated Margin","Transaction Revenue","USDC","5.39830050",""
"26289805","2025-06-12 21:04:20","Isolated Margin","Transaction Fee","BTC","-5E-8",""
"26289805","2025-06-12 21:04:20","Isolated Margin","Transaction Spend","USDC","-5.30360000",""
"26289805","2025-06-12 21:04:20","Isolated Margin","Transaction Spend","USDC","-1329.08216000",""
"26289805","2025-06-12 21:04:20","Isolated Margin","Transaction Fee","BTC","-0.00000664",""
"26289805","2025-06-12 21:04:20","Isolated Margin","Transaction Spend","USDC","-2560.57808000",""
"26289805","2025-06-12 21:04:20","Isolated Margin","Transaction Spend","USDC","-5.30360000",""
"26289805","2025-06-12 21:04:20","Isolated Margin","Transaction Spend","USDC","-5.30360000",""
"26289805","2025-06-12 21:04:20","Isolated Margin","Transaction Buy","BTC","0.00005000",""
"26289805","2025-06-12 21:04:20","Isolated Margin","Transaction Buy","BTC","0.04184000",""
"26289805","2025-06-12 21:04:20","Isolated Margin","Transaction Buy","BTC","0.03430000",""
"26289805","2025-06-12 21:04:20","Isolated Margin","Transaction Buy","BTC","0.00699000",""
"26289805","2025-06-12 21:04:20","Isolated Margin","Isolated Margin Repayment","BTC","-0.11961093",""
"26289805","2025-06-12 21:04:20","Isolated Margin","Transaction Fee","BTC","-5E-8",""
"26289805","2025-06-12 21:04:20","Isolated Margin","Transaction Fee","BTC","-0.00003975",""
"26289805","2025-06-12 21:04:20","Isolated Margin","Transaction Buy","BTC","0.02414000",""
"26289805","2025-06-12 21:04:20","Isolated Margin","Transaction Fee","BTC","-0.00003259",""
"26289805","2025-06-12 21:04:20","Isolated Margin","Transaction Fee","BTC","-0.00001190",""
"26289805","2025-06-12 21:04:20","Isolated Margin","Transaction Spend","USDC","-4438.05248000",""
"26289805","2025-06-12 21:04:20","Isolated Margin","Transaction Fee","BTC","-5E-8",""
"26289805","2025-06-12 21:04:20","Isolated Margin","Transaction Buy","BTC","0.00005000",""
"26289805","2025-06-12 21:04:20","Isolated Margin","Transaction Fee","BTC","-0.00002293",""
"26289805","2025-06-12 21:04:20","Isolated Margin","Transaction Buy","BTC","0.00005000",""
"26289805","2025-06-12 21:04:20","Isolated Margin","Transaction Buy","BTC","0.01253000",""
"26289805","2025-06-12 21:04:20","Isolated Margin","Transaction Spend","USDC","-5.30360000",""
"26289805","2025-06-12 21:04:20","Isolated Margin","Transaction Buy","BTC","0.00005000",""
"26289805","2025-06-12 21:04:20","Isolated Margin","Transaction Fee","BTC","-5E-8",""
"26289805","2025-06-12 21:04:20","Isolated Margin","Transaction Spend","USDC","-3638.26960000",""
"26289805","2025-06-12 21:04:20","Isolated Margin","Transaction Spend","USDC","-741.44334990",""
"26289805","2025-06-16 18:13:02","Isolated Margin","Transaction Sold","BTC","-0.08738000",""
"26289805","2025-06-16 18:13:02","Isolated Margin","Transaction Fee","USDC","-4.30968930",""
"26289805","2025-06-16 18:13:02","Isolated Margin","Transaction Fee","USDC","-0.04201076",""
"26289805","2025-06-16 18:13:02","Isolated Margin","Transaction Revenue","USDC","5.39290900",""
"26289805","2025-06-16 18:13:02","Isolated Margin","Transaction Fee","USDC","-0.00512326",""
"26289805","2025-06-16 18:13:02","Isolated Margin","Transaction Fee","USDC","-0.00512326",""
"26289805","2025-06-16 18:13:02","Isolated Margin","Isolated Margin Loan","BTC","0.12972494",""
"26289805","2025-06-16 18:13:02","Isolated Margin","Transaction Revenue","USDC","4536.51505080",""
"26289805","2025-06-16 18:13:02","Isolated Margin","Transaction Sold","BTC","-0.04206000",""
"26289805","2025-06-16 18:13:02","Isolated Margin","Transaction Fee","USDC","-8.95341538",""
"26289805","2025-06-16 18:13:02","Isolated Margin","Transaction Revenue","USDC","44.22185380",""
"26289805","2025-06-16 18:13:02","Isolated Margin","Transaction Fee","USDC","-0.00512326",""
"26289805","2025-06-16 18:13:02","Isolated Margin","Transaction Sold","BTC","-0.00005000",""
"26289805","2025-06-16 18:13:02","Isolated Margin","Transaction Sold","BTC","-0.00041000",""
"26289805","2025-06-16 18:13:02","Isolated Margin","Transaction Revenue","USDC","9424.64776840",""
"26289805","2025-06-16 18:13:02","Isolated Margin","Transaction Revenue","USDC","5.39290900",""
"26289805","2025-06-16 18:13:02","Isolated Margin","Transaction Sold","BTC","-0.00005000",""
"26289805","2025-06-16 18:13:02","Isolated Margin","Transaction Sold","BTC","-0.00005000",""
"26289805","2025-06-16 18:13:02","Isolated Margin","Transaction Revenue","USDC","5.39290900",""
"26289805","2025-06-16 19:08:34","Isolated Margin","Transaction Buy","BTC","0.13030000",""
"26289805","2025-06-16 19:08:34","Isolated Margin","Isolated Margin Repayment","BTC","-0.12972526",""
"26289805","2025-06-16 19:08:34","Isolated Margin","Transaction Spend","USDC","-14166.73589700",""
"26289805","2025-06-16 19:08:34","Isolated Margin","Transaction Fee","BTC","-0.00012379",""
"26289805","2025-06-22 19:32:56","Isolated Margin","Transaction Fee","BTC","-0.00006590",""
"26289805","2025-06-22 19:32:56","Isolated Margin","Transaction Fee","BTC","-0.00003430",""
"26289805","2025-06-22 19:32:56","Isolated Margin","Isolated Margin Loan","USDC","14928.88062146",""
"26289805","2025-06-22 19:32:56","Isolated Margin","Transaction Fee","BTC","-0.00005814",""
"26289805","2025-06-22 19:32:56","Isolated Margin","Transaction Buy","BTC","0.03610000",""
"26289805","2025-06-22 19:32:56","Isolated Margin","Transaction Spend","USDC","-3582.56111200",""
"26289805","2025-06-22 19:32:56","Isolated Margin","Transaction Buy","BTC","0.06937000",""
"26289805","2025-06-22 19:32:56","Isolated Margin","Transaction Spend","USDC","-6073.48310400",""
"26289805","2025-06-22 19:32:56","Isolated Margin","Transaction Spend","USDC","-6884.27325040",""
"26289805","2025-06-22 19:32:56","Isolated Margin","Transaction Buy","BTC","0.06120000",""
"26289805","2025-06-22 20:09:29","Isolated Margin","Transaction Sold","BTC","-0.01010000",""
"26289805","2025-06-22 20:09:29","Isolated Margin","Transaction Revenue","USDC","1004.99678060",""
"26289805","2025-06-22 20:09:29","Isolated Margin","Transaction Revenue","USDC","16.78240000",""
"26289805","2025-06-22 20:09:29","Isolated Margin","Transaction Fee","USDC","-0.03470051",""
"26289805","2025-06-22 20:09:29","Isolated Margin","Transaction Fee","USDC","-0.95474694",""
"26289805","2025-06-22 20:09:29","Isolated Margin","Transaction Fee","USDC","-0.36107963",""
"26289805","2025-06-22 20:09:29","Isolated Margin","Transaction Sold","BTC","-0.00006000",""
"26289805","2025-06-22 20:09:29","Isolated Margin","Transaction Revenue","USDC","12315.95662440",""
"26289805","2025-06-22 20:09:29","Isolated Margin","Transaction Sold","BTC","-0.00006000",""
"26289805","2025-06-22 20:09:29","Isolated Margin","Transaction Sold","BTC","-0.12476000",""
"26289805","2025-06-22 20:09:29","Isolated Margin","Transaction Fee","USDC","-0.37512840",""
"26289805","2025-06-22 20:09:29","Isolated Margin","Transaction Fee","USDC","-0.00562709",""
"26289805","2025-06-22 20:09:29","Isolated Margin","Transaction Fee","USDC","-0.00656494",""
"26289805","2025-06-22 20:09:29","Isolated Margin","Transaction Revenue","USDC","5.92325760",""
"26289805","2025-06-22 20:09:29","Isolated Margin","Transaction Fee","USDC","-0.01594328",""
"26289805","2025-06-22 20:09:29","Isolated Margin","Transaction Fee","USDC","-0.94909418",""
"26289805","2025-06-22 20:09:29","Isolated Margin","Transaction Fee","USDC","-0.03282385",""
"26289805","2025-06-22 20:09:29","Isolated Margin","Transaction Revenue","USDC","8.88461550",""
"26289805","2025-06-22 20:09:29","Isolated Margin","Transaction Fee","USDC","-0.94721850",""
"26289805","2025-06-22 20:09:29","Isolated Margin","Transaction Fee","USDC","-0.00562719",""
"26289805","2025-06-22 20:09:29","Isolated Margin","Transaction Sold","BTC","-0.00017000",""
"26289805","2025-06-22 20:09:29","Isolated Margin","Transaction Sold","BTC","-0.00006000",""
"26289805","2025-06-22 20:09:29","Isolated Margin","Transaction Fee","USDC","-0.00844038",""
"26289805","2025-06-22 20:09:29","Isolated Margin","Transaction Revenue","USDC","5.92320000",""
"26289805","2025-06-22 20:09:29","Isolated Margin","Transaction Sold","BTC","-0.00385000",""
"26289805","2025-06-22 20:09:29","Isolated Margin","Transaction Revenue","USDC","199.42046000",""
"26289805","2025-06-22 20:09:29","Isolated Margin","Transaction Fee","USDC","-0.01500551",""
"26289805","2025-06-22 20:09:29","Isolated Margin","Transaction Revenue","USDC","5.92325760",""
"26289805","2025-06-22 20:09:29","Isolated Margin","Transaction Revenue","USDC","9.87223200",""
"26289805","2025-06-22 20:09:29","Isolated Margin","Transaction Fee","USDC","-0.00656494",""
"26289805","2025-06-22 20:09:29","Isolated Margin","Transaction Sold","BTC","-0.00006000",""
"26289805","2025-06-22 20:09:29","Isolated Margin","Transaction Revenue","USDC","6.91046720",""
"26289805","2025-06-22 20:09:29","Isolated Margin","Transaction Revenue","USDC","5.92320120",""
"26289805","2025-06-22 20:09:29","Isolated Margin","Transaction Sold","BTC","-0.00007000",""
"26289805","2025-06-22 20:09:29","Isolated Margin","Transaction Sold","BTC","-0.00010000",""
"26289805","2025-06-22 20:09:29","Isolated Margin","Transaction Sold","BTC","-0.00202000",""
"26289805","2025-06-22 20:09:29","Isolated Margin","Transaction Fee","USDC","-0.00562688",""
"26289805","2025-06-22 20:09:29","Isolated Margin","Transaction Fee","USDC","-0.00562709",""
"26289805","2025-06-22 20:09:29","Isolated Margin","Transaction Revenue","USDC","5.92336080",""
"26289805","2025-06-22 20:09:29","Isolated Margin","Transaction Fee","USDC","-0.00562704",""
"26289805","2025-06-22 20:09:29","Isolated Margin","Transaction Sold","BTC","-0.00009000",""
"26289805","2025-06-22 20:09:29","Isolated Margin","Transaction Sold","BTC","-0.00007000",""
"26289805","2025-06-22 20:09:29","Isolated Margin","Transaction Sold","BTC","-0.00035000",""
"26289805","2025-06-22 20:09:29","Isolated Margin","Transaction Fee","USDC","-0.00656486",""
"26289805","2025-06-22 20:09:29","Isolated Margin","Transaction Revenue","USDC","6.91046720",""
"26289805","2025-06-22 20:09:29","Isolated Margin","Transaction Revenue","USDC","394.87200000",""
"26289805","2025-06-22 20:09:29","Isolated Margin","Transaction Revenue","USDC","15.79527840",""
"26289805","2025-06-22 20:09:29","Isolated Margin","Transaction Sold","BTC","-0.00006000",""
"26289805","2025-06-22 20:09:29","Isolated Margin","Transaction Sold","BTC","-0.00016000",""
"26289805","2025-06-22 20:09:29","Isolated Margin","Transaction Revenue","USDC","380.08381950",""
"26289805","2025-06-22 20:09:29","Isolated Margin","Transaction Sold","BTC","-0.00400000",""
"26289805","2025-06-22 20:09:29","Isolated Margin","Transaction Revenue","USDC","5.92325760",""
"26289805","2025-06-22 20:09:29","Isolated Margin","Transaction Revenue","USDC","6.91037900",""
"26289805","2025-06-22 20:09:29","Isolated Margin","Transaction Sold","BTC","-0.00006000",""
"26289805","2025-06-22 20:09:29","Isolated Margin","Transaction Fee","USDC","-0.00562709",""
"26289805","2025-06-22 20:09:29","Isolated Margin","Transaction Sold","BTC","-0.00037000",""
"26289805","2025-06-22 20:09:29","Isolated Margin","Transaction Fee","USDC","-0.00562704",""
"26289805","2025-06-22 20:09:29","Isolated Margin","Transaction Revenue","USDC","997.07210100",""
"26289805","2025-06-22 20:09:29","Isolated Margin","Transaction Fee","USDC","-0.18944944",""
"26289805","2025-06-22 20:09:29","Isolated Margin","Transaction Revenue","USDC","999.04650120",""
"26289805","2025-06-22 20:09:29","Isolated Margin","Transaction Revenue","USDC","36.52685510",""
"26289805","2025-06-22 20:09:29","Isolated Margin","Transaction Revenue","USDC","34.55142250",""
"26289805","2025-06-22 20:09:29","Isolated Margin","Transaction Sold","BTC","-0.01018000",""
"26289805","2025-06-22 20:09:29","Isolated Margin","Transaction Sold","BTC","-0.00006000",""
"26289805","2025-06-22 20:09:29","Isolated Margin","Transaction Sold","BTC","-0.00007000",""
"26289805","2025-06-22 20:09:29","Isolated Margin","Transaction Revenue","USDC","5.92303200",""
"26289805","2025-06-22 20:09:29","Isolated Margin","Isolated Margin Repayment","USDC","-14929.07089006",""
"26289805","2025-06-22 20:09:29","Isolated Margin","Transaction Fee","USDC","-11.70015879",""
"26289805","2025-06-22 20:09:29","Isolated Margin","Transaction Fee","USDC","-0.00937862",""
"26289805","2025-06-22 20:09:29","Isolated Margin","Transaction Sold","BTC","-0.01012000",""
"26289805","2025-06-25 15:52:20","Isolated Margin","Transaction Revenue","USDC","4479.34061820",""
"26289805","2025-06-25 15:52:20","Isolated Margin","Transaction Revenue","USDC","5.35550100",""
"26289805","2025-06-25 15:52:20","Isolated Margin","Transaction Revenue","USDC","5.35561550",""
"26289805","2025-06-25 15:52:20","Isolated Margin","Transaction Fee","USDC","-0.00508787",""
"26289805","2025-06-25 15:52:20","Isolated Margin","Transaction Revenue","USDC","5.35550100",""
"26289805","2025-06-25 15:52:20","Isolated Margin","Transaction Sold","BTC","-0.00005000",""
"26289805","2025-06-25 15:52:20","Isolated Margin","Transaction Sold","BTC","-0.00005000",""
"26289805","2025-06-25 15:52:20","Isolated Margin","Transaction Fee","USDC","-0.00508773",""
"26289805","2025-06-25 15:52:20","Isolated Margin","Transaction Sold","BTC","-0.00005000",""
"26289805","2025-06-25 15:52:20","Isolated Margin","Transaction Sold","BTC","-0.00067000",""
"26289805","2025-06-25 15:52:20","Isolated Margin","Transaction Revenue","USDC","5.35561550",""
"26289805","2025-06-25 15:52:20","Isolated Margin","Transaction Revenue","USDC","5.35565500",""
"26289805","2025-06-25 15:52:20","Isolated Margin","Transaction Revenue","USDC","5.35565500",""
"26289805","2025-06-25 15:52:20","Isolated Margin","Transaction Revenue","USDC","6762.92540000",""
"26289805","2025-06-25 15:52:20","Isolated Margin","Transaction Fee","USDC","-0.00508787",""
"26289805","2025-06-25 15:52:20","Isolated Margin","Transaction Fee","USDC","-4.25537359",""
"26289805","2025-06-25 15:52:20","Isolated Margin","Transaction Revenue","USDC","5.35565500",""
"26289805","2025-06-25 15:52:20","Isolated Margin","Transaction Fee","USDC","-0.00508773",""
"26289805","2025-06-25 15:52:20","Isolated Margin","Transaction Fee","USDC","-6.42477913",""
"26289805","2025-06-25 15:52:20","Isolated Margin","Transaction Sold","BTC","-0.00005000",""
"26289805","2025-06-25 15:52:20","Isolated Margin","Transaction Revenue","USDC","5.35565500",""
"26289805","2025-06-25 15:52:20","Isolated Margin","Transaction Revenue","USDC","5.35565500",""
"26289805","2025-06-25 15:52:20","Isolated Margin","Transaction Fee","USDC","-0.00508773",""
"26289805","2025-06-25 15:52:20","Isolated Margin","Transaction Fee","USDC","-0.00508787",""
"26289805","2025-06-25 15:52:20","Isolated Margin","Transaction Sold","BTC","-0.00005000",""
"26289805","2025-06-25 15:52:20","Isolated Margin","Transaction Sold","BTC","-0.00005000",""
"26289805","2025-06-25 15:52:20","Isolated Margin","Transaction Sold","BTC","-0.00005000",""
"26289805","2025-06-25 15:52:20","Isolated Margin","Isolated Margin Loan","BTC","0.12493739",""
"26289805","2025-06-25 15:52:20","Isolated Margin","Transaction Revenue","USDC","5.35550100",""
"26289805","2025-06-25 15:52:20","Isolated Margin","Transaction Revenue","USDC","5.35550050",""
"26289805","2025-06-25 15:52:20","Isolated Margin","Transaction Sold","BTC","-0.00005000",""
"26289805","2025-06-25 15:52:20","Isolated Margin","Transaction Fee","USDC","-0.00508787",""
"26289805","2025-06-25 15:52:20","Isolated Margin","Transaction Fee","USDC","-1.89979731",""
"26289805","2025-06-25 15:52:20","Isolated Margin","Transaction Fee","USDC","-0.00508787",""
"26289805","2025-06-25 15:52:20","Isolated Margin","Transaction Revenue","USDC","1999.78664100",""
"26289805","2025-06-25 15:52:20","Isolated Margin","Transaction Sold","BTC","-0.04182000",""
"26289805","2025-06-25 15:52:20","Isolated Margin","Transaction Sold","BTC","-0.01867000",""
"26289805","2025-06-25 15:52:20","Isolated Margin","Transaction Fee","USDC","-0.00508773",""
"26289805","2025-06-25 15:52:20","Isolated Margin","Transaction Fee","USDC","-0.00508773",""
"26289805","2025-06-25 15:52:20","Isolated Margin","Transaction Revenue","USDC","5.35561550",""
"26289805","2025-06-25 15:52:20","Isolated Margin","Transaction Fee","USDC","-0.00508783",""
"26289805","2025-06-25 15:52:20","Isolated Margin","Transaction Sold","BTC","-0.00005000",""
"26289805","2025-06-25 15:52:20","Isolated Margin","Transaction Sold","BTC","-0.00005000",""
"26289805","2025-06-25 15:52:20","Isolated Margin","Transaction Revenue","USDC","5.35550050",""
"26289805","2025-06-25 15:52:20","Isolated Margin","Transaction Fee","USDC","-0.00508773",""
"26289805","2025-06-25 15:52:20","Isolated Margin","Transaction Fee","USDC","-0.00508783",""
"26289805","2025-06-25 15:52:20","Isolated Margin","Transaction Sold","BTC","-0.00005000",""
"26289805","2025-06-25 15:52:20","Isolated Margin","Transaction Revenue","USDC","71.76577700",""
"26289805","2025-06-25 15:52:20","Isolated Margin","Transaction Sold","BTC","-0.00005000",""
"26289805","2025-06-25 15:52:20","Isolated Margin","Transaction Sold","BTC","-0.00005000",""
"26289805","2025-06-25 15:52:20","Isolated Margin","Transaction Sold","BTC","-0.06314000",""
"26289805","2025-06-25 15:52:20","Isolated Margin","Transaction Fee","USDC","-0.00508783",""
"26289805","2025-06-25 15:52:20","Isolated Margin","Transaction Revenue","USDC","5.35550050",""
"26289805","2025-06-25 15:52:20","Isolated Margin","Transaction Fee","USDC","-0.06817749",""
"26289805","2025-06-25 15:52:20","Isolated Margin","Transaction Sold","BTC","-0.00005000",""
"26289805","2025-06-29 11:54:13","Isolated Margin","Transaction Spend","USDC","-6.50128920",""
"26289805","2025-06-29 11:54:13","Isolated Margin","Transaction Buy","BTC","0.00019000",""
"26289805","2025-06-29 11:54:13","Isolated Margin","Transaction Buy","BTC","0.00014000",""
"26289805","2025-06-29 11:54:13","Isolated Margin","Transaction Spend","USDC","-6.50108100",""
"26289805","2025-06-29 11:54:13","Isolated Margin","Transaction Fee","BTC","-2.0E-7",""
"26289805","2025-06-29 11:54:13","Isolated Margin","Transaction Fee","BTC","-0.00002051",""
"26289805","2025-06-29 11:54:13","Isolated Margin","Transaction Fee","BTC","-1.0E-7",""
"26289805","2025-06-29 11:54:13","Isolated Margin","Transaction Buy","BTC","0.00009000",""
"26289805","2025-06-29 11:54:13","Isolated Margin","Transaction Spend","USDC","-8.66841120",""
"26289805","2025-06-29 11:54:13","Isolated Margin","Transaction Buy","BTC","0.01384000",""
"26289805","2025-06-29 11:54:13","Isolated Margin","Transaction Buy","BTC","0.03723000",""
"26289805","2025-06-29 11:54:13","Isolated Margin","Transaction Buy","BTC","0.00021000",""
"26289805","2025-06-29 11:54:13","Isolated Margin","Transaction Fee","BTC","-6E-8",""
"26289805","2025-06-29 11:54:13","Isolated Margin","Transaction Fee","BTC","-2.6E-7",""
"26289805","2025-06-29 11:54:13","Isolated Margin","Transaction Buy","BTC","0.00006000",""
"26289805","2025-06-29 11:54:13","Isolated Margin","Transaction Fee","BTC","-9E-8",""
"26289805","2025-06-29 11:54:13","Isolated Margin","Transaction Spend","USDC","-16.25274600",""
"26289805","2025-06-29 11:54:13","Isolated Margin","Transaction Buy","BTC","0.00018000",""
"26289805","2025-06-29 11:54:13","Isolated Margin","Transaction Fee","BTC","-5E-8",""
"26289805","2025-06-29 11:54:13","Isolated Margin","Transaction Fee","BTC","-0.00001315",""
"26289805","2025-06-29 11:54:13","Isolated Margin","Transaction Fee","BTC","-1.7E-7",""
"26289805","2025-06-29 11:54:13","Isolated Margin","Transaction Buy","BTC","0.00005000",""
"26289805","2025-06-29 11:54:13","Isolated Margin","Transaction Spend","USDC","-7.58461760",""
"26289805","2025-06-29 11:54:13","Isolated Margin","Transaction Fee","BTC","-3.0E-7",""
"26289805","2025-06-29 11:54:13","Isolated Margin","Transaction Fee","BTC","-1.4E-7",""
"26289805","2025-06-29 11:54:13","Isolated Margin","Transaction Buy","BTC","0.00026000",""
"26289805","2025-06-29 11:54:13","Isolated Margin","Transaction Spend","USDC","-29.25522900",""
"26289805","2025-06-29 11:54:13","Isolated Margin","Transaction Spend","USDC","-8.66807040",""
"26289805","2025-06-29 11:54:13","Isolated Margin","Transaction Fee","BTC","-3.9E-7",""
"26289805","2025-06-29 11:54:13","Isolated Margin","Transaction Fee","BTC","-6E-8",""
"26289805","2025-06-29 11:54:13","Isolated Margin","Transaction Spend","USDC","-10.83540900",""
"26289805","2025-06-29 11:54:13","Isolated Margin","Transaction Buy","BTC","0.00008000",""
"26289805","2025-06-29 11:54:13","Isolated Margin","Transaction Buy","BTC","0.00008000",""
"26289805","2025-06-29 11:54:13","Isolated Margin","Transaction Fee","BTC","-1.4E-7",""
"26289805","2025-06-29 11:54:13","Isolated Margin","Transaction Buy","BTC","0.00008000",""
"26289805","2025-06-29 11:54:13","Isolated Margin","Transaction Fee","BTC","-5E-8",""
"26289805","2025-06-29 11:54:13","Isolated Margin","Transaction Spend","USDC","-16.25304750",""
"26289805","2025-06-29 11:54:13","Isolated Margin","Transaction Buy","BTC","0.00018000",""
"26289805","2025-06-29 11:54:13","Isolated Margin","Transaction Fee","BTC","-7E-8",""
"26289805","2025-06-29 11:54:13","Isolated Margin","Transaction Spend","USDC","-8.66857120",""
"26289805","2025-06-29 11:54:13","Isolated Margin","Transaction Fee","BTC","-1.3E-7",""
"26289805","2025-06-29 11:54:13","Isolated Margin","Transaction Fee","BTC","-1.4E-7",""
"26289805","2025-06-29 11:54:13","Isolated Margin","Transaction Buy","BTC","0.00032000",""
"26289805","2025-06-29 11:54:13","Isolated Margin","Transaction Spend","USDC","-7.58483600",""
"26289805","2025-06-29 11:54:13","Isolated Margin","Transaction Buy","BTC","0.00007000",""
"26289805","2025-06-29 11:54:13","Isolated Margin","Transaction Spend","USDC","-138.68972800",""
"26289805","2025-06-29 11:54:13","Isolated Margin","Transaction Buy","BTC","0.00015000",""
"26289805","2025-06-29 11:54:13","Isolated Margin","Transaction Fee","BTC","-8E-8",""
"26289805","2025-06-29 11:54:13","Isolated Margin","Transaction Buy","BTC","0.00019000",""
"26289805","2025-06-29 11:54:13","Isolated Margin","Transaction Spend","USDC","-262.22360120",""
"26289805","2025-06-29 11:54:13","Isolated Margin","Transaction Spend","USDC","-7.58498020",""
"26289805","2025-06-29 11:54:13","Isolated Margin","Transaction Fee","BTC","-0.00003537",""
"26289805","2025-06-29 11:54:13","Isolated Margin","Transaction Buy","BTC","0.04154000",""
"26289805","2025-06-29 11:54:13","Isolated Margin","Transaction Spend","USDC","-19.50429240",""
"26289805","2025-06-29 11:54:13","Isolated Margin","Transaction Spend","USDC","-15.16948720",""
"26289805","2025-06-29 11:54:13","Isolated Margin","Transaction Fee","BTC","-2.5E-7",""
"26289805","2025-06-29 11:54:13","Isolated Margin","Transaction Buy","BTC","0.00041000",""
"26289805","2025-06-29 11:54:13","Isolated Margin","Transaction Fee","BTC","-7E-8",""
"26289805","2025-06-29 11:54:13","Isolated Margin","Transaction Fee","BTC","-7E-8",""
"26289805","2025-06-29 11:54:13","Isolated Margin","Transaction Fee","BTC","-2.5E-7",""
"26289805","2025-06-29 11:54:13","Isolated Margin","Transaction Spend","USDC","-5.41765500",""
"26289805","2025-06-29 11:54:13","Isolated Margin","Transaction Spend","USDC","-16.25305050",""
"26289805","2025-06-29 11:54:13","Isolated Margin","Transaction Buy","BTC","0.00005000",""
"26289805","2025-06-29 11:54:13","Isolated Margin","Transaction Spend","USDC","-2339.33457710",""
"26289805","2025-06-29 11:54:13","Isolated Margin","Isolated Margin Repayment","BTC","-0.12495134",""
"26289805","2025-06-29 11:54:13","Isolated Margin","Transaction Buy","BTC","0.00005000",""
"26289805","2025-06-29 11:54:13","Isolated Margin","Transaction Spend","USDC","-6.50107320",""
"26289805","2025-06-29 11:54:13","Isolated Margin","Transaction Fee","BTC","-6E-8",""
"26289805","2025-06-29 11:54:13","Isolated Margin","Transaction Fee","BTC","-3.3E-7",""
"26289805","2025-06-29 11:54:13","Isolated Margin","Transaction Fee","BTC","-7E-8",""
"26289805","2025-06-29 11:54:13","Isolated Margin","Transaction Fee","BTC","-1.8E-7",""
"26289805","2025-06-29 11:54:13","Isolated Margin","Transaction Buy","BTC","0.00022000",""
"26289805","2025-06-29 11:54:13","Isolated Margin","Transaction Spend","USDC","-22.75494060",""
"26289805","2025-06-29 11:54:13","Isolated Margin","Transaction Spend","USDC","-37.92427100",""
"26289805","2025-06-29 11:54:13","Isolated Margin","Transaction Buy","BTC","0.02159000",""
"26289805","2025-06-29 11:54:13","Isolated Margin","Transaction Buy","BTC","0.00128000",""
"26289805","2025-06-29 11:54:13","Isolated Margin","Transaction Fee","BTC","-6E-8",""
"26289805","2025-06-29 11:54:13","Isolated Margin","Transaction Fee","BTC","-5E-8",""
"26289805","2025-06-29 11:54:13","Isolated Margin","Transaction Buy","BTC","0.00051000",""
"26289805","2025-06-29 11:54:13","Isolated Margin","Transaction Buy","BTC","0.00088000",""
"26289805","2025-06-29 11:54:13","Isolated Margin","Transaction Buy","BTC","0.00242000",""
"26289805","2025-06-29 11:54:13","Isolated Margin","Transaction Spend","USDC","-34.67299200",""
"26289805","2025-06-29 11:54:13","Isolated Margin","Transaction Spend","USDC","-5.41786150",""
"26289805","2025-06-29 11:54:13","Isolated Margin","Transaction Buy","BTC","0.00013000",""
"26289805","2025-06-29 11:54:13","Isolated Margin","Transaction Spend","USDC","-44.42378700",""
"26289805","2025-06-29 11:54:13","Isolated Margin","Transaction Fee","BTC","-1.8E-7",""
"26289805","2025-06-29 11:54:13","Isolated Margin","Transaction Spend","USDC","-5.41756550",""
"26289805","2025-06-29 11:54:13","Isolated Margin","Transaction Spend","USDC","-20.58764000",""
"26289805","2025-06-29 11:54:13","Isolated Margin","Transaction Buy","BTC","0.00035000",""
"26289805","2025-06-29 11:54:13","Isolated Margin","Transaction Fee","BTC","-0.00000122",""
"26289805","2025-06-29 11:54:13","Isolated Margin","Transaction Buy","BTC","0.00007000",""
"26289805","2025-06-29 11:54:13","Isolated Margin","Transaction Spend","USDC","-28.17188140",""
"26289805","2025-06-29 11:54:13","Isolated Margin","Transaction Fee","BTC","-0.00003946",""
"26289805","2025-06-29 11:54:13","Isolated Margin","Transaction Spend","USDC","-10.83559000",""
"26289805","2025-06-29 11:54:13","Isolated Margin","Transaction Spend","USDC","-5.41757100",""
"26289805","2025-06-29 11:54:13","Isolated Margin","Transaction Spend","USDC","-8.66862720",""
"26289805","2025-06-29 11:54:13","Isolated Margin","Transaction Spend","USDC","-16.25364600",""
"26289805","2025-06-29 11:54:13","Isolated Margin","Transaction Buy","BTC","0.00006000",""
"26289805","2025-06-29 11:54:13","Isolated Margin","Transaction Buy","BTC","0.00015000",""
"26289805","2025-06-29 11:54:13","Isolated Margin","Transaction Buy","BTC","0.00007000",""
"26289805","2025-06-29 11:54:13","Isolated Margin","Transaction Buy","BTC","0.00015000",""
"26289805","2025-06-29 11:54:13","Isolated Margin","Transaction Spend","USDC","-28.17186580",""
"26289805","2025-06-29 11:54:13","Isolated Margin","Transaction Spend","USDC","-6.50139840",""
"26289805","2025-06-29 11:54:13","Isolated Margin","Transaction Fee","BTC","-2.1E-7",""
"26289805","2025-06-29 11:54:13","Isolated Margin","Transaction Spend","USDC","-23.83764680",""
"26289805","2025-06-29 11:54:13","Isolated Margin","Transaction Buy","BTC","0.00010000",""
"26289805","2025-06-29 11:54:13","Isolated Margin","Transaction Spend","USDC","-6.50105040",""
"26289805","2025-06-29 11:54:13","Isolated Margin","Transaction Buy","BTC","0.00006000",""
"26289805","2025-06-29 11:54:13","Isolated Margin","Transaction Fee","BTC","-4.8E-7",""
"26289805","2025-06-29 11:54:13","Isolated Margin","Transaction Buy","BTC","0.00006000",""
"26289805","2025-06-29 11:54:13","Isolated Margin","Transaction Spend","USDC","-7.58475410",""
"26289805","2025-06-29 11:54:13","Isolated Margin","Transaction Fee","BTC","-5E-8",""
"26289805","2025-06-29 11:54:13","Isolated Margin","Transaction Buy","BTC","0.00005000",""
"26289805","2025-06-29 11:54:13","Isolated Margin","Transaction Spend","USDC","-4034.16796770",""
"26289805","2025-06-29 11:54:13","Isolated Margin","Transaction Spend","USDC","-14.08639180",""
"26289805","2025-06-29 11:54:13","Isolated Margin","Transaction Fee","BTC","-8E-8",""
"26289805","2025-06-29 11:54:13","Isolated Margin","Transaction Buy","BTC","0.00015000",""
"26289805","2025-06-29 11:54:13","Isolated Margin","Transaction Spend","USDC","-71.51437260",""
"26289805","2025-06-29 11:54:13","Isolated Margin","Transaction Fee","BTC","-8.4E-7",""
"26289805","2025-06-29 11:54:13","Isolated Margin","Transaction Fee","BTC","-8E-8",""
"26289805","2025-06-29 11:54:13","Isolated Margin","Transaction Buy","BTC","0.00066000",""
"26289805","2025-06-29 11:54:13","Isolated Margin","Transaction Buy","BTC","0.00026000",""
"26289805","2025-06-29 11:54:13","Isolated Margin","Transaction Buy","BTC","0.00007000",""
"26289805","2025-06-29 11:54:13","Isolated Margin","Transaction Buy","BTC","0.00015000",""
"26289805","2025-06-29 11:54:13","Isolated Margin","Transaction Fee","BTC","-6E-8",""
"26289805","2025-06-29 11:54:13","Isolated Margin","Transaction Fee","BTC","-1.0E-7",""
"26289805","2025-06-29 11:54:13","Isolated Margin","Transaction Spend","USDC","-20.58716500",""
"26289805","2025-06-29 11:54:13","Isolated Margin","Transaction Buy","BTC","0.00008000",""
"26289805","2025-06-29 11:54:13","Isolated Margin","Transaction Spend","USDC","-5.41784000",""
"26289805","2025-06-29 11:54:13","Isolated Margin","Transaction Buy","BTC","0.00005000",""
"26289805","2025-06-29 11:54:13","Isolated Margin","Transaction Fee","BTC","-0.00000230",""
"26289805","2025-06-29 11:54:13","Isolated Margin","Transaction Fee","BTC","-6.3E-7",""
"26289805","2025-06-29 11:54:13","Isolated Margin","Transaction Spend","USDC","-9.75211740",""
"26289805","2025-06-29 11:54:13","Isolated Margin","Transaction Fee","BTC","-1.2E-7",""
"26289805","2025-06-29 11:54:13","Isolated Margin","Transaction Buy","BTC","0.00027000",""
"26289805","2025-06-29 11:54:13","Isolated Margin","Transaction Spend","USDC","-55.26005040",""
"26289805","2025-06-29 11:54:13","Isolated Margin","Transaction Fee","BTC","-1.4E-7",""
"26289805","2025-06-29 11:54:13","Isolated Margin","Transaction Fee","BTC","-1.4E-7",""
"26289805","2025-06-29 11:54:13","Isolated Margin","Transaction Spend","USDC","-5.41781500",""
"26289805","2025-06-29 11:54:13","Isolated Margin","Transaction Spend","USDC","-95.35427440",""
"26289805","2025-06-29 11:54:13","Isolated Margin","Transaction Buy","BTC","0.00005000",""
"26289805","2025-06-29 11:54:13","Isolated Margin","Transaction Spend","USDC","-19.50324840",""
"26289805","2025-06-29 11:54:13","Isolated Margin","Transaction Fee","BTC","-5E-8",""
"26289805","2025-06-29 11:54:13","Isolated Margin","Transaction Fee","BTC","-5E-8",""
"26289805","2025-06-29 11:54:13","Isolated Margin","Transaction Buy","BTC","0.00006000",""
"26289805","2025-06-29 11:54:13","Isolated Margin","Transaction Buy","BTC","0.00010000",""
"26289805","2025-06-29 11:54:13","Isolated Margin","Transaction Fee","BTC","-1.7E-7",""
"26289805","2025-06-29 11:54:13","Isolated Margin","Transaction Spend","USDC","-4501.16348820",""
"26289805","2025-06-29 11:54:13","Isolated Margin","Transaction Spend","USDC","-16.25334600",""
"26289805","2025-06-29 11:54:13","Isolated Margin","Transaction Fee","BTC","-8E-8",""
"26289805","2025-06-29 11:54:13","Isolated Margin","Transaction Spend","USDC","-1499.59168000",""
"26289805","2025-06-29 11:59:56","Spot","Transaction Fee","USDC","-0.65222966",""
"26289805","2025-06-29 11:59:56","Spot","Transaction Revenue","USDC","686.55754000",""
"26289805","2025-06-29 11:59:56","Spot","Transaction Sold","EUR","-585.70000000",""
"26289805","2025-06-29 12:01:04","Isolated Margin","Transfer Between Main Account/Futures and Margin Account","USDC","685.90531034",""
"26289805","2025-06-29 12:01:04","Spot","Transfer Between Main Account/Futures and Margin Account","USDC","-685.90531034",""
"26289805","2025-06-29 23:16:27","Isolated Margin","Transaction Fee","USDC","-0.00513456",""
"26289805","2025-06-29 23:16:27","Isolated Margin","Transaction Sold","BTC","-0.00005000",""
"26289805","2025-06-29 23:16:27","Isolated Margin","Transaction Fee","USDC","-0.00513447",""
"26289805","2025-06-29 23:16:27","Isolated Margin","Transaction Fee","USDC","-0.00513427",""
"26289805","2025-06-29 23:16:27","Isolated Margin","Transaction Revenue","USDC","4950.61360000",""
"26289805","2025-06-29 23:16:27","Isolated Margin","Transaction Sold","BTC","-0.00005000",""
"26289805","2025-06-29 23:16:27","Isolated Margin","Transaction Sold","BTC","-0.00005000",""
"26289805","2025-06-29 23:16:27","Isolated Margin","Transaction Revenue","USDC","5.40449000",""
"26289805","2025-06-29 23:16:27","Isolated Margin","Transaction Revenue","USDC","5.40460050",""
"26289805","2025-06-29 23:16:27","Isolated Margin","Transaction Revenue","USDC","5.40460050",""
"26289805","2025-06-29 23:16:27","Isolated Margin","Transaction Revenue","USDC","5.40446000",""
"26289805","2025-06-29 23:16:27","Isolated Margin","Transaction Fee","USDC","-0.00513456",""
"26289805","2025-06-29 23:16:27","Isolated Margin","Transaction Sold","BTC","-0.00005000",""
"26289805","2025-06-29 23:16:27","Isolated Margin","Transaction Revenue","USDC","4248.17280000",""
"26289805","2025-06-29 23:16:27","Isolated Margin","Transaction Revenue","USDC","5.40480000",""
"26289805","2025-06-29 23:16:27","Isolated Margin","Transaction Revenue","USDC","5.40479950",""
"26289805","2025-06-29 23:16:27","Isolated Margin","Transaction Sold","BTC","-0.00005000",""
"26289805","2025-06-29 23:16:27","Isolated Margin","Transaction Sold","BTC","-0.00005000",""
"26289805","2025-06-29 23:16:27","Isolated Margin","Transaction Fee","USDC","-0.00513424",""
"26289805","2025-06-29 23:16:27","Isolated Margin","Transaction Fee","USDC","-0.00513427",""
"26289805","2025-06-29 23:16:27","Isolated Margin","Transaction Sold","BTC","-0.00005000",""
"26289805","2025-06-29 23:16:27","Isolated Margin","Transaction Revenue","USDC","5.40480000",""
"26289805","2025-06-29 23:16:27","Isolated Margin","Transaction Fee","USDC","-0.00513456",""
"26289805","2025-06-29 23:16:27","Isolated Margin","Transaction Sold","BTC","-0.00015000",""
"26289805","2025-06-29 23:16:27","Isolated Margin","Transaction Fee","USDC","-0.00513447",""
"26289805","2025-06-29 23:16:27","Isolated Margin","Transaction Sold","BTC","-0.04580000",""
"26289805","2025-06-29 23:16:27","Isolated Margin","Transaction Fee","USDC","-0.00513447",""
"26289805","2025-06-29 23:16:27","Isolated Margin","Transaction Sold","BTC","-0.00005000",""
"26289805","2025-06-29 23:16:27","Isolated Margin","Transaction Revenue","USDC","5.40470100",""
"26289805","2025-06-29 23:16:27","Isolated Margin","Transaction Sold","BTC","-0.00005000",""
"26289805","2025-06-29 23:16:27","Isolated Margin","Transaction Revenue","USDC","3001.65346830",""
"26289805","2025-06-29 23:16:27","Isolated Margin","Transaction Fee","USDC","-0.00513456",""
"26289805","2025-06-29 23:16:27","Isolated Margin","Transaction Sold","BTC","-0.00005000",""
"26289805","2025-06-29 23:16:27","Isolated Margin","Transaction Fee","USDC","-0.00513437",""
"26289805","2025-06-29 23:16:27","Isolated Margin","Transaction Revenue","USDC","5.40470100",""
"26289805","2025-06-29 23:16:27","Isolated Margin","Transaction Fee","USDC","-0.00513456",""
"26289805","2025-06-29 23:16:27","Isolated Margin","Transaction Fee","USDC","-3.69973118",""
"26289805","2025-06-29 23:16:27","Isolated Margin","Transaction Sold","BTC","-0.03930000",""
"26289805","2025-06-29 23:16:27","Isolated Margin","Transaction Sold","BTC","-0.00005000",""
"26289805","2025-06-29 23:16:27","Isolated Margin","Transaction Sold","BTC","-0.00005000",""
"26289805","2025-06-29 23:16:27","Isolated Margin","Transaction Fee","USDC","-0.00513456",""
"26289805","2025-06-29 23:16:27","Isolated Margin","Transaction Fee","USDC","-0.00513456",""
"26289805","2025-06-29 23:16:27","Isolated Margin","Transaction Fee","USDC","-0.00513437",""
"26289805","2025-06-29 23:16:27","Isolated Margin","Transaction Revenue","USDC","5.40479950",""
"26289805","2025-06-29 23:16:27","Isolated Margin","Transaction Sold","BTC","-0.00005000",""
"26289805","2025-06-29 23:16:27","Isolated Margin","Transaction Revenue","USDC","5.40479950",""
"26289805","2025-06-29 23:16:27","Isolated Margin","Transaction Sold","BTC","-0.03603000",""
"26289805","2025-06-29 23:16:27","Isolated Margin","Transaction Sold","BTC","-0.00005000",""
"26289805","2025-06-29 23:16:27","Isolated Margin","Transaction Sold","BTC","-0.00005000",""
"26289805","2025-06-29 23:16:27","Isolated Margin","Transaction Revenue","USDC","5.40480000",""
"26289805","2025-06-29 23:16:27","Isolated Margin","Transaction Sold","BTC","-0.02777000",""
"26289805","2025-06-29 23:16:27","Isolated Margin","Transaction Sold","BTC","-0.00005000",""
"26289805","2025-06-29 23:16:27","Isolated Margin","Transaction Sold","BTC","-0.00005000",""
"26289805","2025-06-29 23:16:27","Isolated Margin","Transaction Revenue","USDC","5.40480000",""
"26289805","2025-06-29 23:16:27","Isolated Margin","Isolated Margin Loan","BTC","0.14957063",""
"26289805","2025-06-29 23:16:27","Isolated Margin","Transaction Fee","USDC","-0.00513437",""
"26289805","2025-06-29 23:16:27","Isolated Margin","Transaction Revenue","USDC","5.40480000",""
"26289805","2025-06-29 23:16:27","Isolated Margin","Transaction Fee","USDC","-4.03576416",""
"26289805","2025-06-29 23:16:27","Isolated Margin","Transaction Revenue","USDC","3894.45387600",""
"26289805","2025-06-29 23:16:27","Isolated Margin","Transaction Fee","USDC","-0.00513456",""
"26289805","2025-06-29 23:16:27","Isolated Margin","Transaction Fee","USDC","-4.70308292",""
"26289805","2025-06-29 23:16:27","Isolated Margin","Transaction Sold","BTC","-0.00005000",""
"26289805","2025-06-29 23:16:27","Isolated Margin","Transaction Fee","USDC","-0.00513456",""
"26289805","2025-06-29 23:16:27","Isolated Margin","Transaction Fee","USDC","-0.00513427",""
"26289805","2025-06-29 23:16:27","Isolated Margin","Transaction Sold","BTC","-0.00005000",""
"26289805","2025-06-29 23:16:27","Isolated Margin","Transaction Fee","USDC","-2.85157079",""
"26289805","2025-06-29 23:16:27","Isolated Margin","Transaction Revenue","USDC","16.21440000",""
"26289805","2025-06-29 23:16:27","Isolated Margin","Transaction Revenue","USDC","5.40480000",""
"26289805","2025-06-29 23:16:27","Isolated Margin","Transaction Revenue","USDC","5.40470100",""
"26289805","2025-06-29 23:16:27","Isolated Margin","Transaction Revenue","USDC","5.40460050",""
"26289805","2025-06-29 23:16:27","Isolated Margin","Transaction Revenue","USDC","5.40449000",""
"26289805","2025-06-29 23:16:27","Isolated Margin","Transaction Fee","USDC","-0.01540368",""
"26289805","2025-06-29 23:16:27","Isolated Margin","Transaction Revenue","USDC","5.40449000",""
"26289805","2025-06-29 23:24:06","Isolated Margin","Transaction Revenue","USDC","1083.28000000",""
"26289805","2025-06-29 23:24:06","Isolated Margin","Transaction Fee","USDC","-1.02911600",""
"26289805","2025-06-29 23:24:06","Isolated Margin","Isolated Margin Loan","BTC","0.01000000",""
"26289805","2025-06-29 23:24:06","Isolated Margin","Transaction Sold","BTC","-0.01000000",""
"26289805","2025-06-30 14:55:28","Isolated Margin","Isolated Margin Repayment","BTC","-0.15957368",""
"26289805","2025-06-30 14:55:28","Isolated Margin","Transaction Fee","BTC","-0.00004323",""
"26289805","2025-06-30 14:55:28","Isolated Margin","Transaction Buy","BTC","0.04551000",""
"26289805","2025-06-30 14:55:28","Isolated Margin","Transaction Fee","BTC","-0.00010924",""
"26289805","2025-06-30 14:55:28","Isolated Margin","Transaction Buy","BTC","0.11499000",""
"26289805","2025-06-30 14:55:28","Isolated Margin","Transaction Spend","USDC","-4870.75326000",""
"26289805","2025-06-30 14:55:28","Isolated Margin","Transaction Spend","USDC","-12306.91974000",""
"26289805","2025-06-30 14:59:44","Isolated Margin","Transaction Fee","USDC","-0.07820232",""
"26289805","2025-06-30 14:59:44","Isolated Margin","Transaction Revenue","USDC","82.31822830",""
"26289805","2025-06-30 14:59:44","Isolated Margin","Transaction Sold","BTC","-0.00077000",""
"26289805","2025-07-02 15:38:37","Isolated Margin","Transaction Sold","BTC","-0.00005000",""
"26289805","2025-07-02 15:38:37","Isolated Margin","Transaction Fee","USDC","-0.00515242",""
"26289805","2025-07-02 15:38:37","Isolated Margin","Transaction Fee","USDC","-0.00515252",""
"26289805","2025-07-02 15:38:37","Isolated Margin","Transaction Revenue","USDC","1735.55200000",""
"26289805","2025-07-02 15:38:37","Isolated Margin","Transaction Sold","BTC","-0.00005000",""
"26289805","2025-07-02 15:38:37","Isolated Margin","Transaction Revenue","USDC","5.42360050",""
"26289805","2025-07-02 15:38:37","Isolated Margin","Transaction Fee","USDC","-3.47279511",""
"26289805","2025-07-02 15:38:37","Isolated Margin","Transaction Fee","USDC","-0.00515242",""
"26289805","2025-07-02 15:38:37","Isolated Margin","Transaction Fee","USDC","-0.00515242",""
"26289805","2025-07-02 15:38:37","Isolated Margin","Transaction Sold","BTC","-0.00005000",""
"26289805","2025-07-02 15:38:37","Isolated Margin","Transaction Sold","BTC","-0.01600000",""
"26289805","2025-07-02 15:38:37","Isolated Margin","Transaction Revenue","USDC","5.42370000",""
"26289805","2025-07-02 15:38:37","Isolated Margin","Transaction Revenue","USDC","5.42360050",""
"26289805","2025-07-02 15:38:37","Isolated Margin","Transaction Fee","USDC","-1.64877440",""
"26289805","2025-07-02 15:38:37","Isolated Margin","Transaction Fee","USDC","-0.00515252",""
"26289805","2025-07-02 15:38:37","Isolated Margin","Transaction Sold","BTC","-0.03370000",""
"26289805","2025-07-02 15:38:37","Isolated Margin","Transaction Revenue","USDC","3655.57380000",""
"26289805","2025-07-02 15:38:37","Isolated Margin","Transaction Fee","USDC","-0.00515252",""
"26289805","2025-07-02 15:38:37","Isolated Margin","Transaction Revenue","USDC","5.42370000",""
"26289805","2025-07-02 15:38:37","Isolated Margin","Transaction Sold","BTC","-0.00005000",""
"26289805","2025-07-02 15:38:37","Isolated Margin","Transaction Revenue","USDC","5.42360050",""
"26289805","2025-07-02 15:38:37","Isolated Margin","Transaction Sold","BTC","-0.00005000",""
"26289805","2025-07-02 15:38:37","Isolated Margin","Transaction Revenue","USDC","5.42370000",""
"26289805","2025-07-02 15:38:37","Isolated Margin","Isolated Margin Loan","BTC","0.04999615",""
"26289805","2025-07-02 15:38:37","Isolated Margin","Transaction Sold","BTC","-0.00005000",""
"26289805","2025-07-02 15:43:58","Isolated Margin","Isolated Margin Loan","BTC","0.05000000",""
"26289805","2025-07-02 16:01:23","Isolated Margin","Transaction Revenue","USDC","6.52440960",""
"26289805","2025-07-02 16:01:23","Isolated Margin","Transaction Revenue","USDC","5.43700800",""
"26289805","2025-07-02 16:01:23","Isolated Margin","Transaction Sold","BTC","-0.00005000",""
"26289805","2025-07-02 16:01:23","Isolated Margin","Transaction Sold","BTC","-0.00147000",""
"26289805","2025-07-02 16:01:23","Isolated Margin","Transaction Fee","USDC","-0.04648421",""
"26289805","2025-07-02 16:01:23","Isolated Margin","Transaction Fee","USDC","-0.00516478",""
"26289805","2025-07-02 16:01:23","Isolated Margin","Transaction Fee","USDC","-0.00619819",""
"26289805","2025-07-02 16:01:23","Isolated Margin","Transaction Revenue","USDC","6.52408320",""
"26289805","2025-07-02 16:01:23","Isolated Margin","Transaction Fee","USDC","-0.00516516",""
"26289805","2025-07-02 16:01:23","Isolated Margin","Transaction Revenue","USDC","48.93075000",""
"26289805","2025-07-02 16:01:23","Isolated Margin","Transaction Sold","BTC","-0.00005000",""
"26289805","2025-07-02 16:01:23","Isolated Margin","Transaction Revenue","USDC","5.43661000",""
"26289805","2025-07-02 16:01:23","Isolated Margin","Transaction Sold","BTC","-0.00005000",""
"26289805","2025-07-02 16:01:23","Isolated Margin","Transaction Fee","USDC","-0.15185358",""
"26289805","2025-07-02 16:01:23","Isolated Margin","Transaction Fee","USDC","-0.00619788",""
"26289805","2025-07-02 16:01:23","Isolated Margin","Transaction Fee","USDC","-4.92306737",""
"26289805","2025-07-02 16:01:23","Isolated Margin","Transaction Revenue","USDC","5.43700800",""
"26289805","2025-07-02 16:01:23","Isolated Margin","Transaction Sold","BTC","-0.00006000",""
"26289805","2025-07-02 16:01:23","Isolated Margin","Transaction Revenue","USDC","159.84587430",""
"26289805","2025-07-02 16:01:23","Isolated Margin","Transaction Fee","USDC","-0.00516516",""
"26289805","2025-07-02 16:01:23","Isolated Margin","Transaction Fee","USDC","-0.00516478",""
"26289805","2025-07-02 16:01:23","Isolated Margin","Transaction Sold","BTC","-0.00045000",""
"26289805","2025-07-02 16:01:23","Isolated Margin","Transaction Revenue","USDC","5.43661000",""
"26289805","2025-07-02 16:01:23","Isolated Margin","Isolated Margin Loan","BTC","0.05000000",""
"26289805","2025-07-02 16:01:23","Isolated Margin","Transaction Revenue","USDC","5.43661000",""
"26289805","2025-07-02 16:01:23","Isolated Margin","Transaction Revenue","USDC","5.43700800",""
"26289805","2025-07-02 16:01:23","Isolated Margin","Transaction Revenue","USDC","5182.17617540",""
"26289805","2025-07-02 16:01:23","Isolated Margin","Transaction Fee","USDC","-0.00516516",""
"26289805","2025-07-02 16:01:23","Isolated Margin","Transaction Sold","BTC","-0.00006000",""
"26289805","2025-07-02 16:01:23","Isolated Margin","Transaction Fee","USDC","-0.00516478",""
"26289805","2025-07-02 16:01:23","Isolated Margin","Transaction Sold","BTC","-0.00005000",""
"26289805","2025-07-02 16:01:23","Isolated Margin","Transaction Sold","BTC","-0.04766000",""
"26289805","2025-07-02 16:01:23","Isolated Margin","Transaction Sold","BTC","-0.00005000",""
"26289805","2025-07-02 16:01:23","Isolated Margin","Transaction Sold","BTC","-0.00005000",""
"26289805","2025-07-02 16:08:58","Isolated Margin","Transaction Fee","USDC","-5.47500000",""
"26289805","2025-07-02 16:08:58","Isolated Margin","Transaction Sold","BTC","-0.05000000",""
"26289805","2025-07-02 16:08:58","Isolated Margin","Transaction Revenue","USDC","5475.00000000",""
"26289805","2025-07-04 14:12:57","Isolated Margin","Transaction Buy","BTC","0.09858000",""
"26289805","2025-07-04 14:12:57","Isolated Margin","Transaction Fee","BTC","-0.00000212",""
"26289805","2025-07-04 14:12:57","Isolated Margin","Transaction Buy","BTC","0.05000000",""
"26289805","2025-07-04 14:12:57","Isolated Margin","Transaction Buy","BTC","0.00212000",""
"26289805","2025-07-04 14:12:57","Isolated Margin","Transaction Spend","USDC","-228.43000000",""
"26289805","2025-07-04 14:12:57","Isolated Margin","Isolated Margin Repayment","BTC","-0.15000473",""
"26289805","2025-07-04 14:12:57","Isolated Margin","Transaction Spend","USDC","-5387.50000000",""
"26289805","2025-07-04 14:12:57","Isolated Margin","Transaction Fee","BTC","-0.00009858",""
"26289805","2025-07-04 14:12:57","Isolated Margin","Transaction Spend","USDC","-10621.99500000",""
"26289805","2025-07-04 14:12:57","Isolated Margin","Transaction Fee","BTC","-0.00005000",""
"26289805","2025-07-04 16:53:13","Isolated Margin","Transaction Revenue","USDC","58.09786020",""
"26289805","2025-07-04 16:53:13","Isolated Margin","Transaction Sold","BTC","-0.00054000",""
"26289805","2025-07-04 16:53:13","Isolated Margin","Transaction Fee","USDC","-0.05519297",""
"26289805","2025-07-06 21:33:32","Isolated Margin","Transaction Revenue","USDC","4381.85560000",""
"26289805","2025-07-06 21:33:32","Isolated Margin","Transaction Fee","USDC","-4.16276282",""
"26289805","2025-07-06 21:33:32","Isolated Margin","Transaction Sold","BTC","-0.04000000",""
"26289805","2025-07-06 21:33:32","Isolated Margin","Isolated Margin Loan","BTC","0.03999543",""
"26289805","2025-07-06 21:36:10","Isolated Margin","Isolated Margin Loan","BTC","0.10000000",""
"26289805","2025-07-06 21:36:22","Isolated Margin","Transaction Fee","USDC","-7.76492739",""
"26289805","2025-07-06 21:36:22","Isolated Margin","Transaction Sold","BTC","-0.00070000",""
"26289805","2025-07-06 21:36:22","Isolated Margin","Transaction Fee","USDC","-0.07668523",""
"26289805","2025-07-06 21:36:22","Isolated Margin","Transaction Sold","BTC","-0.02842000",""
"26289805","2025-07-06 21:36:22","Isolated Margin","Transaction Fee","USDC","-3.11342038",""
"26289805","2025-07-06 21:36:22","Isolated Margin","Transaction Revenue","USDC","3113.42037860",""
"26289805","2025-07-06 21:36:22","Isolated Margin","Transaction Revenue","USDC","7764.92739040",""
"26289805","2025-07-06 21:36:22","Isolated Margin","Transaction Sold","BTC","-0.07088000",""
"26289805","2025-07-06 21:36:22","Isolated Margin","Transaction Revenue","USDC","76.68523100",""
"26289805","2025-07-06 21:47:37","Isolated Margin","Transaction Fee","BTC","-5E-8",""
"26289805","2025-07-06 21:47:37","Isolated Margin","Transaction Spend","USDC","-5.45850050",""
"26289805","2025-07-06 21:47:37","Isolated Margin","Transaction Buy","BTC","0.00005000",""
"26289805","2025-07-06 21:47:37","Isolated Margin","Transaction Spend","USDC","-5.45850050",""
"26289805","2025-07-06 21:47:37","Isolated Margin","Transaction Spend","USDC","-5.45850050",""
"26289805","2025-07-06 21:47:37","Isolated Margin","Transaction Buy","BTC","0.00005000",""
"26289805","2025-07-06 21:47:37","Isolated Margin","Transaction Fee","BTC","-0.00013060",""
"26289805","2025-07-06 21:47:37","Isolated Margin","Transaction Buy","BTC","0.00005000",""
"26289805","2025-07-06 21:47:37","Isolated Margin","Transaction Buy","BTC","0.00248000",""
"26289805","2025-07-06 21:47:37","Isolated Margin","Transaction Fee","BTC","-0.00000236",""
"26289805","2025-07-06 21:47:37","Isolated Margin","Transaction Buy","BTC","0.00005000",""
"26289805","2025-07-06 21:47:37","Isolated Margin","Transaction Spend","USDC","-5.45850050",""
"26289805","2025-07-06 21:47:37","Isolated Margin","Isolated Margin Repayment","BTC","-0.13999560",""
"26289805","2025-07-06 21:47:37","Isolated Margin","Transaction Buy","BTC","0.13747000",""
"26289805","2025-07-06 21:47:37","Isolated Margin","Transaction Fee","BTC","-5E-8",""
"26289805","2025-07-06 21:47:37","Isolated Margin","Transaction Spend","USDC","-5.45881900",""
"26289805","2025-07-06 21:47:37","Isolated Margin","Transaction Spend","USDC","-5.45850050",""
"26289805","2025-07-06 21:47:37","Isolated Margin","Transaction Fee","BTC","-5E-8",""
"26289805","2025-07-06 21:47:37","Isolated Margin","Transaction Fee","BTC","-5E-8",""
"26289805","2025-07-06 21:47:37","Isolated Margin","Transaction Fee","BTC","-5E-8",""
"26289805","2025-07-06 21:47:37","Isolated Margin","Transaction Spend","USDC","-15008.47833330",""
"26289805","2025-07-06 21:47:37","Isolated Margin","Transaction Buy","BTC","0.00005000",""
"26289805","2025-07-06 21:47:37","Isolated Margin","Transaction Fee","BTC","-5E-8",""
"26289805","2025-07-06 21:47:37","Isolated Margin","Transaction Buy","BTC","0.00005000",""
"26289805","2025-07-06 21:47:37","Isolated Margin","Transaction Spend","USDC","-5.45881950",""
"26289805","2025-07-06 21:47:37","Isolated Margin","Transaction Spend","USDC","-270.74162480",""
"26289805","2025-07-06 21:47:37","Isolated Margin","Transaction Buy","BTC","0.00005000",""
"26289805","2025-07-06 21:47:37","Isolated Margin","Transaction Fee","BTC","-5E-8",""
"26289805","2025-07-09 21:26:52","Isolated Margin","Transaction Fee","USDC","-0.00528212",""
"26289805","2025-07-09 21:26:52","Isolated Margin","Transaction Fee","USDC","-0.00528212",""
"26289805","2025-07-09 21:26:52","Isolated Margin","Transaction Revenue","USDC","5.55959250",""
"26289805","2025-07-09 21:26:52","Isolated Margin","Transaction Sold","BTC","-0.00005000",""
"26289805","2025-07-09 21:26:52","Isolated Margin","Transaction Sold","BTC","-0.00005000",""
"26289805","2025-07-09 21:26:52","Isolated Margin","Transaction Sold","BTC","-0.00005000",""
"26289805","2025-07-09 21:26:52","Isolated Margin","Transaction Sold","BTC","-0.00005000",""
"26289805","2025-07-09 21:26:52","Isolated Margin","Transaction Fee","USDC","-0.00528200",""
"26289805","2025-07-09 21:26:52","Isolated Margin","Transaction Fee","USDC","-0.00528200",""
"26289805","2025-07-09 21:26:52","Isolated Margin","Transaction Revenue","USDC","5.56000000",""
"26289805","2025-07-09 21:26:52","Isolated Margin","Transaction Sold","BTC","-0.00005000",""
"26289805","2025-07-09 21:26:52","Isolated Margin","Transaction Fee","USDC","-0.03803124",""
"26289805","2025-07-09 21:26:52","Isolated Margin","Transaction Fee","USDC","-3.56006800",""
"26289805","2025-07-09 21:26:52","Isolated Margin","Transaction Sold","BTC","-0.00005000",""
"26289805","2025-07-09 21:26:52","Isolated Margin","Transaction Revenue","USDC","5.56012350",""
"26289805","2025-07-09 21:26:52","Isolated Margin","Transaction Fee","USDC","-0.00528212",""
"26289805","2025-07-09 21:26:52","Isolated Margin","Transaction Fee","USDC","-0.89056498",""
"26289805","2025-07-09 21:26:52","Isolated Margin","Transaction Fee","USDC","-0.00528182",""
"26289805","2025-07-09 21:26:52","Isolated Margin","Transaction Sold","BTC","-0.00005000",""
"26289805","2025-07-09 21:26:52","Isolated Margin","Transaction Fee","USDC","-0.00528161",""
"26289805","2025-07-09 21:26:52","Isolated Margin","Transaction Revenue","USDC","1999.30893460",""
"26289805","2025-07-09 21:26:52","Isolated Margin","Transaction Fee","USDC","-0.00528212",""
"26289805","2025-07-09 21:26:52","Isolated Margin","Transaction Sold","BTC","-0.00005000",""
"26289805","2025-07-09 21:26:52","Isolated Margin","Transaction Fee","USDC","-0.00528212",""
"26289805","2025-07-09 21:26:52","Isolated Margin","Transaction Fee","USDC","-0.00528212",""
"26289805","2025-07-09 21:26:52","Isolated Margin","Transaction Revenue","USDC","5.56012350",""
"26289805","2025-07-09 21:26:52","Isolated Margin","Transaction Fee","USDC","-0.00528191",""
"26289805","2025-07-09 21:26:52","Isolated Margin","Transaction Fee","USDC","-1.91191239",""
"26289805","2025-07-09 21:26:52","Isolated Margin","Transaction Revenue","USDC","2012.53936200",""
"26289805","2025-07-09 21:26:52","Isolated Margin","Transaction Revenue","USDC","5.55981400",""
"26289805","2025-07-09 21:26:52","Isolated Margin","Transaction Fee","USDC","-0.47533734",""
"26289805","2025-07-09 21:26:52","Isolated Margin","Transaction Sold","BTC","-0.00450000",""
"26289805","2025-07-09 21:26:52","Isolated Margin","Transaction Fee","USDC","-0.00528212",""
"26289805","2025-07-09 21:26:52","Isolated Margin","Transaction Sold","BTC","-0.00005000",""
"26289805","2025-07-09 21:26:52","Isolated Margin","Transaction Revenue","USDC","3747.37260000",""
"26289805","2025-07-09 21:26:52","Isolated Margin","Transaction Revenue","USDC","5.56000050",""
"26289805","2025-07-09 21:26:52","Isolated Margin","Transaction Fee","USDC","-1.89934349",""
"26289805","2025-07-09 21:26:52","Isolated Margin","Transaction Revenue","USDC","5.56000050",""
"26289805","2025-07-09 21:26:52","Isolated Margin","Transaction Revenue","USDC","3385.79152800",""
"26289805","2025-07-09 21:26:52","Isolated Margin","Isolated Margin Loan","BTC","0.14982891",""
"26289805","2025-07-09 21:26:52","Isolated Margin","Transaction Fee","USDC","-0.00528174",""
"26289805","2025-07-09 21:26:52","Isolated Margin","Transaction Sold","BTC","-0.03045000",""
"26289805","2025-07-09 21:26:52","Isolated Margin","Transaction Sold","BTC","-0.00005000",""
"26289805","2025-07-09 21:26:52","Isolated Margin","Transaction Sold","BTC","-0.01798000",""
"26289805","2025-07-09 21:26:52","Isolated Margin","Transaction Revenue","USDC","159.01917460",""
"26289805","2025-07-09 21:26:52","Isolated Margin","Transaction Sold","BTC","-0.00005000",""
"26289805","2025-07-09 21:26:52","Isolated Margin","Transaction Fee","USDC","-0.15106822",""
"26289805","2025-07-09 21:26:52","Isolated Margin","Transaction Sold","BTC","-0.00036000",""
"26289805","2025-07-09 21:26:52","Isolated Margin","Transaction Revenue","USDC","5.55990050",""
"26289805","2025-07-09 21:26:52","Isolated Margin","Transaction Fee","USDC","-0.00528212",""
"26289805","2025-07-09 21:26:52","Isolated Margin","Transaction Sold","BTC","-0.00843000",""
"26289805","2025-07-09 21:26:52","Isolated Margin","Transaction Sold","BTC","-0.00143000",""
"26289805","2025-07-09 21:26:52","Isolated Margin","Transaction Revenue","USDC","5.55972200",""
"26289805","2025-07-09 21:26:52","Isolated Margin","Transaction Sold","BTC","-0.00005000",""
"26289805","2025-07-09 21:26:52","Isolated Margin","Transaction Fee","USDC","-0.00528212",""
"26289805","2025-07-09 21:26:52","Isolated Margin","Transaction Sold","BTC","-0.00005000",""
"26289805","2025-07-09 21:26:52","Isolated Margin","Transaction Sold","BTC","-0.00005000",""
"26289805","2025-07-09 21:26:52","Isolated Margin","Transaction Revenue","USDC","5.56012300",""
"26289805","2025-07-09 21:26:52","Isolated Margin","Transaction Sold","BTC","-0.00005000",""
"26289805","2025-07-09 21:26:52","Isolated Margin","Transaction Fee","USDC","-0.00528200",""
"26289805","2025-07-09 21:26:52","Isolated Margin","Transaction Fee","USDC","-3.21650195",""
"26289805","2025-07-09 21:26:52","Isolated Margin","Transaction Revenue","USDC","5.56012300",""
"26289805","2025-07-09 21:26:52","Isolated Margin","Transaction Revenue","USDC","937.43682210",""
"26289805","2025-07-09 21:26:52","Isolated Margin","Transaction Revenue","USDC","5.55950150",""
"26289805","2025-07-09 21:26:52","Isolated Margin","Transaction Sold","BTC","-0.00005000",""
"26289805","2025-07-09 21:26:52","Isolated Margin","Transaction Revenue","USDC","5.56012350",""
"26289805","2025-07-09 21:26:52","Isolated Margin","Transaction Sold","BTC","-0.00005000",""
"26289805","2025-07-09 21:26:52","Isolated Margin","Transaction Sold","BTC","-0.00005000",""
"26289805","2025-07-09 21:26:52","Isolated Margin","Transaction Sold","BTC","-0.00005000",""
"26289805","2025-07-09 21:26:52","Isolated Margin","Transaction Revenue","USDC","5.56012300",""
"26289805","2025-07-09 21:26:52","Isolated Margin","Transaction Fee","USDC","-0.00528182",""
"26289805","2025-07-09 21:26:52","Isolated Margin","Transaction Sold","BTC","-0.00005000",""
"26289805","2025-07-09 21:26:52","Isolated Margin","Transaction Fee","USDC","-0.00528182",""
"26289805","2025-07-09 21:26:52","Isolated Margin","Transaction Revenue","USDC","5.56012300",""
"26289805","2025-07-09 21:26:52","Isolated Margin","Transaction Revenue","USDC","5.55981400",""
"26289805","2025-07-09 21:26:52","Isolated Margin","Transaction Sold","BTC","-0.03370000",""
"26289805","2025-07-09 21:26:52","Isolated Margin","Transaction Revenue","USDC","5.56012350",""
"26289805","2025-07-09 21:26:52","Isolated Margin","Transaction Revenue","USDC","5.56012300",""
"26289805","2025-07-09 21:26:52","Isolated Margin","Transaction Fee","USDC","-0.00528191",""
"26289805","2025-07-09 21:26:52","Isolated Margin","Transaction Fee","USDC","-0.00528161",""
"26289805","2025-07-09 21:26:52","Isolated Margin","Transaction Revenue","USDC","5.55990050",""
"26289805","2025-07-09 21:26:52","Isolated Margin","Transaction Revenue","USDC","5.55990050",""
"26289805","2025-07-09 21:26:52","Isolated Margin","Transaction Sold","BTC","-0.00005000",""
"26289805","2025-07-09 21:26:52","Isolated Margin","Transaction Revenue","USDC","5.56012300",""
"26289805","2025-07-09 21:26:52","Isolated Margin","Transaction Fee","USDC","-3.56000397",""
"26289805","2025-07-09 21:26:52","Isolated Margin","Transaction Sold","BTC","-0.00005000",""
"26289805","2025-07-09 21:26:52","Isolated Margin","Transaction Fee","USDC","-0.00528212",""
"26289805","2025-07-09 21:26:52","Isolated Margin","Transaction Revenue","USDC","5.55959250",""
"26289805","2025-07-09 21:26:52","Isolated Margin","Transaction Sold","BTC","-0.00005000",""
"26289805","2025-07-09 21:26:52","Isolated Margin","Transaction Revenue","USDC","3747.44000000",""
"26289805","2025-07-09 21:26:52","Isolated Margin","Transaction Fee","USDC","-0.00528153",""
"26289805","2025-07-09 21:26:52","Isolated Margin","Transaction Sold","BTC","-0.00005000",""
"26289805","2025-07-09 21:26:52","Isolated Margin","Transaction Revenue","USDC","5.55981400",""
"26289805","2025-07-09 21:26:52","Isolated Margin","Transaction Revenue","USDC","5.56012350",""
"26289805","2025-07-09 21:26:52","Isolated Margin","Transaction Fee","USDC","-0.00528200",""
"26289805","2025-07-09 21:26:52","Isolated Margin","Transaction Fee","USDC","-0.00528191",""
"26289805","2025-07-09 21:26:52","Isolated Margin","Transaction Revenue","USDC","5.56000050",""
"26289805","2025-07-09 21:26:52","Isolated Margin","Transaction Fee","USDC","-0.00528212",""
"26289805","2025-07-09 21:26:52","Isolated Margin","Transaction Revenue","USDC","5.56012350",""
"26289805","2025-07-09 21:26:52","Isolated Margin","Transaction Fee","USDC","-0.00528161",""
"26289805","2025-07-09 21:26:52","Isolated Margin","Transaction Sold","BTC","-0.00005000",""
"26289805","2025-07-09 21:26:52","Isolated Margin","Transaction Revenue","USDC","40.03288920",""
"26289805","2025-07-09 21:26:52","Isolated Margin","Transaction Sold","BTC","-0.00005000",""
"26289805","2025-07-09 21:26:52","Isolated Margin","Transaction Fee","USDC","-0.00528212",""
"26289805","2025-07-09 21:26:52","Isolated Margin","Transaction Sold","BTC","-0.01810000",""
"26289805","2025-07-09 21:26:52","Isolated Margin","Transaction Sold","BTC","-0.03370000",""
"26289805","2025-07-09 21:26:52","Isolated Margin","Transaction Sold","BTC","-0.00005000",""
"26289805","2025-07-09 21:26:52","Isolated Margin","Transaction Revenue","USDC","5.55959250",""
"26289805","2025-07-09 21:26:52","Isolated Margin","Transaction Revenue","USDC","500.35509000",""
"26289805","2025-07-10 16:15:52","Isolated Margin","Transaction Spend","USDC","-56.93903160",""
"26289805","2025-07-10 16:15:52","Isolated Margin","Transaction Buy","BTC","0.00008000",""
"26289805","2025-07-10 16:15:52","Isolated Margin","Transaction Fee","BTC","-0.00002725",""
"26289805","2025-07-10 16:15:52","Isolated Margin","Transaction Fee","BTC","-1.7E-7",""
"26289805","2025-07-10 16:15:52","Isolated Margin","Transaction Buy","BTC","0.00051000",""
"26289805","2025-07-10 16:15:52","Isolated Margin","Transaction Spend","USDC","-29.02843320",""
"26289805","2025-07-10 16:15:52","Isolated Margin","Transaction Fee","BTC","-8.5E-7",""
"26289805","2025-07-10 16:15:52","Isolated Margin","Transaction Buy","BTC","0.00009000",""
"26289805","2025-07-10 16:15:52","Isolated Margin","Transaction Buy","BTC","0.00050000",""
"26289805","2025-07-10 16:15:52","Isolated Margin","Transaction Buy","BTC","0.00010000",""
"26289805","2025-07-10 16:15:52","Isolated Margin","Transaction Buy","BTC","0.00022000",""
"26289805","2025-07-10 16:15:52","Isolated Margin","Transaction Buy","BTC","0.00017000",""
"26289805","2025-07-10 16:15:52","Isolated Margin","Transaction Spend","USDC","-236.69098280",""
"26289805","2025-07-10 16:15:52","Isolated Margin","Transaction Spend","USDC","-11.16470500",""
"26289805","2025-07-10 16:15:52","Isolated Margin","Transaction Spend","USDC","-8.93189440",""
"26289805","2025-07-10 16:15:52","Isolated Margin","Transaction Buy","BTC","0.00015000",""
"26289805","2025-07-10 16:15:52","Isolated Margin","Transaction Fee","BTC","-0.00008370",""
"26289805","2025-07-10 16:15:52","Isolated Margin","Transaction Fee","BTC","-7E-8",""
"26289805","2025-07-10 16:15:52","Isolated Margin","Transaction Spend","USDC","-10.04810670",""
"26289805","2025-07-10 16:15:52","Isolated Margin","Transaction Buy","BTC","0.00018000",""
"26289805","2025-07-10 16:15:52","Isolated Margin","Transaction Buy","BTC","0.00013000",""
"26289805","2025-07-10 16:15:52","Isolated Margin","Transaction Fee","BTC","-1.7E-7",""
"26289805","2025-07-10 16:15:52","Isolated Margin","Transaction Buy","BTC","0.00015000",""
"26289805","2025-07-10 16:15:52","Isolated Margin","Transaction Spend","USDC","-16.74679350",""
"26289805","2025-07-10 16:15:52","Isolated Margin","Transaction Fee","BTC","-1.4E-7",""
"26289805","2025-07-10 16:15:52","Isolated Margin","Transaction Fee","BTC","-1.4E-7",""
"26289805","2025-07-10 16:15:52","Isolated Margin","Transaction Buy","BTC","0.00015000",""
"26289805","2025-07-10 16:15:52","Isolated Margin","Transaction Spend","USDC","-16.74730200",""
"26289805","2025-07-10 16:15:52","Isolated Margin","Transaction Buy","BTC","0.00008000",""
"26289805","2025-07-10 16:15:52","Isolated Margin","Transaction Spend","USDC","-2627.08591080",""
"26289805","2025-07-10 16:15:52","Isolated Margin","Transaction Buy","BTC","0.08810000",""
"26289805","2025-07-10 16:15:52","Isolated Margin","Isolated Margin Repayment","BTC","-0.14983251",""
"26289805","2025-07-10 16:15:52","Isolated Margin","Transaction Spend","USDC","-18.97997810",""
"26289805","2025-07-10 16:15:52","Isolated Margin","Transaction Spend","USDC","-20.09631960",""
"26289805","2025-07-10 16:15:52","Isolated Margin","Transaction Fee","BTC","-2.5E-7",""
"26289805","2025-07-10 16:15:52","Isolated Margin","Transaction Buy","BTC","0.00007000",""
"26289805","2025-07-10 16:15:52","Isolated Margin","Transaction Spend","USDC","-14.51390460",""
"26289805","2025-07-10 16:15:52","Isolated Margin","Transaction Fee","BTC","-7E-8",""
"26289805","2025-07-10 16:15:52","Isolated Margin","Transaction Buy","BTC","0.02868000",""
"26289805","2025-07-10 16:15:52","Isolated Margin","Transaction Spend","USDC","-16.74692100",""
"26289805","2025-07-10 16:15:52","Isolated Margin","Transaction Fee","BTC","-8E-8",""
"26289805","2025-07-10 16:15:52","Isolated Margin","Transaction Spend","USDC","-16.74722100",""
"26289805","2025-07-10 16:15:52","Isolated Margin","Transaction Spend","USDC","-334.94121000",""
"26289805","2025-07-10 16:15:52","Isolated Margin","Transaction Spend","USDC","-99.36770790",""
"26289805","2025-07-10 16:15:52","Isolated Margin","Transaction Buy","BTC","0.00052000",""
"26289805","2025-07-10 16:15:52","Isolated Margin","Transaction Fee","BTC","-1.4E-7",""
"26289805","2025-07-10 16:15:52","Isolated Margin","Transaction Buy","BTC","0.00018000",""
"26289805","2025-07-10 16:15:52","Isolated Margin","Transaction Fee","BTC","-8E-8",""
"26289805","2025-07-10 16:15:52","Isolated Margin","Transaction Buy","BTC","0.02353000",""
"26289805","2025-07-10 16:15:52","Isolated Margin","Transaction Buy","BTC","0.00300000",""
"26289805","2025-07-10 16:15:52","Isolated Margin","Transaction Buy","BTC","0.00026000",""
"26289805","2025-07-10 16:15:52","Isolated Margin","Transaction Spend","USDC","-7.81528230",""
"26289805","2025-07-10 16:15:52","Isolated Margin","Transaction Spend","USDC","-8.93162240",""
"26289805","2025-07-10 16:15:52","Isolated Margin","Transaction Fee","BTC","-2.1E-7",""
"26289805","2025-07-10 16:15:52","Isolated Margin","Transaction Fee","BTC","-7E-8",""
"26289805","2025-07-10 16:15:52","Isolated Margin","Transaction Fee","BTC","-4.9E-7",""
"26289805","2025-07-10 16:15:52","Isolated Margin","Transaction Fee","BTC","-1.6E-7",""
"26289805","2025-07-10 16:15:52","Isolated Margin","Transaction Spend","USDC","-9836.18880000",""
"26289805","2025-07-10 16:15:52","Isolated Margin","Transaction Fee","BTC","-1.4E-7",""
"26289805","2025-07-10 16:15:52","Isolated Margin","Transaction Fee","BTC","-1.4E-7",""
"26289805","2025-07-10 16:15:52","Isolated Margin","Transaction Spend","USDC","-58.05607080",""
"26289805","2025-07-10 16:15:52","Isolated Margin","Transaction Spend","USDC","-7.81516750",""
"26289805","2025-07-10 16:15:52","Isolated Margin","Transaction Fee","BTC","-1.2E-7",""
"26289805","2025-07-10 16:15:52","Isolated Margin","Transaction Spend","USDC","-7.81543350",""
"26289805","2025-07-10 16:15:52","Isolated Margin","Transaction Buy","BTC","0.00089000",""
"26289805","2025-07-10 16:15:52","Isolated Margin","Transaction Spend","USDC","-24.56235100",""
"26289805","2025-07-10 16:15:52","Isolated Margin","Transaction Fee","BTC","-0.00000285",""
"26289805","2025-07-10 16:15:52","Isolated Margin","Transaction Buy","BTC","0.00212000",""
"26289805","2025-07-10 16:15:52","Isolated Margin","Transaction Spend","USDC","-55.82449000",""
"26289805","2025-07-10 16:15:52","Isolated Margin","Transaction Fee","BTC","-0.00000201",""
"26289805","2025-07-10 16:15:52","Isolated Margin","Transaction Spend","USDC","-3202.09876920",""
"26289805","2025-07-10 16:15:52","Isolated Margin","Transaction Buy","BTC","0.00015000",""
"26289805","2025-07-10 16:15:52","Isolated Margin","Transaction Fee","BTC","-4.8E-7",""
"26289805","2025-07-10 16:15:52","Isolated Margin","Transaction Fee","BTC","-1.0E-7",""
"26289805","2025-07-10 16:15:52","Isolated Margin","Transaction Fee","BTC","-9E-8",""
"26289805","2025-07-10 16:15:52","Isolated Margin","Transaction Spend","USDC","-16.74722250",""
"26289805","2025-07-10 16:15:52","Isolated Margin","Transaction Buy","BTC","0.00007000",""
"26289805","2025-07-10 16:15:52","Isolated Margin","Transaction Fee","BTC","-4.8E-7",""
"26289805","2025-07-10 16:15:52","Isolated Margin","Transaction Spend","USDC","-20.09661120",""
"26289805","2025-07-10 16:15:52","Isolated Margin","Transaction Buy","BTC","0.00015000",""
"26289805","2025-07-10 16:15:52","Isolated Margin","Transaction Fee","BTC","-0.00002235",""
"26289805","2025-07-10 16:15:52","Isolated Margin","Transaction Buy","BTC","0.00007000",""
"26289805","2025-07-10 22:00:24","Isolated Margin","Isolated Margin Loan","BTC","0.14967531",""
"26289805","2025-07-10 22:00:24","Isolated Margin","Transaction Sold","BTC","-0.15000000",""
"26289805","2025-07-10 22:00:24","Isolated Margin","Transaction Revenue","USDC","17450.91450000",""
"26289805","2025-07-10 22:00:24","Isolated Margin","Transaction Fee","USDC","-16.57836878",""
"26289805","2025-07-11 05:30:38","Isolated Margin","Transaction Buy","BTC","0.15030000",""
"26289805","2025-07-11 05:30:38","Isolated Margin","Transaction Fee","BTC","-0.00014279",""
"26289805","2025-07-11 05:30:38","Isolated Margin","Isolated Margin Repayment","BTC","-0.14967675",""
"26289805","2025-07-11 05:30:38","Isolated Margin","Transaction Spend","USDC","-17674.97789700",""
"26289805","2025-07-12 16:51:35","Isolated Margin","Transaction Fee","USDC","-4.94928472",""
"26289805","2025-07-12 16:51:35","Isolated Margin","Transaction Sold","BTC","-0.04443000",""
"26289805","2025-07-12 16:51:35","Isolated Margin","Transaction Revenue","USDC","5209.77338430",""
"26289805","2025-07-12 16:51:35","Isolated Margin","Transaction Sold","BTC","-0.10547000",""
"26289805","2025-07-12 16:51:35","Isolated Margin","Transaction Revenue","USDC","12367.20231470",""
"26289805","2025-07-12 16:51:35","Isolated Margin","Isolated Margin Loan","BTC","0.14951954",""
"26289805","2025-07-12 16:51:35","Isolated Margin","Transaction Fee","USDC","-0.00556976",""
"26289805","2025-07-12 16:51:35","Isolated Margin","Transaction Fee","USDC","-11.74884220",""
"26289805","2025-07-12 16:51:35","Isolated Margin","Transaction Revenue","USDC","5.86290050",""
"26289805","2025-07-12 16:51:35","Isolated Margin","Transaction Revenue","USDC","5.86290050",""
"26289805","2025-07-12 16:51:35","Isolated Margin","Transaction Sold","BTC","-0.00005000",""
"26289805","2025-07-12 16:51:35","Isolated Margin","Transaction Sold","BTC","-0.00005000",""
"26289805","2025-07-12 16:51:35","Isolated Margin","Transaction Fee","USDC","-0.00556976",""
"26289805","2025-07-13 12:50:47","Isolated Margin","Transaction Fee","BTC","-4.8E-7",""
"26289805","2025-07-13 12:50:47","Isolated Margin","Transaction Spend","USDC","-5.92003150",""
"26289805","2025-07-13 12:50:47","Isolated Margin","Transaction Buy","BTC","0.00200000",""
"26289805","2025-07-13 12:50:47","Isolated Margin","Transaction Fee","BTC","-1.4E-7",""
"26289805","2025-07-13 12:50:47","Isolated Margin","Transaction Buy","BTC","0.00006000",""
"26289805","2025-07-13 12:50:47","Isolated Margin","Transaction Fee","BTC","-1.0E-7",""
"26289805","2025-07-13 12:50:47","Isolated Margin","Transaction Spend","USDC","-40.26016840",""
"26289805","2025-07-13 12:50:47","Isolated Margin","Transaction Fee","BTC","-6.1E-7",""
"26289805","2025-07-13 12:50:47","Isolated Margin","Transaction Fee","BTC","-5E-8",""
"26289805","2025-07-13 12:50:47","Isolated Margin","Transaction Fee","BTC","-0.00000237",""
"26289805","2025-07-13 12:50:47","Isolated Margin","Transaction Buy","BTC","0.00006000",""
"26289805","2025-07-13 12:50:47","Isolated Margin","Transaction Spend","USDC","-11.84022100",""
"26289805","2025-07-13 12:50:47","Isolated Margin","Transaction Fee","BTC","-5E-8",""
"26289805","2025-07-13 12:50:47","Isolated Margin","Transaction Buy","BTC","0.00015000",""
"26289805","2025-07-13 12:50:47","Isolated Margin","Transaction Buy","BTC","0.00126000",""
"26289805","2025-07-13 12:50:47","Isolated Margin","Transaction Fee","BTC","-0.00000120",""
"26289805","2025-07-13 12:50:47","Isolated Margin","Transaction Spend","USDC","-28.41798480",""
"26289805","2025-07-13 12:50:47","Isolated Margin","Transaction Buy","BTC","0.00034000",""
"26289805","2025-07-13 12:50:47","Isolated Margin","Transaction Fee","BTC","-0.00003177",""
"26289805","2025-07-13 12:50:47","Isolated Margin","Transaction Fee","BTC","-1.4E-7",""
"26289805","2025-07-13 12:50:47","Isolated Margin","Transaction Fee","BTC","-5E-8",""
"26289805","2025-07-13 12:50:47","Isolated Margin","Transaction Fee","BTC","-3.2E-7",""
"26289805","2025-07-13 12:50:47","Isolated Margin","Transaction Spend","USDC","-8.28842560",""
"26289805","2025-07-13 12:50:47","Isolated Margin","Transaction Buy","BTC","0.00007000",""
"26289805","2025-07-13 12:50:47","Isolated Margin","Transaction Buy","BTC","0.00022000",""
"26289805","2025-07-13 12:50:47","Isolated Margin","Transaction Buy","BTC","0.00010000",""
"26289805","2025-07-13 12:50:47","Isolated Margin","Transaction Fee","BTC","-6E-8",""
"26289805","2025-07-13 12:50:47","Isolated Margin","Transaction Fee","BTC","-7E-8",""
"26289805","2025-07-13 12:50:47","Isolated Margin","Transaction Spend","USDC","-17.76097800",""
"26289805","2025-07-13 12:50:47","Isolated Margin","Transaction Spend","USDC","-17.76017850",""
"26289805","2025-07-13 12:50:47","Isolated Margin","Transaction Buy","BTC","0.00050000",""
"26289805","2025-07-13 12:50:47","Isolated Margin","Transaction Buy","BTC","0.00300000",""
"26289805","2025-07-13 12:50:47","Isolated Margin","Transaction Fee","BTC","-2.5E-7",""
"26289805","2025-07-13 12:50:47","Isolated Margin","Transaction Buy","BTC","0.00005000",""
"26289805","2025-07-13 12:50:47","Isolated Margin","Transaction Buy","BTC","0.00015000",""
"26289805","2025-07-13 12:50:47","Isolated Margin","Transaction Fee","BTC","-6E-8",""
"26289805","2025-07-13 12:50:47","Isolated Margin","Transaction Spend","USDC","-110.11860300",""
"26289805","2025-07-13 12:50:47","Isolated Margin","Transaction Buy","BTC","0.00015000",""
"26289805","2025-07-13 12:50:47","Isolated Margin","Transaction Buy","BTC","0.00050000",""
"26289805","2025-07-13 12:50:47","Isolated Margin","Transaction Buy","BTC","0.00080000",""
"26289805","2025-07-13 12:50:47","Isolated Margin","Transaction Buy","BTC","0.00025000",""
"26289805","2025-07-13 12:50:47","Isolated Margin","Transaction Spend","USDC","-355.22589000",""
"26289805","2025-07-13 12:50:47","Isolated Margin","Transaction Fee","BTC","-0.00003118",""
"26289805","2025-07-13 12:50:47","Isolated Margin","Transaction Buy","BTC","0.00005000",""
"26289805","2025-07-13 12:50:47","Isolated Margin","Transaction Fee","BTC","-0.00005212",""
"26289805","2025-07-13 12:50:47","Isolated Margin","Transaction Spend","USDC","-17.76188400",""
"26289805","2025-07-13 12:50:47","Isolated Margin","Transaction Spend","USDC","-5.92031650",""
"26289805","2025-07-13 12:50:47","Isolated Margin","Transaction Fee","BTC","-1.4E-7",""
"26289805","2025-07-13 12:50:47","Isolated Margin","Transaction Buy","BTC","0.00090000",""
"26289805","2025-07-13 12:50:47","Isolated Margin","Transaction Buy","BTC","0.00005000",""
"26289805","2025-07-13 12:50:47","Isolated Margin","Transaction Spend","USDC","-8.28857890",""
"26289805","2025-07-13 12:50:47","Isolated Margin","Transaction Spend","USDC","-29.60334250",""
"26289805","2025-07-13 12:50:47","Isolated Margin","Transaction Buy","BTC","0.00005000",""
"26289805","2025-07-13 12:50:47","Isolated Margin","Transaction Fee","BTC","-8.8E-7",""
"26289805","2025-07-13 12:50:47","Isolated Margin","Transaction Spend","USDC","-35.52312600",""
"26289805","2025-07-13 12:50:47","Isolated Margin","Transaction Fee","BTC","-1.0E-7",""
"26289805","2025-07-13 12:50:47","Isolated Margin","Transaction Spend","USDC","-89.98592280",""
"26289805","2025-07-13 12:50:47","Isolated Margin","Transaction Buy","BTC","0.00010000",""
"26289805","2025-07-13 12:50:47","Isolated Margin","Transaction Spend","USDC","-5.92011700",""
"26289805","2025-07-13 12:50:47","Isolated Margin","Transaction Buy","BTC","0.00005000",""
"26289805","2025-07-13 12:50:47","Isolated Margin","Transaction Fee","BTC","-0.00000404",""
"26289805","2025-07-13 12:50:47","Isolated Margin","Transaction Buy","BTC","0.00024000",""
"26289805","2025-07-13 12:50:47","Isolated Margin","Transaction Buy","BTC","0.00026000",""
"26289805","2025-07-13 12:50:47","Isolated Margin","Transaction Buy","BTC","0.00064000",""
"26289805","2025-07-13 12:50:47","Isolated Margin","Transaction Spend","USDC","-5.92038800",""
"26289805","2025-07-13 12:50:47","Isolated Margin","Transaction Spend","USDC","-503.20998750",""
"26289805","2025-07-13 12:50:47","Isolated Margin","Transaction Buy","BTC","0.00015000",""
"26289805","2025-07-13 12:50:47","Isolated Margin","Transaction Fee","BTC","-5E-8",""
"26289805","2025-07-13 12:50:47","Isolated Margin","Transaction Fee","BTC","-7E-8",""
"26289805","2025-07-13 12:50:47","Isolated Margin","Transaction Fee","BTC","-5E-8",""
"26289805","2025-07-13 12:50:47","Isolated Margin","Transaction Spend","USDC","-149.19660000",""
"26289805","2025-07-13 12:50:47","Isolated Margin","Transaction Spend","USDC","-5.92067850",""
"26289805","2025-07-13 12:50:47","Isolated Margin","Transaction Spend","USDC","-3885.89522040",""
"26289805","2025-07-13 12:50:47","Isolated Margin","Transaction Fee","BTC","-0.00000565",""
"26289805","2025-07-13 12:50:47","Isolated Margin","Transaction Spend","USDC","-3959.78154880",""
"26289805","2025-07-13 12:50:47","Isolated Margin","Transaction Buy","BTC","0.00076000",""
"26289805","2025-07-13 12:50:47","Isolated Margin","Transaction Fee","BTC","-7.6E-7",""
"26289805","2025-07-13 12:50:47","Isolated Margin","Transaction Fee","BTC","-2.9E-7",""
"26289805","2025-07-13 12:50:47","Isolated Margin","Transaction Spend","USDC","-17.76078900",""
"26289805","2025-07-13 12:50:47","Isolated Margin","Transaction Buy","BTC","0.00080000",""
"26289805","2025-07-13 12:50:47","Isolated Margin","Transaction Buy","BTC","0.00007000",""
"26289805","2025-07-13 12:50:47","Isolated Margin","Transaction Fee","BTC","-1.4E-7",""
"26289805","2025-07-13 12:50:47","Isolated Margin","Transaction Fee","BTC","-5E-8",""
"26289805","2025-07-13 12:50:47","Isolated Margin","Transaction Spend","USDC","-59.20687500",""
"26289805","2025-07-13 12:50:47","Isolated Margin","Transaction Spend","USDC","-6496.16899880",""
"26289805","2025-07-13 12:50:47","Isolated Margin","Transaction Fee","BTC","-8.8E-7",""
"26289805","2025-07-13 12:50:47","Isolated Margin","Transaction Buy","BTC","0.00595000",""
"26289805","2025-07-13 12:50:47","Isolated Margin","Transaction Spend","USDC","-17.76055200",""
"26289805","2025-07-13 12:50:47","Isolated Margin","Transaction Fee","BTC","-1.4E-7",""
"26289805","2025-07-13 12:50:47","Isolated Margin","Transaction Spend","USDC","-59.20389000",""
"26289805","2025-07-13 12:50:47","Isolated Margin","Transaction Buy","BTC","0.00005000",""
"26289805","2025-07-13 12:50:47","Isolated Margin","Transaction Fee","BTC","-0.00000285",""
"26289805","2025-07-13 12:50:47","Isolated Margin","Transaction Spend","USDC","-294.82792710",""
"26289805","2025-07-13 12:50:47","Isolated Margin","Transaction Fee","BTC","-5E-8",""
"26289805","2025-07-13 12:50:47","Isolated Margin","Transaction Buy","BTC","0.00093000",""
"26289805","2025-07-13 12:50:47","Isolated Margin","Transaction Spend","USDC","-94.72343200",""
"26289805","2025-07-13 12:50:47","Isolated Margin","Transaction Buy","BTC","0.03282000",""
"26289805","2025-07-13 12:50:47","Isolated Margin","Transaction Fee","BTC","-5E-8",""
"26289805","2025-07-13 12:50:47","Isolated Margin","Transaction Buy","BTC","0.00249000",""
"26289805","2025-07-13 12:50:47","Isolated Margin","Transaction Buy","BTC","0.00005000",""
"26289805","2025-07-13 12:50:47","Isolated Margin","Transaction Fee","BTC","-2.4E-7",""
"26289805","2025-07-13 12:50:47","Isolated Margin","Transaction Buy","BTC","0.00015000",""
"26289805","2025-07-13 12:50:47","Isolated Margin","Transaction Fee","BTC","-7.6E-7",""
"26289805","2025-07-13 12:50:47","Isolated Margin","Transaction Spend","USDC","-110.12033280",""
"26289805","2025-07-13 12:50:47","Isolated Margin","Transaction Fee","BTC","-5E-8",""
"26289805","2025-07-13 12:50:47","Isolated Margin","Transaction Buy","BTC","0.03344000",""
"26289805","2025-07-13 12:50:47","Isolated Margin","Transaction Fee","BTC","-4.8E-7",""
"26289805","2025-07-13 12:50:47","Isolated Margin","Transaction Spend","USDC","-704.52754050",""
"26289805","2025-07-13 12:50:47","Isolated Margin","Transaction Buy","BTC","0.00093000",""
"26289805","2025-07-13 12:50:47","Isolated Margin","Transaction Buy","BTC","0.00005000",""
"26289805","2025-07-13 12:50:47","Isolated Margin","Transaction Fee","BTC","-2.3E-7",""
"26289805","2025-07-13 12:50:47","Isolated Margin","Transaction Fee","BTC","-1.4E-7",""
"26289805","2025-07-13 12:50:47","Isolated Margin","Transaction Spend","USDC","-7.10426700",""
"26289805","2025-07-13 12:50:47","Isolated Margin","Transaction Fee","BTC","-0.00000190",""
"26289805","2025-07-13 12:50:47","Isolated Margin","Transaction Fee","BTC","-2.1E-7",""
"26289805","2025-07-13 12:50:47","Isolated Margin","Transaction Spend","USDC","-75.78208640",""
"26289805","2025-07-13 12:50:47","Isolated Margin","Transaction Spend","USDC","-236.81656000",""
"26289805","2025-07-13 12:50:47","Isolated Margin","Transaction Buy","BTC","0.00015000",""
"26289805","2025-07-13 12:50:47","Isolated Margin","Transaction Fee","BTC","-7.2E-7",""
"26289805","2025-07-13 12:50:47","Isolated Margin","Transaction Fee","BTC","-8.6E-7",""
"26289805","2025-07-13 12:50:47","Isolated Margin","Transaction Spend","USDC","-26.05058720",""
"26289805","2025-07-13 12:50:47","Isolated Margin","Transaction Buy","BTC","0.00425000",""
"26289805","2025-07-13 12:50:47","Isolated Margin","Transaction Spend","USDC","-17.76119400",""
"26289805","2025-07-13 12:50:47","Isolated Margin","Transaction Spend","USDC","-5.92063800",""
"26289805","2025-07-13 12:50:47","Isolated Margin","Transaction Fee","BTC","-5E-8",""
"26289805","2025-07-13 12:50:47","Isolated Margin","Transaction Spend","USDC","-5.92028600",""
"26289805","2025-07-13 12:50:47","Isolated Margin","Transaction Buy","BTC","0.00005000",""
"26289805","2025-07-13 12:50:47","Isolated Margin","Transaction Spend","USDC","-5.92001050",""
"26289805","2025-07-13 12:50:47","Isolated Margin","Transaction Spend","USDC","-7.10464020",""
"26289805","2025-07-13 12:50:47","Isolated Margin","Transaction Spend","USDC","-11.84124100",""
"26289805","2025-07-13 12:50:47","Isolated Margin","Transaction Spend","USDC","-5.92048000",""
"26289805","2025-07-13 12:50:47","Isolated Margin","Transaction Buy","BTC","0.00030000",""
"26289805","2025-07-13 12:50:47","Isolated Margin","Transaction Spend","USDC","-30.78420280",""
"26289805","2025-07-13 12:50:47","Isolated Margin","Transaction Buy","BTC","0.05486000",""
"26289805","2025-07-13 12:50:47","Isolated Margin","Transaction Spend","USDC","-5.92071050",""
"26289805","2025-07-13 12:50:47","Isolated Margin","Transaction Spend","USDC","-106.56090000",""
"26289805","2025-07-13 12:50:47","Isolated Margin","Transaction Spend","USDC","-94.72720000",""
"26289805","2025-07-13 12:50:47","Isolated Margin","Transaction Buy","BTC","0.00005000",""
"26289805","2025-07-13 12:50:48","Isolated Margin","Isolated Margin Repayment","BTC","-0.14952332",""
"26289805","2025-07-14 05:53:16","Isolated Margin","Transaction Sold","BTC","-0.00170000",""
"26289805","2025-07-14 05:53:16","Isolated Margin","Transaction Fee","USDC","-0.19705285",""
"26289805","2025-07-14 05:53:16","Isolated Margin","Transaction Revenue","USDC","10994.69505650",""
"26289805","2025-07-14 05:53:16","Isolated Margin","Transaction Revenue","USDC","207.42405500",""
"26289805","2025-07-14 05:53:16","Isolated Margin","Transaction Fee","USDC","-0.56681673",""
"26289805","2025-07-14 05:53:16","Isolated Margin","Transaction Fee","USDC","-0.21096247",""
"26289805","2025-07-14 05:53:16","Isolated Margin","Transaction Sold","BTC","-0.00348000",""
"26289805","2025-07-14 05:53:16","Isolated Margin","Transaction Fee","USDC","-0.04636538",""
"26289805","2025-07-14 05:53:16","Isolated Margin","Transaction Sold","BTC","-0.00489000",""
"26289805","2025-07-14 05:53:16","Isolated Margin","Transaction Sold","BTC","-0.00040000",""
"26289805","2025-07-14 05:53:16","Isolated Margin","Transaction Fee","USDC","-1.96009631",""
"26289805","2025-07-14 05:53:16","Isolated Margin","Transaction Fee","USDC","-1.06756281",""
"26289805","2025-07-14 05:53:16","Isolated Margin","Transaction Sold","BTC","-0.00921000",""
"26289805","2025-07-14 05:53:16","Isolated Margin","Transaction Revenue","USDC","596.64919350",""
"26289805","2025-07-14 05:53:16","Isolated Margin","Transaction Fee","USDC","-0.40337878",""
"26289805","2025-07-14 05:53:16","Isolated Margin","Transaction Revenue","USDC","180.58094200",""
"26289805","2025-07-14 05:53:16","Isolated Margin","Transaction Revenue","USDC","1123.75032150",""
"26289805","2025-07-14 05:53:16","Isolated Margin","Transaction Fee","USDC","-10.44496030",""
"26289805","2025-07-14 05:53:16","Isolated Margin","Transaction Sold","BTC","-0.00148000",""
"26289805","2025-07-14 05:53:16","Isolated Margin","Isolated Margin Loan","BTC","0.12936617",""
"26289805","2025-07-14 05:53:16","Isolated Margin","Transaction Revenue","USDC","222.06575300",""
"26289805","2025-07-14 05:53:16","Isolated Margin","Transaction Revenue","USDC","2063.25927650",""
"26289805","2025-07-14 05:53:16","Isolated Margin","Transaction Sold","BTC","-0.09011000",""
"26289805","2025-07-14 05:53:16","Isolated Margin","Transaction Sold","BTC","-0.01691000",""
"26289805","2025-07-14 05:53:16","Isolated Margin","Transaction Sold","BTC","-0.00182000",""
"26289805","2025-07-14 05:53:16","Isolated Margin","Transaction Fee","USDC","-0.17155189",""
"26289805","2025-07-14 05:53:16","Isolated Margin","Transaction Revenue","USDC","48.80566000",""
"26289805","2025-07-14 05:53:16","Isolated Margin","Transaction Revenue","USDC","424.60924200",""
"26289805","2025-07-14 14:44:02","Isolated Margin","Transaction Fee","BTC","-0.00013030",""
"26289805","2025-07-14 14:44:02","Isolated Margin","Transaction Spend","USDC","-15740.24000000",""
"26289805","2025-07-14 14:44:02","Isolated Margin","Transaction Buy","BTC","0.13030000",""
"26289805","2025-07-14 14:44:02","Isolated Margin","Isolated Margin Repayment","BTC","-0.12936767",""
"26289805","2025-07-17 10:59:25","Isolated Margin","Transaction Fee","USDC","-0.38134585",""
"26289805","2025-07-17 10:59:25","Isolated Margin","Transaction Revenue","USDC","4795.68600000",""
"26289805","2025-07-17 10:59:25","Isolated Margin","Transaction Revenue","USDC","9880.29728000",""
"26289805","2025-07-17 10:59:25","Isolated Margin","Transaction Fee","USDC","-9.38628242",""
"26289805","2025-07-17 10:59:25","Isolated Margin","Isolated Margin Loan","BTC","0.12919797",""
"26289805","2025-07-17 10:59:25","Isolated Margin","Transaction Sold","BTC","-0.00267000",""
"26289805","2025-07-17 10:59:25","Isolated Margin","Transaction Sold","BTC","-0.00339000",""
"26289805","2025-07-17 10:59:25","Isolated Margin","Transaction Sold","BTC","-0.08344000",""
"26289805","2025-07-17 10:59:25","Isolated Margin","Transaction Revenue","USDC","401.41668000",""
"26289805","2025-07-17 10:59:25","Isolated Margin","Transaction Revenue","USDC","316.16004000",""
"26289805","2025-07-17 10:59:25","Isolated Margin","Transaction Fee","USDC","-0.30035204",""
"26289805","2025-07-17 10:59:25","Isolated Margin","Transaction Sold","BTC","-0.04050000",""
"26289805","2025-07-17 10:59:25","Isolated Margin","Transaction Fee","USDC","-4.55590170",""
"26289805","2025-07-17 21:15:05","Isolated Margin","Transaction Spend","USDC","-60.11917500",""
"26289805","2025-07-17 21:15:05","Isolated Margin","Transaction Buy","BTC","0.00007000",""
"26289805","2025-07-17 21:15:05","Isolated Margin","Transaction Spend","USDC","-6.01180000",""
"26289805","2025-07-17 21:15:05","Isolated Margin","Transaction Fee","BTC","-4.8E-7",""
"26289805","2025-07-17 21:15:05","Isolated Margin","Transaction Spend","USDC","-6.01180300",""
"26289805","2025-07-17 21:15:05","Isolated Margin","Transaction Buy","BTC","0.00020000",""
"26289805","2025-07-17 21:15:05","Isolated Margin","Transaction Spend","USDC","-12.02353700",""
"26289805","2025-07-17 21:15:05","Isolated Margin","Transaction Buy","BTC","0.00013000",""
"26289805","2025-07-17 21:15:05","Isolated Margin","Transaction Fee","BTC","-5E-8",""
"26289805","2025-07-17 21:15:05","Isolated Margin","Transaction Buy","BTC","0.00028000",""
"26289805","2025-07-17 21:15:05","Isolated Margin","Transaction Buy","BTC","0.00018000",""
"26289805","2025-07-17 21:15:05","Isolated Margin","Transaction Spend","USDC","-14.42865840",""
"26289805","2025-07-17 21:15:05","Isolated Margin","Transaction Fee","BTC","-6E-8",""
"26289805","2025-07-17 21:15:05","Isolated Margin","Transaction Spend","USDC","-5007.97892350",""
"26289805","2025-07-17 21:15:05","Isolated Margin","Transaction Fee","BTC","-1.2E-7",""
"26289805","2025-07-17 21:15:05","Isolated Margin","Transaction Fee","BTC","-4.7E-7",""
"26289805","2025-07-17 21:15:05","Isolated Margin","Transaction Buy","BTC","0.00012000",""
"26289805","2025-07-17 21:15:05","Isolated Margin","Transaction Fee","BTC","-1.4E-7",""
"26289805","2025-07-17 21:15:05","Isolated Margin","Transaction Fee","BTC","-0.00002783",""
"26289805","2025-07-17 21:15:05","Isolated Margin","Transaction Spend","USDC","-68.53244520",""
"26289805","2025-07-17 21:15:05","Isolated Margin","Transaction Buy","BTC","0.00007000",""
"26289805","2025-07-17 21:15:05","Isolated Margin","Transaction Spend","USDC","-157.50822990",""
"26289805","2025-07-17 21:15:05","Isolated Margin","Transaction Spend","USDC","-14.42791680",""
"26289805","2025-07-17 21:15:05","Isolated Margin","Transaction Fee","BTC","-1.1E-7",""
"26289805","2025-07-17 21:15:05","Isolated Margin","Transaction Spend","USDC","-721.43544000",""
"26289805","2025-07-17 21:15:05","Isolated Margin","Transaction Buy","BTC","0.00008000",""
"26289805","2025-07-17 21:15:05","Isolated Margin","Transaction Fee","BTC","-2.9E-7",""
"26289805","2025-07-17 21:15:05","Isolated Margin","Transaction Buy","BTC","0.00005000",""
"26289805","2025-07-17 21:15:05","Isolated Margin","Transaction Buy","BTC","0.00049000",""
"26289805","2025-07-17 21:15:05","Isolated Margin","Transaction Buy","BTC","0.00015000",""
"26289805","2025-07-17 21:15:05","Isolated Margin","Transaction Spend","USDC","-24.04760400",""
"26289805","2025-07-17 21:15:05","Isolated Margin","Transaction Buy","BTC","0.00005000",""
"26289805","2025-07-17 21:15:05","Isolated Margin","Transaction Fee","BTC","-7E-8",""
"26289805","2025-07-17 21:15:05","Isolated Margin","Transaction Buy","BTC","0.04095000",""
"26289805","2025-07-17 21:15:05","Isolated Margin","Transaction Fee","BTC","-0.00000570",""
"26289805","2025-07-17 21:15:05","Isolated Margin","Isolated Margin Repayment","BTC","-0.12919979",""
"26289805","2025-07-17 21:15:05","Isolated Margin","Transaction Spend","USDC","-3521.64595170",""
"26289805","2025-07-17 21:15:05","Isolated Margin","Transaction Fee","BTC","-1.9E-7",""
"26289805","2025-07-17 21:15:05","Isolated Margin","Transaction Fee","BTC","-4.8E-7",""
"26289805","2025-07-17 21:15:05","Isolated Margin","Transaction Fee","BTC","-1.7E-7",""
"26289805","2025-07-17 21:15:05","Isolated Margin","Transaction Fee","BTC","-5E-8",""
"26289805","2025-07-17 21:15:05","Isolated Margin","Transaction Spend","USDC","-4923.53561700",""
"26289805","2025-07-17 21:15:05","Isolated Margin","Transaction Fee","BTC","-1.0E-7",""
"26289805","2025-07-17 21:15:05","Isolated Margin","Transaction Fee","BTC","-0.00003957",""
"26289805","2025-07-17 21:15:05","Isolated Margin","Transaction Spend","USDC","-8.41647030",""
"26289805","2025-07-17 21:15:05","Isolated Margin","Transaction Fee","BTC","-1.9E-7",""
"26289805","2025-07-17 21:15:05","Isolated Margin","Transaction Buy","BTC","0.04165000",""
"26289805","2025-07-17 21:15:05","Isolated Margin","Transaction Fee","BTC","-8E-8",""
"26289805","2025-07-17 21:15:05","Isolated Margin","Transaction Fee","BTC","-2.2E-7",""
"26289805","2025-07-17 21:15:05","Isolated Margin","Transaction Fee","BTC","-5E-8",""
"26289805","2025-07-17 21:15:05","Isolated Margin","Transaction Buy","BTC","0.00031000",""
"26289805","2025-07-17 21:15:05","Isolated Margin","Transaction Spend","USDC","-6.01182000",""
"26289805","2025-07-17 21:15:05","Isolated Margin","Transaction Fee","BTC","-8E-8",""
"26289805","2025-07-17 21:15:05","Isolated Margin","Transaction Spend","USDC","-16.83333680",""
"26289805","2025-07-17 21:15:05","Isolated Margin","Transaction Fee","BTC","-5E-8",""
"26289805","2025-07-17 21:15:05","Isolated Margin","Transaction Fee","BTC","-5.4E-7",""
"26289805","2025-07-17 21:15:05","Isolated Margin","Transaction Spend","USDC","-6.01179200",""
"26289805","2025-07-17 21:15:05","Isolated Margin","Transaction Spend","USDC","-18.03564000",""
"26289805","2025-07-17 21:15:05","Isolated Margin","Transaction Spend","USDC","-18.03517650",""
"26289805","2025-07-17 21:15:05","Isolated Margin","Transaction Fee","BTC","-1.3E-7",""
"26289805","2025-07-17 21:15:05","Isolated Margin","Transaction Spend","USDC","-6.01162500",""
"26289805","2025-07-17 21:15:05","Isolated Margin","Transaction Buy","BTC","0.00014000",""
"26289805","2025-07-17 21:15:05","Isolated Margin","Transaction Fee","BTC","-1.0E-7",""
"26289805","2025-07-17 21:15:05","Isolated Margin","Transaction Spend","USDC","-7.21402320",""
"26289805","2025-07-17 21:15:05","Isolated Margin","Transaction Spend","USDC","-354.68215800",""
"26289805","2025-07-17 21:15:05","Isolated Margin","Transaction Buy","BTC","0.00005000",""
"26289805","2025-07-17 21:15:05","Isolated Margin","Transaction Fee","BTC","-5E-8",""
"26289805","2025-07-17 21:15:05","Isolated Margin","Transaction Buy","BTC","0.00295000",""
"26289805","2025-07-17 21:15:05","Isolated Margin","Transaction Fee","BTC","-0.00000141",""
"26289805","2025-07-17 21:15:05","Isolated Margin","Transaction Buy","BTC","0.00057000",""
"26289805","2025-07-17 21:15:05","Isolated Margin","Transaction Buy","BTC","0.00014000",""
"26289805","2025-07-17 21:15:05","Isolated Margin","Transaction Spend","USDC","-9.61860400",""
"26289805","2025-07-17 21:15:05","Isolated Margin","Transaction Spend","USDC","-61.31961540",""
"26289805","2025-07-17 21:15:05","Isolated Margin","Transaction Buy","BTC","0.00011000",""
"26289805","2025-07-17 21:15:05","Isolated Margin","Transaction Spend","USDC","-177.95376440",""
"26289805","2025-07-17 21:15:05","Isolated Margin","Transaction Buy","BTC","0.00005000",""
"26289805","2025-07-17 21:15:05","Isolated Margin","Transaction Buy","BTC","0.00131000",""
"26289805","2025-07-17 21:15:05","Isolated Margin","Transaction Buy","BTC","0.00008000",""
"26289805","2025-07-17 21:15:05","Isolated Margin","Transaction Buy","BTC","0.00006000",""
"26289805","2025-07-17 21:15:05","Isolated Margin","Transaction Buy","BTC","0.00023000",""
"26289805","2025-07-17 21:15:05","Isolated Margin","Transaction Buy","BTC","0.00015000",""
"26289805","2025-07-17 21:15:05","Isolated Margin","Transaction Fee","BTC","-0.00000126",""
"26289805","2025-07-17 21:15:05","Isolated Margin","Transaction Fee","BTC","-1.1E-7",""
"26289805","2025-07-17 21:15:05","Isolated Margin","Transaction Buy","BTC","0.00012000",""
"26289805","2025-07-17 21:15:05","Isolated Margin","Transaction Fee","BTC","-0.00000124",""
"26289805","2025-07-17 21:15:05","Isolated Margin","Transaction Buy","BTC","0.00005000",""
"26289805","2025-07-17 21:15:05","Isolated Margin","Transaction Buy","BTC","0.00005000",""
"26289805","2025-07-17 21:15:05","Isolated Margin","Transaction Buy","BTC","0.00050000",""
"26289805","2025-07-17 21:15:05","Isolated Margin","Transaction Spend","USDC","-9.61896160",""
"26289805","2025-07-17 21:15:05","Isolated Margin","Transaction Spend","USDC","-6.01172250",""
"26289805","2025-07-17 21:15:05","Isolated Margin","Transaction Spend","USDC","-24.04684000",""
"26289805","2025-07-17 21:15:05","Isolated Margin","Transaction Fee","BTC","-1.3E-7",""
"26289805","2025-07-17 21:15:05","Isolated Margin","Transaction Spend","USDC","-13.22618660",""
"26289805","2025-07-17 21:15:05","Isolated Margin","Transaction Spend","USDC","-27.65307480",""
"26289805","2025-07-17 21:15:05","Isolated Margin","Transaction Buy","BTC","0.00133000",""
"26289805","2025-07-17 21:15:05","Isolated Margin","Transaction Fee","BTC","-5E-8",""
"26289805","2025-07-17 21:15:05","Isolated Margin","Transaction Spend","USDC","-16.83269840",""
"26289805","2025-07-17 21:15:05","Isolated Margin","Transaction Fee","BTC","-2.7E-7",""
"26289805","2025-07-17 21:15:05","Isolated Margin","Transaction Spend","USDC","-37.27248110",""
"26289805","2025-07-17 21:15:05","Isolated Margin","Transaction Buy","BTC","0.00010000",""
"26289805","2025-07-17 21:15:05","Isolated Margin","Transaction Buy","BTC","0.02929000",""
"26289805","2025-07-17 21:15:05","Isolated Margin","Transaction Spend","USDC","-21.64218840",""
"26289805","2025-07-17 21:15:05","Isolated Margin","Transaction Buy","BTC","0.00005000",""
"26289805","2025-07-17 21:15:05","Isolated Margin","Transaction Buy","BTC","0.00148000",""
"26289805","2025-07-17 21:15:05","Isolated Margin","Transaction Spend","USDC","-159.91487750",""
"26289805","2025-07-17 21:15:05","Isolated Margin","Transaction Spend","USDC","-33.66499640",""
"26289805","2025-07-17 21:15:05","Isolated Margin","Transaction Fee","BTC","-7E-8",""
"26289805","2025-07-17 21:15:05","Isolated Margin","Transaction Fee","BTC","-0.00003890",""
"26289805","2025-07-17 21:15:05","Isolated Margin","Transaction Spend","USDC","-8.41647030",""
"26289805","2025-07-17 21:15:05","Isolated Margin","Transaction Spend","USDC","-58.91422390",""
"26289805","2025-07-17 21:15:05","Isolated Margin","Transaction Fee","BTC","-5E-8",""
"26289805","2025-07-17 21:15:05","Isolated Margin","Transaction Spend","USDC","-15.63046160",""
"26289805","2025-07-17 21:15:05","Isolated Margin","Transaction Buy","BTC","0.00051000",""
"26289805","2025-07-17 21:15:05","Isolated Margin","Transaction Spend","USDC","-6.01175350",""
"26289805","2025-07-17 21:15:05","Isolated Margin","Transaction Fee","BTC","-0.00000280",""
"26289805","2025-07-17 21:15:05","Isolated Margin","Transaction Buy","BTC","0.00600000",""
"26289805","2025-07-17 21:15:05","Isolated Margin","Transaction Buy","BTC","0.00020000",""
"26289805","2025-07-17 21:15:05","Isolated Margin","Transaction Fee","BTC","-1.4E-7",""
"26289805","2025-07-17 22:20:14","Isolated Margin","Isolated Margin Loan","BTC","0.00902359",""
"26289805","2025-07-17 22:21:30","Isolated Margin","Isolated Margin Loan","BTC","0.01000000",""
"26289805","2025-07-17 22:21:38","Isolated Margin","Isolated Margin Loan","BTC","0.02000000",""
"26289805","2025-07-17 22:22:34","Isolated Margin","Isolated Margin Loan","BTC","0.04000000",""
"26289805","2025-07-18 06:35:53","Isolated Margin","Isolated Margin Repayment","BTC","-0.02000000",""
"26289805","2025-07-18 06:35:53","Isolated Margin","Isolated Margin Repayment","BTC","-0.01000000",""
"26289805","2025-07-18 06:35:53","Isolated Margin","Isolated Margin Repayment","BTC","-0.00902359",""
"26289805","2025-07-18 06:35:53","Isolated Margin","Isolated Margin Repayment","BTC","-0.04000000",""
"26289805","2025-07-18 06:37:04","Isolated Margin","Isolated Margin Repayment","BTC","-9.2E-7",""
"26289805","2025-07-22 14:46:09","Isolated Margin","Transaction Revenue","USDC","2198.61400000",""
"26289805","2025-07-22 14:46:09","Isolated Margin","Transaction Fee","USDC","-2.08868330",""
"26289805","2025-07-22 14:46:09","Isolated Margin","Transaction Sold","BTC","-0.00042000",""
"26289805","2025-07-22 14:46:09","Isolated Margin","Transaction Revenue","USDC","1782.66000000",""
"26289805","2025-07-22 14:46:09","Isolated Margin","Transaction Fee","USDC","-1.69352700",""
"26289805","2025-07-22 14:46:09","Isolated Margin","Transaction Sold","BTC","-0.01500000",""
"26289805","2025-07-22 14:46:09","Isolated Margin","Transaction Sold","BTC","-0.08608000",""
"26289805","2025-07-22 14:46:09","Isolated Margin","Transaction Fee","USDC","-9.71858694",""
"26289805","2025-07-22 14:46:09","Isolated Margin","Transaction Fee","USDC","-0.04741876",""
"26289805","2025-07-22 14:46:09","Isolated Margin","Transaction Revenue","USDC","10230.09152000",""
"26289805","2025-07-22 14:46:09","Isolated Margin","Transaction Revenue","USDC","49.91448000",""
"26289805","2025-07-22 14:46:09","Isolated Margin","Isolated Margin Loan","BTC","0.11902451",""
"26289805","2025-07-22 14:46:09","Isolated Margin","Transaction Sold","BTC","-0.01850000",""
"26289805","2025-07-25 06:32:55","Isolated Margin","Transaction Fee","BTC","-0.00011400",""
"26289805","2025-07-25 06:32:55","Isolated Margin","Transaction Buy","BTC","0.12000000",""
"26289805","2025-07-25 06:32:55","Isolated Margin","Isolated Margin Repayment","BTC","-0.11903374",""
"26289805","2025-07-25 06:32:55","Isolated Margin","Transaction Spend","USDC","-13834.09320000",""
"26289805","2025-07-25 06:33:45","Spot","Transfer Between Main Account/Futures and Margin Account","BTC","0.00085226",""
"26289805","2025-07-25 06:33:45","Isolated Margin","Transfer Between Main Account/Futures and Margin Account","BTC","-0.00085226",""
"26289805","2025-07-25 18:29:43","Spot","Simple Earn Flexible Subscription","BTC","-0.00085226","Binance Earn"
"26289805","2025-08-10 00:07:32","Spot","Transaction Revenue","USDC","901.06497600",""
"26289805","2025-08-10 00:07:32","Spot","Transaction Sold","ETH","-0.21180000",""
"26289805","2025-08-10 00:07:32","Spot","Transaction Fee","USDC","-0.85601173",""
"26289805","2025-08-10 00:08:05","Isolated Margin","Transfer Between Main Account/Futures and Margin Account","USDC","900.20896427",""
"26289805","2025-08-10 00:08:05","Spot","Transfer Between Main Account/Futures and Margin Account","USDC","-900.20896427",""
"26289805","2025-08-10 00:09:00","Isolated Margin","Transfer Between Main Account/Futures and Margin Account","USDC","1974.36358886",""
"26289805","2025-08-10 00:09:00","Isolated Margin","Transfer Between Main Account/Futures and Margin Account","USDC","-1974.36358886",""
"26289805","2025-08-10 00:15:57","Isolated Margin","Transaction Sold","ETH","-0.60160000",""
"26289805","2025-08-10 00:15:57","Isolated Margin","Transaction Fee","USDC","-2.44077903",""
"26289805","2025-08-10 00:15:57","Isolated Margin","Transaction Sold","ETH","-2.44670000",""
"26289805","2025-08-10 00:15:57","Isolated Margin","Transaction Revenue","USDC","1499.86281600",""
"26289805","2025-08-10 00:15:57","Isolated Margin","Transaction Fee","USDC","-1.05526367",""
"26289805","2025-08-10 00:15:57","Isolated Margin","Transaction Revenue","USDC","2284.38673200",""
"26289805","2025-08-10 00:15:57","Isolated Margin","Transaction Revenue","USDC","1110.80386800",""
"26289805","2025-08-10 00:15:57","Isolated Margin","Transaction Sold","ETH","-0.35120000",""
"26289805","2025-08-10 00:15:57","Isolated Margin","Transaction Fee","USDC","-1.96812152",""
"26289805","2025-08-10 00:15:57","Isolated Margin","Transaction Fee","USDC","-1.42486968",""
"26289805","2025-08-10 00:15:57","Isolated Margin","Transaction Revenue","USDC","2569.24108800",""
"26289805","2025-08-10 00:15:57","Isolated Margin","Transaction Fee","USDC","-1.29990958",""
"26289805","2025-08-10 00:15:57","Isolated Margin","Transaction Revenue","USDC","2071.70686800",""
"26289805","2025-08-10 00:15:57","Isolated Margin","Transaction Sold","ETH","-0.32040000",""
"26289805","2025-08-10 00:15:57","Isolated Margin","Transaction Fee","USDC","-2.17016740",""
"26289805","2025-08-10 00:15:57","Isolated Margin","Transaction Sold","ETH","-0.48510000",""
"26289805","2025-08-10 00:15:57","Isolated Margin","Transaction Revenue","USDC","10449.07275600",""
"26289805","2025-08-10 00:15:57","Isolated Margin","Transaction Revenue","USDC","1368.32587200",""
"26289805","2025-08-10 00:15:57","Isolated Margin","Isolated Margin Loan","ETH","5.00000000",""
"26289805","2025-08-10 00:15:57","Isolated Margin","Transaction Sold","ETH","-0.53490000",""
"26289805","2025-08-10 00:15:57","Isolated Margin","Transaction Sold","ETH","-0.26010000",""
"26289805","2025-08-10 00:15:57","Isolated Margin","Transaction Fee","USDC","-9.92661912",""
"26289805","2025-08-10 00:54:54","Isolated Margin","Transaction Buy","ETH","5.00000000",""
"26289805","2025-08-10 00:54:54","Isolated Margin","Isolated Margin Repayment","ETH","-4.99525000",""
"26289805","2025-08-10 00:54:54","Isolated Margin","Transaction Spend","USDC","-21650.00000000",""
"26289805","2025-08-10 00:54:54","Isolated Margin","Transaction Fee","ETH","-0.00475000",""
"26289805","2025-08-10 08:26:59","Isolated Margin","Transaction Spend","USDC","-25.20330000",""
"26289805","2025-08-10 08:26:59","Isolated Margin","Isolated Margin Repayment","ETH","-0.00477879",""
"26289805","2025-08-10 08:26:59","Isolated Margin","Transaction Fee","ETH","-0.00000570",""
"26289805","2025-08-10 08:26:59","Isolated Margin","Transaction Buy","ETH","0.00600000",""
"26289805","2025-08-10 08:34:48","Isolated Margin","Transfer Between Main Account/Futures and Margin Account","ETH","-0.00121551",""
"26289805","2025-08-10 08:34:48","Spot","Transfer Between Main Account/Futures and Margin Account","ETH","0.00121551",""
"26289805","2025-08-30 19:13:13","Spot","Transfer Between Main Account/Futures and Margin Account","USDC","532.00000000",""
"26289805","2025-08-30 19:13:13","Isolated Margin","Transfer Between Main Account/Futures and Margin Account","USDC","-532.00000000",""
"26289805","2025-08-30 19:15:34","Spot","Transaction Spend","USDC","-166.37184000",""
"26289805","2025-08-30 19:15:34","Spot","Transaction Buy","ATOM","50.00000000",""
"26289805","2025-08-30 19:15:34","Spot","Transaction Fee","ATOM","-0.04750000",""
"26289805","2025-08-30 19:15:34","Spot","Transaction Buy","ATOM","15.56000000",""
"26289805","2025-08-30 19:15:34","Spot","Transaction Spend","USDC","-224.10000000",""
"26289805","2025-08-30 19:15:34","Spot","Transaction Fee","ATOM","-0.01478200",""
"26289805","2025-08-30 19:15:34","Spot","Transaction Buy","ATOM","37.12000000",""
"26289805","2025-08-30 19:15:34","Spot","Transaction Fee","ATOM","-0.03526400",""
"26289805","2025-08-30 19:15:34","Spot","Transaction Fee","ATOM","-0.01520950",""
"26289805","2025-08-30 19:15:34","Spot","Transaction Spend","USDC","-71.75682000",""
"26289805","2025-08-30 19:15:34","Spot","Transaction Spend","USDC","-69.73992000",""
"26289805","2025-08-30 19:15:34","Spot","Transaction Buy","ATOM","16.01000000",""
"26289805","2025-08-30 19:20:12","Spot","Withdraw","ATOM","-118.57724500","Withdraw fee is included"
"26289805","2025-08-31 04:07:42","Spot","Simple Earn Flexible Subscription","USDC","-0.03142000","Binance Earn"
"26289805","2025-09-02 03:56:11","Spot","Simple Earn Flexible Interest","USDC","0.00000860","Binance Earn"
"26289805","2025-09-02 04:13:18","Spot","Simple Earn Flexible Subscription","USDC","-0.00000860","Binance Earn"
"26289805","2025-09-03 03:56:55","Spot","Simple Earn Flexible Interest","USDC","0.00000860","Binance Earn"
"26289805","2025-09-03 04:13:00","Spot","Simple Earn Flexible Subscription","USDC","-0.00000860","Binance Earn"
"26289805","2025-09-04 03:46:43","Spot","Simple Earn Flexible Interest","USDC","0.00000861","Binance Earn"
"26289805","2025-09-04 04:10:14","Spot","Simple Earn Flexible Subscription","USDC","-0.00000861","Binance Earn"
"26289805","2025-09-05 04:09:59","Spot","Simple Earn Flexible Interest","USDC","0.00000861","Binance Earn"
"26289805","2025-09-05 19:09:29","Spot","Simple Earn Flexible Subscription","USDC","-0.00000861","Binance Earn"
"26289805","2025-09-06 04:26:00","Spot","Simple Earn Flexible Interest","USDC","0.00000861","Binance Earn"
"26289805","2025-09-06 19:08:49","Spot","Simple Earn Flexible Subscription","USDC","-0.00000861","Binance Earn"
"26289805","2025-09-07 04:21:15","Spot","Simple Earn Flexible Interest","USDC","0.00000862","Binance Earn"
"26289805","2025-09-07 19:08:53","Spot","Simple Earn Flexible Subscription","USDC","-0.00000862","Binance Earn"
"26289805","2025-09-08 04:16:16","Spot","Simple Earn Flexible Interest","USDC","0.00000862","Binance Earn"
"26289805","2025-09-08 19:11:01","Spot","Simple Earn Flexible Subscription","USDC","-0.00000862","Binance Earn"
"26289805","2025-09-09 04:27:26","Spot","Simple Earn Flexible Interest","USDC","0.00000862","Binance Earn"
"26289805","2025-09-09 19:09:07","Spot","Simple Earn Flexible Subscription","USDC","-0.00000862","Binance Earn"
"26289805","2025-09-10 04:15:05","Spot","Simple Earn Flexible Interest","USDC","0.00000862","Binance Earn"
"26289805","2025-09-10 19:06:59","Spot","Simple Earn Flexible Subscription","USDC","-0.00000862","Binance Earn"
"26289805","2025-09-11 04:31:35","Spot","Simple Earn Flexible Interest","USDC","0.00000345","Binance Earn"
"26289805","2025-09-11 19:08:49","Spot","Simple Earn Flexible Subscription","USDC","-0.00000345","Binance Earn"
"26289805","2025-09-12 04:09:31","Spot","Simple Earn Flexible Interest","USDC","0.00000345","Binance Earn"
"26289805","2025-09-12 19:09:15","Spot","Simple Earn Flexible Subscription","USDC","-0.00000345","Binance Earn"
"26289805","2025-09-13 05:09:17","Spot","Simple Earn Flexible Interest","USDC","0.00000345","Binance Earn"
"26289805","2025-09-13 19:07:25","Spot","Simple Earn Flexible Subscription","USDC","-0.00000345","Binance Earn"
"26289805","2025-09-14 04:28:29","Spot","Simple Earn Flexible Interest","USDC","0.00000345","Binance Earn"
"26289805","2025-09-14 19:06:15","Spot","Simple Earn Flexible Subscription","USDC","-0.00000345","Binance Earn"
"26289805","2025-09-15 04:38:44","Spot","Simple Earn Flexible Interest","USDC","0.00000345","Binance Earn"
"26289805","2025-09-15 13:42:37","Spot","Simple Earn Flexible Subscription","USDC","-0.00000345","Binance Earn"
"26289805","2025-09-16 04:15:42","Spot","Simple Earn Flexible Interest","USDC","0.00000345","Binance Earn"
"26289805","2025-09-16 19:10:43","Spot","Simple Earn Flexible Subscription","USDC","-0.00000345","Binance Earn"
"26289805","2025-09-17 05:31:31","Spot","Simple Earn Flexible Interest","USDC","0.00000345","Binance Earn"
"26289805","2025-09-17 19:08:42","Spot","Simple Earn Flexible Subscription","USDC","-0.00000345","Binance Earn"
"26289805","2025-09-18 05:24:47","Spot","Simple Earn Flexible Interest","USDC","0.00000345","Binance Earn"
"26289805","2025-09-18 19:10:55","Spot","Simple Earn Flexible Subscription","USDC","-0.00000345","Binance Earn"
"26289805","2025-09-19 04:45:40","Spot","Simple Earn Flexible Interest","USDC","0.00000345","Binance Earn"
"26289805","2025-09-19 19:07:18","Spot","Simple Earn Flexible Subscription","USDC","-0.00000345","Binance Earn"
"26289805","2025-09-20 05:27:11","Spot","Simple Earn Flexible Interest","USDC","0.00000345","Binance Earn"
"26289805","2025-09-20 19:08:08","Spot","Simple Earn Flexible Subscription","USDC","-0.00000345","Binance Earn"
"26289805","2025-09-21 05:21:40","Spot","Simple Earn Flexible Interest","USDC","0.00000345","Binance Earn"
"26289805","2025-09-21 10:13:00","Isolated Margin","Isolated Margin Credit Fix","USDC","0.16856268",""
"26289805","2025-09-21 10:14:24","Spot","Transfer Between Main Account/Futures and Margin Account","USDC","2000.48352313",""
"26289805","2025-09-21 10:14:24","Isolated Margin","Transfer Between Main Account/Futures and Margin Account","USDC","-2000.48352313",""
"26289805","2025-09-21 10:15:08","Spot","Simple Earn Flexible Subscription","USDC","-2000.48352658","Binance Earn"
"26289805","2025-09-22 05:09:02","Spot","Simple Earn Flexible Interest","USDC","0.00000346","Binance Earn"
"26289805","2025-09-22 06:23:59","Spot","Simple Earn Flexible Redemption","USDC","500.00000000","Binance Earn"
"26289805","2025-09-22 06:25:45","Spot","Transaction Spend","USDC","-35.99210000",""
"26289805","2025-09-22 06:25:45","Spot","Transaction Fee","ATOM","-0.01923750",""
"26289805","2025-09-22 06:25:45","Spot","Transaction Buy","ATOM","20.25000000",""
"26289805","2025-09-22 06:25:45","Spot","Transaction Buy","ATOM","8.59000000",""
"26289805","2025-09-22 06:25:45","Spot","Transaction Fee","ATOM","-0.01923750",""
"26289805","2025-09-22 06:25:45","Spot","Transaction Spend","USDC","-84.84750000",""
"26289805","2025-09-22 06:25:45","Spot","Transaction Buy","ATOM","50.00000000",""
"26289805","2025-09-22 06:25:45","Spot","Transaction Fee","ATOM","-0.00816050",""
"26289805","2025-09-22 06:25:45","Spot","Transaction Spend","USDC","-84.80700000",""
"26289805","2025-09-22 06:25:45","Spot","Transaction Buy","ATOM","20.25000000",""
"26289805","2025-09-22 06:25:45","Spot","Transaction Spend","USDC","-84.82725000",""
"26289805","2025-09-22 06:25:45","Spot","Transaction Fee","ATOM","-0.04750000",""
"26289805","2025-09-22 06:25:45","Spot","Transaction Buy","ATOM","20.25000000",""
"26289805","2025-09-22 06:25:45","Spot","Transaction Spend","USDC","-209.50000000",""
"26289805","2025-09-22 06:25:45","Spot","Transaction Fee","ATOM","-0.01923750",""
"26289805","2025-09-22 06:31:13","Spot","Withdraw","ATOM","-119.22662700","Withdraw fee is included"
"26289805","2025-09-22 19:11:13","Spot","Simple Earn Flexible Subscription","USDC","-0.02615346","Binance Earn"
"26289805","2025-09-23 05:15:30","Spot","Simple Earn Flexible Interest","USDC","0.16443887","Binance Earn"
"26289805","2025-09-23 19:08:49","Spot","Simple Earn Flexible Subscription","USDC","-0.16443887","Binance Earn"
"26289805","2025-09-24 05:45:44","Spot","Simple Earn Flexible Interest","USDC","0.16445582","Binance Earn"
"26289805","2025-09-24 19:09:21","Spot","Simple Earn Flexible Subscription","USDC","-0.16445582","Binance Earn"
"26289805","2025-09-25 05:14:29","Spot","Simple Earn Flexible Interest","USDC","0.16448890","Binance Earn"
"26289805","2025-09-25 19:12:43","Spot","Simple Earn Flexible Subscription","USDC","-0.16448890","Binance Earn"
"26289805","2025-09-26 05:14:05","Spot","Simple Earn Flexible Interest","USDC","0.16452321","Binance Earn"
"26289805","2025-09-26 19:10:40","Spot","Simple Earn Flexible Subscription","USDC","-0.16452321","Binance Earn"
"26289805","2025-09-27 05:24:39","Spot","Simple Earn Flexible Interest","USDC","0.16455819","Binance Earn"
"26289805","2025-09-27 19:08:27","Spot","Simple Earn Flexible Subscription","USDC","-0.16455819","Binance Earn"
"26289805","2025-09-28 05:20:07","Spot","Simple Earn Flexible Interest","USDC","0.16459295","Binance Earn"
"26289805","2025-09-28 19:11:03","Spot","Simple Earn Flexible Subscription","USDC","-0.16459295","Binance Earn"
"26289805","2025-09-29 05:08:49","Spot","Simple Earn Flexible Interest","USDC","0.16462754","Binance Earn"
"26289805","2025-09-29 12:08:54","Spot","Simple Earn Flexible Subscription","USDC","-0.16462754","Binance Earn"
"26289805","2025-09-30 05:49:08","Spot","Simple Earn Flexible Interest","USDC","0.16466211","Binance Earn"
"26289805","2025-09-30 16:13:47","Spot","Simple Earn Flexible Redemption","USDC","103.00000000","Binance Earn"
"26289805","2025-09-30 19:11:41","Spot","Simple Earn Flexible Subscription","USDC","-103.16466211","Binance Earn"
"26289805","2025-10-01 05:18:55","Spot","Simple Earn Flexible Interest","USDC","0.15341088","Binance Earn"
"26289805","2025-10-01 19:11:57","Spot","Simple Earn Flexible Subscription","USDC","-0.15341088","Binance Earn"
"26289805","2025-10-02 04:14:25","Spot","Simple Earn Flexible Interest","USDC","0.16473220","Binance Earn"
"26289805","2025-10-02 19:13:10","Spot","Simple Earn Flexible Subscription","USDC","-0.16473220","Binance Earn"
"26289805","2025-10-03 03:54:42","Spot","Simple Earn Flexible Interest","USDC","0.16476694","Binance Earn"
"26289805","2025-10-03 04:11:17","Spot","Simple Earn Flexible Subscription","USDC","-0.16476694","Binance Earn"
"26289805","2025-10-04 04:19:00","Spot","Simple Earn Flexible Interest","USDC","0.16480170","Binance Earn"
"26289805","2025-10-04 19:11:56","Spot","Simple Earn Flexible Subscription","USDC","-0.16480170","Binance Earn"
"26289805","2025-10-05 04:24:50","Spot","Simple Earn Flexible Interest","USDC","0.16483686","Binance Earn"
"26289805","2025-10-05 19:12:18","Spot","Simple Earn Flexible Subscription","USDC","-0.16483686","Binance Earn"
"26289805","2025-10-06 05:19:47","Spot","Simple Earn Flexible Interest","USDC","0.16487202","Binance Earn"
"26289805","2025-10-06 19:14:22","Spot","Simple Earn Flexible Subscription","USDC","-0.16487202","Binance Earn"
"26289805","2025-10-07 04:08:20","Spot","Simple Earn Flexible Interest","USDC","0.16491172","Binance Earn"
"26289805","2025-10-07 04:12:14","Spot","Simple Earn Flexible Subscription","USDC","-0.16491172","Binance Earn"
"26289805","2025-10-07 21:53:16","Spot","Simple Earn Flexible Redemption","USDC","105.00000000","Binance Earn"
"26289805","2025-10-08 04:11:02","Spot","Simple Earn Flexible Subscription","USDC","-0.00900000","Binance Earn"
"26289805","2025-10-08 04:19:37","Spot","Simple Earn Flexible Interest","USDC","0.15344699","Binance Earn"
"26289805","2025-10-08 19:12:56","Spot","Simple Earn Flexible Subscription","USDC","-0.15344699","Binance Earn"
"26289805","2025-10-09 04:13:57","Spot","Simple Earn Flexible Interest","USDC","0.15348411","Binance Earn"
"26289805","2025-10-09 19:14:07","Spot","Simple Earn Flexible Subscription","USDC","-0.15348411","Binance Earn"
"26289805","2025-10-10 04:28:31","Spot","Simple Earn Flexible Interest","USDC","0.15352059","Binance Earn"
"26289805","2025-10-10 15:31:24","Spot","Transaction Spend","USDC","-104.99100000",""
"26289805","2025-10-10 15:31:24","Spot","Transaction Buy","ATOM","26.58000000",""
"26289805","2025-10-10 15:31:24","Spot","Transaction Fee","ATOM","-0.02658000",""
"26289805","2025-10-10 19:15:25","Spot","Simple Earn Flexible Subscription","USDC","-0.15352059","Binance Earn"
"26289805","2025-10-10 19:26:53","Spot","Simple Earn Flexible Redemption","USDC","101.50000000","Binance Earn"
"26289805","2025-10-10 19:27:24","Spot","Simple Earn Flexible Redemption","USDC","150.00000000","Binance Earn"
"26289805","2025-10-10 19:46:28","Spot","Transaction Fee","ETH","-0.00005938",""
"26289805","2025-10-10 19:46:28","Spot","Transaction Spend","USDC","-251.30812500",""
"26289805","2025-10-10 19:46:28","Spot","Transaction Buy","ETH","0.06250000",""
"26289805","2025-10-10 19:54:32","Spot","Withdraw","ETH","-0.06374483","Withdraw fee is included"
"26289805","2025-10-10 19:54:32","Spot","Withdraw","ATOM","-26.55342000","Withdraw fee is included"
"26289805","2025-10-11 04:09:04","Spot","Simple Earn Flexible Interest","USDC","0.12599610","Binance Earn"
"26289805","2025-10-11 04:12:32","Spot","Simple Earn Flexible Subscription","USDC","-0.31787110","Binance Earn"
"26289805","2025-10-11 05:32:36","Spot","Simple Earn Flexible Redemption","USDC","250.00000000","Binance Earn"
"26289805","2025-10-11 05:33:45","Spot","Transaction Spend","USDC","-250.00000000",""
"26289805","2025-10-11 05:33:45","Spot","Transaction Buy","ATOM","80.00000000",""
"26289805","2025-10-11 05:33:45","Spot","Transaction Fee","ATOM","-0.07600000",""
"26289805","2025-10-11 05:36:31","Spot","Withdraw","ATOM","-79.92400000","Withdraw fee is included"
"26289805","2025-10-12 04:58:46","Spot","Simple Earn Flexible Interest","USDC","0.09863052","Binance Earn"
"26289805","2025-10-12 19:14:27","Spot","Simple Earn Flexible Subscription","USDC","-0.09863052","Binance Earn"
"26289805","2025-10-13 03:39:25","Spot","Simple Earn Flexible Interest","USDC","0.09867315","Binance Earn"
"26289805","2025-10-13 04:13:02","Spot","Simple Earn Flexible Subscription","USDC","-0.09867315","Binance Earn"
"26289805","2025-10-14 05:19:47","Spot","Simple Earn Flexible Interest","USDC","0.09868833","Binance Earn"
"26289805","2025-10-14 19:13:53","Spot","Simple Earn Flexible Subscription","USDC","-0.09868833","Binance Earn"
"26289805","2025-10-15 04:16:45","Spot","Simple Earn Flexible Interest","USDC","0.09870275","Binance Earn"
"26289805","2025-10-15 12:34:34","Spot","Simple Earn Flexible Redemption","USDC","100.00000000","Binance Earn"
"26289805","2025-10-15 12:37:19","Spot","Transaction Fee","ATOM","-0.02816750",""
"26289805","2025-10-15 12:37:19","Spot","Transaction Buy","ATOM","29.65000000",""
"26289805","2025-10-15 12:37:19","Spot","Transaction Spend","USDC","-100.09840000",""
"26289805","2025-10-15 12:40:11","Spot","Withdraw","ATOM","-29.62183200","Withdraw fee is included"
"26289805","2025-10-15 19:14:48","Spot","Simple Earn Flexible Subscription","USDC","-0.00030275","Binance Earn"
"26289805","2025-10-16 05:19:40","Spot","Simple Earn Flexible Interest","USDC","0.08775948","Binance Earn"
"26289805","2025-10-16 19:13:19","Spot","Simple Earn Flexible Subscription","USDC","-0.08775948","Binance Earn"
"26289805","2025-10-17 04:08:24","Spot","Simple Earn Flexible Interest","USDC","0.08776307","Binance Earn"
"26289805","2025-10-17 04:11:47","Spot","Simple Earn Flexible Subscription","USDC","-0.08776307","Binance Earn"
"26289805","2025-10-17 06:46:41","Spot","Simple Earn Flexible Redemption","USDC","200.00000000","Binance Earn"
"26289805","2025-10-17 06:52:47","Spot","Transaction Fee","ATOM","-0.06050550",""
"26289805","2025-10-17 06:52:47","Spot","Transaction Buy","ATOM","63.69000000",""
"26289805","2025-10-17 06:52:47","Spot","Transaction Spend","USDC","-199.98660000",""
"26289805","2025-10-17 06:55:32","Spot","Withdraw","ATOM","-63.62949500","Withdraw fee is included"
"26289805","2025-10-17 19:16:31","Spot","Simple Earn Flexible Subscription","USDC","-0.01340000","Binance Earn"
"26289805","2025-10-18 05:15:32","Spot","Simple Earn Flexible Interest","USDC","0.06586083","Binance Earn"
"26289805","2025-10-18 19:15:51","Spot","Simple Earn Flexible Subscription","USDC","-0.06586083","Binance Earn"
"26289805","2025-10-19 05:08:56","Spot","Simple Earn Flexible Interest","USDC","0.06587520","Binance Earn"
"26289805","2025-10-19 19:15:57","Spot","Simple Earn Flexible Subscription","USDC","-0.06587520","Binance Earn"
"26289805","2025-10-19 22:13:14","Spot","Simple Earn Flexible Redemption","USDC","601.34679608","Binance Earn"
"26289805","2025-10-19 22:17:10","Spot","Transfer Between Main Account/Futures and Margin Account","USDC","-601.34679608",""
"26289805","2025-10-19 22:17:10","Isolated Margin","Transfer Between Main Account/Futures and Margin Account","USDC","601.34679608",""
"26289805","2025-10-19 22:30:07","Isolated Margin","Transaction Fee","BTC","-0.00005235",""
"26289805","2025-10-19 22:30:07","Isolated Margin","Isolated Margin Loan","USDC","5417.53870342",""
"26289805","2025-10-19 22:30:07","Isolated Margin","Transaction Buy","BTC","0.05510000",""
"26289805","2025-10-19 22:30:07","Isolated Margin","Transaction Spend","USDC","-6018.61763100",""
"26289805","2025-10-20 07:16:45","Isolated Margin","Transaction Revenue","USDC","3326.83666530",""
"26289805","2025-10-20 07:16:45","Isolated Margin","Transaction Revenue","USDC","2798.90878470",""
"26289805","2025-10-20 07:16:45","Isolated Margin","Isolated Margin Repayment","USDC","-5417.85700175",""
"26289805","2025-10-20 07:16:45","Isolated Margin","Transaction Fee","USDC","-3.16049483",""
"26289805","2025-10-20 07:16:45","Isolated Margin","Transaction Sold","BTC","-0.02513000",""
"26289805","2025-10-20 07:16:45","Isolated Margin","Transaction Fee","USDC","-2.65896335",""
"26289805","2025-10-20 07:16:45","Isolated Margin","Transaction Sold","BTC","-0.02987000",""
"26289805","2025-10-20 07:17:08","Spot","Transfer Between Main Account/Futures and Margin Account","BTC","0.00004765",""
"26289805","2025-10-20 07:17:08","Isolated Margin","Transfer Between Main Account/Futures and Margin Account","BTC","-0.00004765",""
"26289805","2025-10-20 18:42:46","Spot","Simple Earn Flexible Subscription","BTC","-0.00004765","Binance Earn"
"26289805","2025-10-21 21:34:41","Isolated Margin","Transaction Fee","BTC","-5E-8",""
"26289805","2025-10-21 21:34:41","Isolated Margin","Transaction Fee","BTC","-0.00005695",""
"26289805","2025-10-21 21:34:41","Isolated Margin","Transaction Buy","BTC","0.00005000",""
"26289805","2025-10-21 21:34:41","Isolated Margin","Isolated Margin Loan","USDC","6003.11936684",""
"26289805","2025-10-21 21:34:41","Isolated Margin","Transaction Buy","BTC","0.05995000",""
"26289805","2025-10-21 21:34:41","Isolated Margin","Transaction Spend","USDC","-6641.38569600",""
"26289805","2025-10-21 21:34:41","Isolated Margin","Transaction Spend","USDC","-5.53910400",""
"26289805","2025-10-22 11:03:51","Isolated Margin","Transaction Revenue","USDC","640.93000000",""
"26289805","2025-10-22 11:03:51","Isolated Margin","Transaction Sold","BTC","-0.00599000",""
"26289805","2025-10-22 11:03:51","Isolated Margin","Transaction Fee","USDC","-0.60888350",""
"26289805","2025-10-22 11:03:52","Isolated Margin","Isolated Margin Repayment","USDC","-640.32111650",""
"26289805","2025-10-26 00:04:58","Isolated Margin","Isolated Margin Repayment","USDC","-1555.54895727",""
"26289805","2025-10-26 00:04:58","Isolated Margin","Transaction Sold","BTC","-0.01395000",""
"26289805","2025-10-26 00:04:58","Isolated Margin","Transaction Revenue","USDC","1557.02813400",""
"26289805","2025-10-26 00:04:58","Isolated Margin","Transaction Fee","USDC","-1.47917673",""
"26289805","2025-10-26 10:08:53","Isolated Margin","Transaction Sold","BTC","-0.03742000",""
"26289805","2025-10-26 10:08:53","Isolated Margin","Transaction Revenue","USDC","278.70086240",""
"26289805","2025-10-26 10:08:53","Isolated Margin","Transaction Sold","BTC","-0.00248000",""
"26289805","2025-10-26 10:08:53","Isolated Margin","Transaction Sold","BTC","-0.00005000",""
"26289805","2025-10-26 10:08:53","Isolated Margin","Transaction Fee","USDC","-0.00533802",""
"26289805","2025-10-26 10:08:53","Isolated Margin","Transaction Revenue","USDC","5.61896900",""
"26289805","2025-10-26 10:08:53","Isolated Margin","Transaction Fee","USDC","-0.00533802",""
"26289805","2025-10-26 10:08:53","Isolated Margin","Isolated Margin Repayment","USDC","-3810.65228885",""
"26289805","2025-10-26 10:08:53","Isolated Margin","Transaction Revenue","USDC","4205.23639960",""
"26289805","2025-10-26 10:08:53","Isolated Margin","Transaction Fee","USDC","-0.26476582",""
"26289805","2025-10-26 10:08:53","Isolated Margin","Transaction Fee","USDC","-3.99497458",""
"26289805","2025-10-26 10:08:53","Isolated Margin","Transaction Sold","BTC","-0.00005000",""
"26289805","2025-10-26 10:08:53","Isolated Margin","Transaction Revenue","USDC","5.61896900",""
"26289805","2025-10-26 10:09:10","Isolated Margin","Transfer Between Main Account/Futures and Margin Account","BTC","-0.00000300",""
"26289805","2025-10-26 10:09:10","Spot","Transfer Between Main Account/Futures and Margin Account","BTC","0.00000300",""
"26289805","2025-10-26 10:09:36","Isolated Margin","Transfer Between Main Account/Futures and Margin Account","USDC","-138.00000000",""
"26289805","2025-10-26 10:09:36","Spot","Transfer Between Main Account/Futures and Margin Account","USDC","138.00000000",""
"26289805","2025-10-26 10:10:09","Spot","Transaction Spend","USDC","-81.24930000",""
"26289805","2025-10-26 10:10:09","Spot","Transaction Buy","ATOM","25.47000000",""
"26289805","2025-10-26 10:10:09","Spot","Transaction Fee","ATOM","-0.01690050",""
"26289805","2025-10-26 10:10:09","Spot","Transaction Fee","ATOM","-0.02419650",""
"26289805","2025-10-26 10:10:09","Spot","Transaction Spend","USDC","-56.75010000",""
"26289805","2025-10-26 10:10:09","Spot","Transaction Buy","ATOM","17.79000000",""
"26289805","2025-10-26 10:12:35","Spot","Withdraw","ATOM","-43.21890300","Withdraw fee is included"
"26289805","2025-10-26 18:42:54","Spot","Simple Earn Flexible Subscription","BTC","-0.00000300","Binance Earn"
"26289805","2025-10-26 19:13:57","Spot","Simple Earn Flexible Subscription","USDC","-0.00060000","Binance Earn"
"26289805","2025-10-26 22:58:52","Isolated Margin","Transaction Sold","BTC","-0.03995000",""
"26289805","2025-10-26 22:58:52","Isolated Margin","Transaction Fee","USDC","-0.00544550",""
"26289805","2025-10-26 22:58:52","Isolated Margin","Isolated Margin Loan","BTC","0.04000000",""
"26289805","2025-10-26 22:58:52","Isolated Margin","Transaction Revenue","USDC","4579.95149550",""
"26289805","2025-10-26 22:58:52","Isolated Margin","Transaction Sold","BTC","-0.00005000",""
"26289805","2025-10-26 22:58:52","Isolated Margin","Transaction Fee","USDC","-4.35095392",""
"26289805","2025-10-26 22:58:52","Isolated Margin","Transaction Revenue","USDC","5.73210450",""
"26289805","2025-10-27 00:36:01","Isolated Margin","Transaction Buy","BTC","0.00005000",""
"26289805","2025-10-27 00:36:01","Isolated Margin","Transaction Spend","USDC","-2929.19727240",""
"26289805","2025-10-27 00:36:01","Isolated Margin","Transaction Buy","BTC","0.00141000",""
"26289805","2025-10-27 00:36:01","Isolated Margin","Transaction Fee","BTC","-8E-8",""
"26289805","2025-10-27 00:36:01","Isolated Margin","Transaction Buy","BTC","0.00005000",""
"26289805","2025-10-27 00:36:01","Isolated Margin","Transaction Fee","BTC","-8E-8",""
"26289805","2025-10-27 00:36:01","Isolated Margin","Transaction Buy","BTC","0.00007000",""
"26289805","2025-10-27 00:36:01","Isolated Margin","Transaction Spend","USDC","-8.06296960",""
"26289805","2025-10-27 00:36:01","Isolated Margin","Transaction Buy","BTC","0.00005000",""
"26289805","2025-10-27 00:36:01","Isolated Margin","Transaction Fee","BTC","-6E-8",""
"26289805","2025-10-27 00:36:01","Isolated Margin","Transaction Fee","BTC","-2.7E-7",""
"26289805","2025-10-27 00:36:01","Isolated Margin","Transaction Fee","BTC","-6E-8",""
"26289805","2025-10-27 00:36:01","Isolated Margin","Transaction Fee","BTC","-2.2E-7",""
"26289805","2025-10-27 00:36:01","Isolated Margin","Transaction Buy","BTC","0.00029000",""
"26289805","2025-10-27 00:36:01","Isolated Margin","Transaction Fee","BTC","-5E-8",""
"26289805","2025-10-27 00:36:01","Isolated Margin","Transaction Spend","USDC","-5.75895100",""
"26289805","2025-10-27 00:36:01","Isolated Margin","Transaction Buy","BTC","0.00018000",""
"26289805","2025-10-27 00:36:01","Isolated Margin","Transaction Spend","USDC","-17.27641200",""
"26289805","2025-10-27 00:36:01","Isolated Margin","Transaction Fee","BTC","-5E-8",""
"26289805","2025-10-27 00:36:01","Isolated Margin","Transaction Spend","USDC","-42.61877930",""
"26289805","2025-10-27 00:36:01","Isolated Margin","Transaction Fee","BTC","-0.00000239",""
"26289805","2025-10-27 00:36:01","Isolated Margin","Transaction Fee","BTC","-2.0E-7",""
"26289805","2025-10-27 00:36:01","Isolated Margin","Transaction Buy","BTC","0.00006000",""
"26289805","2025-10-27 00:36:01","Isolated Margin","Transaction Buy","BTC","0.00021000",""
"26289805","2025-10-27 00:36:01","Isolated Margin","Transaction Buy","BTC","0.00252000",""
"26289805","2025-10-27 00:36:01","Isolated Margin","Transaction Spend","USDC","-26.49199800",""
"26289805","2025-10-27 00:36:01","Isolated Margin","Transaction Fee","BTC","-2.8E-7",""
"26289805","2025-10-27 00:36:01","Isolated Margin","Transaction Buy","BTC","0.00005000",""
"26289805","2025-10-27 00:36:01","Isolated Margin","Transaction Spend","USDC","-9.21440000",""
"26289805","2025-10-27 00:36:01","Isolated Margin","Transaction Fee","BTC","-1.7E-7",""
"26289805","2025-10-27 00:36:01","Isolated Margin","Transaction Spend","USDC","-162.39521310",""
"26289805","2025-10-27 00:36:01","Isolated Margin","Transaction Buy","BTC","0.00008000",""
"26289805","2025-10-27 00:36:01","Isolated Margin","Transaction Spend","USDC","-9.21432960",""
"26289805","2025-10-27 00:36:01","Isolated Margin","Transaction Spend","USDC","-20.73240000",""
"26289805","2025-10-27 00:36:01","Isolated Margin","Transaction Spend","USDC","-5.75928750",""
"26289805","2025-10-27 00:36:01","Isolated Margin","Transaction Spend","USDC","-5.75914800",""
"26289805","2025-10-27 00:36:01","Isolated Margin","Transaction Fee","BTC","-2.5E-7",""
"26289805","2025-10-27 00:36:01","Isolated Margin","Transaction Buy","BTC","0.00037000",""
"26289805","2025-10-27 00:36:01","Isolated Margin","Transaction Fee","BTC","-1.2E-7",""
"26289805","2025-10-27 00:36:01","Isolated Margin","Transaction Buy","BTC","0.00008000",""
"26289805","2025-10-27 00:36:01","Isolated Margin","Transaction Fee","BTC","-0.00000134",""
"26289805","2025-10-27 00:36:01","Isolated Margin","Transaction Buy","BTC","0.00005000",""
"26289805","2025-10-27 00:36:01","Isolated Margin","Transaction Spend","USDC","-32.25112800",""
"26289805","2025-10-27 00:36:01","Isolated Margin","Transaction Buy","BTC","0.00007000",""
"26289805","2025-10-27 00:36:01","Isolated Margin","Transaction Buy","BTC","0.00019000",""
"26289805","2025-10-27 00:36:01","Isolated Margin","Transaction Spend","USDC","-5.75931100",""
"26289805","2025-10-27 00:36:01","Isolated Margin","Transaction Buy","BTC","0.00018000",""
"26289805","2025-10-27 00:36:01","Isolated Margin","Transaction Buy","BTC","0.00021000",""
"26289805","2025-10-27 00:36:01","Isolated Margin","Transaction Spend","USDC","-24.18675000",""
"26289805","2025-10-27 00:36:01","Isolated Margin","Transaction Fee","BTC","-0.00000162",""
"26289805","2025-10-27 00:36:01","Isolated Margin","Transaction Buy","BTC","0.00008000",""
"26289805","2025-10-27 00:36:01","Isolated Margin","Transaction Buy","BTC","0.00170000",""
"26289805","2025-10-27 00:36:01","Isolated Margin","Transaction Spend","USDC","-21.88352930",""
"26289805","2025-10-27 00:36:01","Isolated Margin","Transaction Spend","USDC","-8.06230320",""
"26289805","2025-10-27 00:36:01","Isolated Margin","Transaction Spend","USDC","-33.40194480",""
"26289805","2025-10-27 00:36:01","Isolated Margin","Transaction Spend","USDC","-195.80600000",""
"26289805","2025-10-27 00:36:01","Isolated Margin","Transaction Buy","BTC","0.00028000",""
"26289805","2025-10-27 00:36:01","Isolated Margin","Transaction Buy","BTC","0.00160000",""
"26289805","2025-10-27 00:36:01","Isolated Margin","Transaction Spend","USDC","-5.75870100",""
"26289805","2025-10-27 00:36:01","Isolated Margin","Transaction Spend","USDC","-16.12441180",""
"26289805","2025-10-27 00:36:01","Isolated Margin","Transaction Fee","BTC","-0.00000100",""
"26289805","2025-10-27 00:36:01","Isolated Margin","Transaction Buy","BTC","0.00026000",""
"26289805","2025-10-27 00:36:01","Isolated Margin","Transaction Fee","BTC","-7E-8",""
"26289805","2025-10-27 00:36:01","Isolated Margin","Transaction Spend","USDC","-10.36627740",""
"26289805","2025-10-27 00:36:01","Isolated Margin","Transaction Fee","BTC","-1.8E-7",""
"26289805","2025-10-27 00:36:01","Isolated Margin","Transaction Fee","BTC","-0.00000152",""
"26289805","2025-10-27 00:36:01","Isolated Margin","Transaction Fee","BTC","-5E-8",""
"26289805","2025-10-27 00:36:01","Isolated Margin","Transaction Buy","BTC","0.00155000",""
"26289805","2025-10-27 00:36:01","Isolated Margin","Transaction Fee","BTC","-4.8E-7",""
"26289805","2025-10-27 00:36:01","Isolated Margin","Transaction Buy","BTC","0.00007000",""
"26289805","2025-10-27 00:36:01","Isolated Margin","Transaction Buy","BTC","0.00013000",""
"26289805","2025-10-27 00:36:01","Isolated Margin","Transaction Buy","BTC","0.00005000",""
"26289805","2025-10-27 00:36:01","Isolated Margin","Transaction Buy","BTC","0.00005000",""
"26289805","2025-10-27 00:36:01","Isolated Margin","Transaction Spend","USDC","-8.06291360",""
"26289805","2025-10-27 00:36:01","Isolated Margin","Transaction Spend","USDC","-20.73270960",""
"26289805","2025-10-27 00:36:01","Isolated Margin","Transaction Fee","BTC","-0.00000147",""
"26289805","2025-10-27 00:36:01","Isolated Margin","Transaction Spend","USDC","-120.94518450",""
"26289805","2025-10-27 00:36:01","Isolated Margin","Transaction Buy","BTC","0.00005000",""
"26289805","2025-10-27 00:36:01","Isolated Margin","Transaction Spend","USDC","-14.97415010",""
"26289805","2025-10-27 00:36:01","Isolated Margin","Transaction Fee","BTC","-9E-8",""
"26289805","2025-10-27 00:36:01","Isolated Margin","Transaction Fee","BTC","-5E-8",""
"26289805","2025-10-27 00:36:01","Isolated Margin","Transaction Fee","BTC","-7E-8",""
"26289805","2025-10-27 00:36:01","Isolated Margin","Transaction Fee","BTC","-5E-8",""
"26289805","2025-10-27 00:36:01","Isolated Margin","Transaction Buy","BTC","0.00105000",""
"26289805","2025-10-27 00:36:01","Isolated Margin","Transaction Spend","USDC","-5.75892850",""
"26289805","2025-10-27 00:36:01","Isolated Margin","Transaction Buy","BTC","0.00007000",""
"26289805","2025-10-27 00:36:01","Isolated Margin","Transaction Fee","BTC","-7E-8",""
"26289805","2025-10-27 00:36:01","Isolated Margin","Transaction Fee","BTC","-1.3E-7",""
"26289805","2025-10-27 00:36:01","Isolated Margin","Transaction Buy","BTC","0.00006000",""
"26289805","2025-10-27 00:36:01","Isolated Margin","Transaction Buy","BTC","0.00050000",""
"26289805","2025-10-27 00:36:01","Isolated Margin","Transaction Spend","USDC","-5.75885850",""
"26289805","2025-10-27 00:36:01","Isolated Margin","Transaction Fee","BTC","-3.5E-7",""
"26289805","2025-10-27 00:36:01","Isolated Margin","Transaction Fee","BTC","-8E-8",""
"26289805","2025-10-27 00:36:01","Isolated Margin","Transaction Spend","USDC","-31.09908870",""
"26289805","2025-10-27 00:36:01","Isolated Margin","Transaction Fee","BTC","-5E-8",""
"26289805","2025-10-27 00:36:01","Isolated Margin","Transaction Fee","BTC","-7E-8",""
"26289805","2025-10-27 00:36:01","Isolated Margin","Transaction Fee","BTC","-5E-8",""
"26289805","2025-10-27 00:36:01","Isolated Margin","Transaction Spend","USDC","-6.91091400",""
"26289805","2025-10-27 00:36:01","Isolated Margin","Transaction Spend","USDC","-178.52352850",""
"26289805","2025-10-27 00:36:01","Isolated Margin","Transaction Spend","USDC","-5.75888000",""
"26289805","2025-10-27 00:36:01","Isolated Margin","Transaction Spend","USDC","-9.21454480",""
"26289805","2025-10-27 00:36:01","Isolated Margin","Transaction Buy","BTC","0.00005000",""
"26289805","2025-10-27 00:36:01","Isolated Margin","Transaction Fee","BTC","-2.6E-7",""
"26289805","2025-10-27 00:36:01","Isolated Margin","Transaction Spend","USDC","-8.06231790",""
"26289805","2025-10-27 00:36:01","Isolated Margin","Transaction Buy","BTC","0.00007000",""
"26289805","2025-10-27 00:36:01","Isolated Margin","Transaction Buy","BTC","0.02543000",""
"26289805","2025-10-27 00:36:01","Isolated Margin","Transaction Buy","BTC","0.00027000",""
"26289805","2025-10-27 00:36:01","Isolated Margin","Transaction Fee","BTC","-7E-8",""
"26289805","2025-10-27 00:36:01","Isolated Margin","Transaction Spend","USDC","-29.94642820",""
"26289805","2025-10-27 00:36:01","Isolated Margin","Transaction Spend","USDC","-24.18884790",""
"26289805","2025-10-27 00:36:01","Isolated Margin","Transaction Buy","BTC","0.00023000",""
"26289805","2025-10-27 00:36:01","Isolated Margin","Transaction Buy","BTC","0.00014000",""
"26289805","2025-10-27 00:36:01","Isolated Margin","Transaction Fee","BTC","-5E-8",""
"26289805","2025-10-27 00:36:01","Isolated Margin","Transaction Spend","USDC","-5.75884600",""
"26289805","2025-10-27 00:36:01","Isolated Margin","Transaction Fee","BTC","-0.00002416",""
"26289805","2025-10-27 00:36:01","Isolated Margin","Transaction Buy","BTC","0.00015000",""
"26289805","2025-10-27 00:36:01","Isolated Margin","Transaction Spend","USDC","-290.24916480",""
"26289805","2025-10-27 00:36:01","Isolated Margin","Transaction Spend","USDC","-8.06258600",""
"26289805","2025-10-27 00:36:01","Isolated Margin","Transaction Fee","BTC","-1.4E-7",""
"26289805","2025-10-27 00:36:01","Isolated Margin","Transaction Fee","BTC","-5E-8",""
"26289805","2025-10-27 00:36:01","Isolated Margin","Transaction Fee","BTC","-2.0E-7",""
"26289805","2025-10-27 00:36:01","Isolated Margin","Transaction Spend","USDC","-184.28307200",""
"26289805","2025-10-27 00:36:01","Isolated Margin","Transaction Spend","USDC","-57.59074500",""
"26289805","2025-10-27 00:36:01","Isolated Margin","Transaction Buy","BTC","0.00009000",""
"26289805","2025-10-27 00:36:01","Isolated Margin","Transaction Spend","USDC","-6.91075440",""
"26289805","2025-10-27 00:36:01","Isolated Margin","Transaction Fee","BTC","-1.7E-7",""
"26289805","2025-10-27 00:36:02","Isolated Margin","Isolated Margin Repayment","BTC","-0.04000006",""
"26289805","2025-10-28 05:19:25","Spot","Simple Earn Flexible Interest","USDC","6E-8","Binance Earn"
"26289805","2025-10-28 19:18:07","Spot","Simple Earn Flexible Subscription","USDC","-6E-8","Binance Earn"
"26289805","2025-10-29 05:59:58","Spot","Simple Earn Flexible Interest","USDC","6E-8","Binance Earn"
"26289805","2025-10-29 19:16:18","Spot","Simple Earn Flexible Subscription","USDC","-6E-8","Binance Earn"
"26289805","2025-10-30 06:00:16","Spot","Simple Earn Flexible Interest","USDC","6E-8","Binance Earn"
"26289805","2025-10-30 14:08:34","Spot","Simple Earn Flexible Subscription","USDC","-6E-8","Binance Earn"
"26289805","2025-10-31 05:50:36","Spot","Simple Earn Flexible Interest","USDC","6E-8","Binance Earn"
"26289805","2025-10-31 19:18:29","Spot","Simple Earn Flexible Subscription","USDC","-6E-8","Binance Earn"
"26289805","2025-11-01 05:59:20","Spot","Simple Earn Flexible Interest","USDC","6E-8","Binance Earn"
"26289805","2025-11-01 19:16:05","Spot","Simple Earn Flexible Subscription","USDC","-6E-8","Binance Earn"
"26289805","2025-11-02 04:14:31","Spot","Simple Earn Flexible Interest","USDC","6E-8","Binance Earn"
"26289805","2025-11-02 04:16:01","Spot","Simple Earn Flexible Subscription","USDC","-6E-8","Binance Earn"
"26289805","2025-11-03 04:08:42","Spot","Simple Earn Flexible Interest","USDC","6E-8","Binance Earn"
"26289805","2025-11-03 04:16:23","Spot","Simple Earn Flexible Subscription","USDC","-6E-8","Binance Earn"
"26289805","2025-11-03 22:52:23","Spot","Transfer Between Main Account/Futures and Margin Account","BTC","0.00006177",""
"26289805","2025-11-03 22:52:23","Isolated Margin","Transfer Between Main Account/Futures and Margin Account","BTC","-0.00006177",""
"26289805","2025-11-03 22:59:13","Isolated Margin","Isolated Margin Loan","USDC","4806.94840789",""
"26289805","2025-11-03 22:59:13","Isolated Margin","Transaction Spend","USDC","-5322.59200000",""
"26289805","2025-11-03 22:59:13","Isolated Margin","Transaction Buy","BTC","0.05000000",""
"26289805","2025-11-03 22:59:13","Isolated Margin","Transaction Fee","BTC","-0.00004750",""
"26289805","2025-11-04 03:43:20","Spot","Simple Earn Flexible Subscription","BTC","-0.00006177","Binance Earn"
"26289805","2025-11-04 04:19:02","Spot","Simple Earn Flexible Interest","USDC","6E-8","Binance Earn"
"26289805","2025-11-04 05:43:10","Isolated Margin","Transaction Sold","BTC","-0.04993000",""
"26289805","2025-11-04 05:43:10","Isolated Margin","Transaction Revenue","USDC","5246.09517000",""
"26289805","2025-11-04 05:43:10","Isolated Margin","Isolated Margin Repayment","USDC","-4807.16047800",""
"26289805","2025-11-04 05:43:10","Isolated Margin","Transaction Fee","USDC","-4.98379041",""
"26289805","2025-11-04 07:01:08","Isolated Margin","Transfer Between Main Account/Futures and Margin Account","BTC","-0.00002250",""
"26289805","2025-11-04 07:01:08","Spot","Transfer Between Main Account/Futures and Margin Account","BTC","0.00002250",""
"26289805","2025-11-04 18:44:11","Spot","Simple Earn Flexible Subscription","BTC","-0.00002250","Binance Earn"
"26289805","2025-11-04 19:04:01","Isolated Margin","Transaction Buy","BTC","0.04700000",""
"26289805","2025-11-04 19:04:01","Isolated Margin","Isolated Margin Loan","USDC","4322.92122001",""
"26289805","2025-11-04 19:04:01","Isolated Margin","Transaction Spend","USDC","-4761.12162000",""
"26289805","2025-11-04 19:04:01","Isolated Margin","Transaction Fee","BTC","-0.00004465",""
"26289805","2025-11-04 19:16:20","Spot","Simple Earn Flexible Subscription","USDC","-6E-8","Binance Earn"
"26289805","2025-11-04 21:31:49","Isolated Margin","Transaction Sold","BTC","-0.04695000",""
"26289805","2025-11-04 21:31:49","Isolated Margin","Transaction Fee","USDC","-4.43799380",""
"26289805","2025-11-04 21:31:49","Isolated Margin","Transaction Revenue","USDC","4671.57241950",""
"26289805","2025-11-04 21:31:49","Isolated Margin","Isolated Margin Repayment","USDC","-4322.99290486",""
"26289805","2025-11-05 04:21:14","Spot","Simple Earn Flexible Interest","USDC","6E-8","Binance Earn"
"26289805","2025-11-05 19:13:16","Spot","Simple Earn Flexible Subscription","USDC","-6E-8","Binance Earn"
"26289805","2025-11-06 04:08:28","Spot","Simple Earn Flexible Interest","USDC","6E-8","Binance Earn"
"26289805","2025-11-06 04:12:00","Spot","Simple Earn Flexible Subscription","USDC","-6E-8","Binance Earn"
"26289805","2025-11-07 04:15:36","Spot","Simple Earn Flexible Interest","USDC","6E-8","Binance Earn"
"26289805","2025-11-07 04:16:14","Spot","Simple Earn Flexible Subscription","USDC","-6E-8","Binance Earn"
"26289805","2025-11-08 04:26:56","Spot","Simple Earn Flexible Interest","USDC","6E-8","Binance Earn"
"26289805","2025-11-08 19:17:36","Spot","Simple Earn Flexible Subscription","USDC","-6E-8","Binance Earn"
"26289805","2025-11-08 23:05:41","Isolated Margin","Transfer Between Main Account/Futures and Margin Account","BTC","-0.00000535",""
"26289805","2025-11-08 23:05:41","Spot","Transfer Between Main Account/Futures and Margin Account","BTC","0.00000535",""
"26289805","2025-11-08 23:05:50","Isolated Margin","Transfer Between Main Account/Futures and Margin Account","USDC","-387.48557103",""
"26289805","2025-11-08 23:05:50","Spot","Transfer Between Main Account/Futures and Margin Account","USDC","387.48557103",""
"26289805","2025-11-08 23:24:57","Spot","Transaction Spend","USDC","-288.03042000",""
"26289805","2025-11-08 23:24:57","Spot","Transaction Fee","ATOM","-0.03206250",""
"26289805","2025-11-08 23:24:57","Spot","Transaction Fee","ATOM","-0.09288150",""
"26289805","2025-11-08 23:24:57","Spot","Transaction Buy","ATOM","33.75000000",""
"26289805","2025-11-08 23:24:57","Spot","Transaction Spend","USDC","-99.42750000",""
"26289805","2025-11-08 23:24:57","Spot","Transaction Buy","ATOM","97.77000000",""
"26289805","2025-11-08 23:28:10","Spot","Withdraw","ATOM","-131.39505600","Withdraw fee is included"
"26289805","2025-11-09 03:43:19","Spot","Simple Earn Flexible Subscription","BTC","-0.00000535","Binance Earn"
"26289805","2025-11-09 04:09:06","Spot","Simple Earn Flexible Interest","USDC","6E-8","Binance Earn"
"26289805","2025-11-09 04:16:04","Spot","Simple Earn Flexible Subscription","USDC","-0.02765109","Binance Earn"
"26289805","2025-11-11 04:28:38","Spot","Simple Earn Flexible Interest","USDC","0.00000309","Binance Earn"
"26289805","2025-11-11 19:17:19","Spot","Simple Earn Flexible Subscription","USDC","-0.00000309","Binance Earn"
"26289805","2025-11-12 04:51:21","Spot","Simple Earn Flexible Interest","USDC","0.00000309","Binance Earn"
"26289805","2025-11-12 19:14:55","Spot","Simple Earn Flexible Subscription","USDC","-0.00000309","Binance Earn"
"26289805","2025-11-13 04:30:13","Spot","Simple Earn Flexible Interest","USDC","0.00000309","Binance Earn"
"26289805","2025-11-13 19:15:33","Spot","Simple Earn Flexible Subscription","USDC","-0.00000309","Binance Earn"
"26289805","2025-11-14 05:15:48","Spot","Simple Earn Flexible Interest","USDC","0.00000309","Binance Earn"
"26289805","2025-11-14 19:15:20","Spot","Simple Earn Flexible Subscription","USDC","-0.00000309","Binance Earn"
"26289805","2025-11-15 04:21:16","Spot","Simple Earn Flexible Interest","USDC","0.00000309","Binance Earn"
"26289805","2025-11-15 19:15:04","Spot","Simple Earn Flexible Subscription","USDC","-0.00000309","Binance Earn"
"26289805","2025-11-16 05:45:20","Spot","Simple Earn Flexible Interest","USDC","0.00000309","Binance Earn"
"26289805","2025-11-16 19:13:59","Spot","Simple Earn Flexible Subscription","USDC","-0.00000309","Binance Earn"
"26289805","2025-11-17 04:14:51","Spot","Simple Earn Flexible Interest","USDC","0.00000309","Binance Earn"
"26289805","2025-11-17 19:13:11","Spot","Simple Earn Flexible Subscription","USDC","-0.00000309","Binance Earn"
"26289805","2025-11-18 05:48:10","Spot","Simple Earn Flexible Interest","USDC","0.00000309","Binance Earn"
"26289805","2025-11-18 19:16:09","Spot","Simple Earn Flexible Subscription","USDC","-0.00000309","Binance Earn"
"26289805","2025-11-19 05:59:34","Spot","Simple Earn Flexible Interest","USDC","0.00000309","Binance Earn"
"26289805","2025-11-19 19:21:04","Spot","Simple Earn Flexible Subscription","USDC","-0.00000309","Binance Earn"
"26289805","2025-11-20 05:17:24","Spot","Simple Earn Flexible Interest","USDC","0.00000310","Binance Earn"
"26289805","2025-11-20 19:18:48","Spot","Simple Earn Flexible Subscription","USDC","-0.00000310","Binance Earn"
"26289805","2025-11-21 05:17:08","Spot","Simple Earn Flexible Interest","USDC","0.00000310","Binance Earn"
"26289805","2025-11-21 06:39:30","Spot","Deposit","EUR","500.00000000",""
"26289805","2025-11-21 08:03:35","Spot","Transaction Spend","EUR","-14.09580000",""
"26289805","2025-11-21 08:03:35","Spot","Transaction Spend","EUR","-68.84181500",""
"26289805","2025-11-21 08:03:35","Spot","Transaction Fee","ETH","-0.00000570",""
"26289805","2025-11-21 08:03:35","Spot","Transaction Buy","ETH","0.07620000",""
"26289805","2025-11-21 08:03:35","Spot","Transaction Fee","ETH","-0.00005349",""
"26289805","2025-11-21 08:03:35","Spot","Transaction Spend","EUR","-28.19232000",""
"26289805","2025-11-21 08:03:35","Spot","Transaction Buy","ETH","0.01200000",""
"26289805","2025-11-21 08:03:35","Spot","Transaction Fee","ETH","-0.00001140",""
"26289805","2025-11-21 08:03:35","Spot","Transaction Spend","EUR","-132.26446400",""
"26289805","2025-11-21 08:03:35","Spot","Transaction Spend","EUR","-7.04784000",""
"26289805","2025-11-21 08:03:35","Spot","Transaction Buy","ETH","0.02400000",""
"26289805","2025-11-21 08:03:35","Spot","Transaction Fee","ETH","-0.00007239",""
"26289805","2025-11-21 08:03:35","Spot","Transaction Buy","ETH","0.00600000",""
"26289805","2025-11-21 08:03:35","Spot","Transaction Spend","EUR","-179.03494800",""
"26289805","2025-11-21 08:03:35","Spot","Transaction Fee","ETH","-0.00002784",""
"26289805","2025-11-21 08:03:35","Spot","Transaction Spend","EUR","-14.09592000",""
"26289805","2025-11-21 08:03:35","Spot","Transaction Buy","ETH","0.00600000",""
"26289805","2025-11-21 08:03:35","Spot","Transaction Fee","ETH","-0.00000285",""
"26289805","2025-11-21 08:03:35","Spot","Transaction Buy","ETH","0.05630000",""
"26289805","2025-11-21 08:03:35","Spot","Transaction Buy","ETH","0.00300000",""
"26289805","2025-11-21 08:03:35","Spot","Transaction Fee","ETH","-0.00000570",""
"26289805","2025-11-21 08:03:35","Spot","Transaction Buy","ETH","0.02930000",""
"26289805","2025-11-21 08:03:35","Spot","Transaction Fee","ETH","-0.00002280",""
"26289805","2025-11-21 08:03:35","Spot","Transaction Spend","EUR","-56.38656000",""
"26289805","2025-11-21 08:08:21","Spot","Withdraw","ETH","-0.21259783","Withdraw fee is included"
"26289805","2025-11-21 19:17:06","Spot","Simple Earn Flexible Subscription","USDC","-0.00000310","Binance Earn"
"26289805","2025-11-22 05:26:22","Spot","Simple Earn Flexible Interest","USDC","0.00000310","Binance Earn"
"26289805","2025-11-22 19:18:11","Spot","Simple Earn Flexible Subscription","USDC","-0.00000310","Binance Earn"
"26289805","2025-11-23 05:17:44","Spot","Simple Earn Flexible Interest","USDC","0.00000310","Binance Earn"
"26289805","2025-11-23 19:18:30","Spot","Simple Earn Flexible Subscription","USDC","-0.00000310","Binance Earn"
"26289805","2025-11-24 05:12:19","Spot","Simple Earn Flexible Interest","USDC","0.00000310","Binance Earn"
"26289805","2025-11-24 19:17:29","Spot","Simple Earn Flexible Subscription","USDC","-0.00000310","Binance Earn"
"26289805","2025-11-25 05:26:14","Spot","Simple Earn Flexible Interest","USDC","0.00000310","Binance Earn"
"26289805","2025-11-25 19:18:12","Spot","Simple Earn Flexible Subscription","USDC","-0.00000310","Binance Earn"
"26289805","2025-11-26 05:07:37","Spot","Simple Earn Flexible Interest","USDC","0.00000310","Binance Earn"
"26289805","2025-11-26 19:18:04","Spot","Simple Earn Flexible Subscription","USDC","-0.00000310","Binance Earn"
"26289805","2025-11-27 05:37:51","Spot","Simple Earn Flexible Interest","USDC","0.00000310","Binance Earn"
"26289805","2025-11-27 14:04:04","Spot","Simple Earn Flexible Subscription","USDC","-0.00000310","Binance Earn"
"26289805","2025-11-28 05:21:25","Spot","Simple Earn Flexible Interest","USDC","0.00000310","Binance Earn"
"26289805","2025-11-28 19:18:43","Spot","Simple Earn Flexible Subscription","USDC","-0.00000310","Binance Earn"
"26289805","2025-11-29 05:51:08","Spot","Simple Earn Flexible Interest","USDC","0.00000310","Binance Earn"
"26289805","2025-11-29 19:17:31","Spot","Simple Earn Flexible Subscription","USDC","-0.00000310","Binance Earn"
"26289805","2025-11-30 05:41:45","Spot","Simple Earn Flexible Interest","USDC","0.00000310","Binance Earn"
"26289805","2025-11-30 19:17:59","Spot","Simple Earn Flexible Subscription","USDC","-0.00000310","Binance Earn"
"26289805","2025-12-01 05:45:51","Spot","Simple Earn Flexible Interest","USDC","0.00000310","Binance Earn"
"26289805","2025-12-01 19:02:06","Spot","Deposit","BTC","0.00404448",""
"26289805","2025-12-01 19:17:05","Spot","Simple Earn Flexible Subscription","USDC","-0.00000310","Binance Earn"
"26289805","2025-12-02 03:43:31","Spot","Simple Earn Flexible Subscription","BTC","-0.00404448","Binance Earn"
"26289805","2025-12-02 04:11:44","Spot","Simple Earn Flexible Interest","USDC","0.00000310","Binance Earn"
"26289805","2025-12-02 04:14:44","Spot","Simple Earn Flexible Subscription","USDC","-0.00000310","Binance Earn"
"26289805","2025-12-03 04:25:07","Spot","Simple Earn Flexible Interest","USDC","0.00000310","Binance Earn"
"26289805","2025-12-03 19:15:12","Spot","Simple Earn Flexible Subscription","USDC","-0.00000310","Binance Earn"
"26289805","2025-12-04 04:11:20","Spot","Simple Earn Flexible Interest","USDC","0.00000310","Binance Earn"
"26289805","2025-12-04 04:15:14","Spot","Simple Earn Flexible Subscription","USDC","-0.00000310","Binance Earn"
"26289805","2025-12-04 04:23:03","Spot","Simple Earn Flexible Interest","BTC","3E-8","Binance Earn"
"26289805","2025-12-04 18:46:34","Spot","Simple Earn Flexible Subscription","BTC","-3E-8","Binance Earn"
"26289805","2025-12-05 04:11:22","Spot","Simple Earn Flexible Interest","USDC","0.00000310","Binance Earn"
"26289805","2025-12-05 04:18:06","Spot","Simple Earn Flexible Subscription","USDC","-0.00000310","Binance Earn"
"26289805","2025-12-05 04:19:06","Spot","Simple Earn Flexible Interest","BTC","3E-8","Binance Earn"
"26289805","2025-12-05 18:47:15","Spot","Simple Earn Flexible Subscription","BTC","-3E-8","Binance Earn"
"26289805","2025-12-06 04:12:33","Spot","Simple Earn Flexible Interest","USDC","0.00000310","Binance Earn"
"26289805","2025-12-06 04:16:01","Spot","Simple Earn Flexible Interest","BTC","3E-8","Binance Earn"
"26289805","2025-12-06 04:16:25","Spot","Simple Earn Flexible Subscription","USDC","-0.00000310","Binance Earn"
"26289805","2025-12-06 18:46:23","Spot","Simple Earn Flexible Subscription","BTC","-3E-8","Binance Earn"
"26289805","2025-12-07 04:12:32","Spot","Simple Earn Flexible Interest","USDC","0.00000310","Binance Earn"
"26289805","2025-12-07 04:16:10","Spot","Simple Earn Flexible Interest","BTC","3E-8","Binance Earn"
"26289805","2025-12-07 04:16:19","Spot","Simple Earn Flexible Subscription","USDC","-0.00000310","Binance Earn"
"26289805","2025-12-07 18:48:13","Spot","Simple Earn Flexible Subscription","BTC","-3E-8","Binance Earn"
"26289805","2025-12-08 04:07:12","Spot","Simple Earn Flexible Interest","BTC","3E-8","Binance Earn"
"26289805","2025-12-08 04:07:58","Spot","Simple Earn Flexible Interest","USDC","0.00000310","Binance Earn"
"26289805","2025-12-08 04:17:32","Spot","Simple Earn Flexible Subscription","USDC","-0.00000310","Binance Earn"
"26289805","2025-12-08 18:45:52","Spot","Simple Earn Flexible Subscription","BTC","-3E-8","Binance Earn"
"26289805","2025-12-09 04:41:42","Spot","Simple Earn Flexible Interest","BTC","3E-8","Binance Earn"
"26289805","2025-12-09 04:42:21","Spot","Simple Earn Flexible Interest","USDC","0.00000310","Binance Earn"
"26289805","2025-12-09 18:46:09","Spot","Simple Earn Flexible Subscription","BTC","-3E-8","Binance Earn"
"26289805","2025-12-09 19:16:54","Spot","Simple Earn Flexible Subscription","USDC","-0.00000310","Binance Earn"
"26289805","2025-12-10 04:12:15","Spot","Simple Earn Flexible Interest","BTC","3E-8","Binance Earn"
"26289805","2025-12-10 04:26:04","Spot","Simple Earn Flexible Interest","USDC","0.00000310","Binance Earn"
"26289805","2025-12-10 18:46:13","Spot","Simple Earn Flexible Subscription","BTC","-3E-8","Binance Earn"
"26289805","2025-12-10 19:17:09","Spot","Simple Earn Flexible Subscription","USDC","-0.00000310","Binance Earn"
"26289805","2025-12-11 04:45:53","Spot","Simple Earn Flexible Interest","BTC","3E-8","Binance Earn"
"26289805","2025-12-11 04:51:42","Spot","Simple Earn Flexible Interest","USDC","0.00000310","Binance Earn"
"26289805","2025-12-11 18:46:14","Spot","Simple Earn Flexible Subscription","BTC","-3E-8","Binance Earn"
"26289805","2025-12-11 19:16:40","Spot","Simple Earn Flexible Subscription","USDC","-0.00000310","Binance Earn"
"26289805","2025-12-12 04:08:01","Spot","Simple Earn Flexible Interest","USDC","0.00000310","Binance Earn"
"26289805","2025-12-12 04:12:00","Spot","Simple Earn Flexible Interest","BTC","3E-8","Binance Earn"
"26289805","2025-12-12 04:15:01","Spot","Simple Earn Flexible Subscription","USDC","-0.00000310","Binance Earn"
"26289805","2025-12-12 18:45:18","Spot","Simple Earn Flexible Subscription","BTC","-3E-8","Binance Earn"
"26289805","2025-12-13 05:15:57","Spot","Simple Earn Flexible Interest","BTC","3E-8","Binance Earn"
"26289805","2025-12-13 05:25:26","Spot","Simple Earn Flexible Interest","USDC","0.00000311","Binance Earn"
"26289805","2025-12-13 18:45:33","Spot","Simple Earn Flexible Subscription","BTC","-3E-8","Binance Earn"
"26289805","2025-12-13 19:16:07","Spot","Simple Earn Flexible Subscription","USDC","-0.00000311","Binance Earn"
"26289805","2025-12-14 04:50:18","Spot","Simple Earn Flexible Interest","BTC","3E-8","Binance Earn"
"26289805","2025-12-14 04:51:46","Spot","Simple Earn Flexible Interest","USDC","0.00000311","Binance Earn"
"26289805","2025-12-14 18:45:49","Spot","Simple Earn Flexible Subscription","BTC","-3E-8","Binance Earn"
"26289805","2025-12-14 19:16:21","Spot","Simple Earn Flexible Subscription","USDC","-0.00000311","Binance Earn"
"26289805","2025-12-15 05:07:01","Spot","Simple Earn Flexible Interest","BTC","3E-8","Binance Earn"
"26289805","2025-12-15 05:12:33","Spot","Simple Earn Flexible Interest","USDC","0.00000311","Binance Earn"
"26289805","2025-12-15 18:45:33","Spot","Simple Earn Flexible Subscription","BTC","-3E-8","Binance Earn"
"26289805","2025-12-15 19:15:53","Spot","Simple Earn Flexible Subscription","USDC","-0.00000311","Binance Earn"
"26289805","2025-12-16 04:12:47","Spot","Simple Earn Flexible Interest","USDC","0.00000311","Binance Earn"
"26289805","2025-12-16 04:15:25","Spot","Simple Earn Flexible Subscription","USDC","-0.00000311","Binance Earn"
"26289805","2025-12-16 04:25:14","Spot","Simple Earn Flexible Interest","BTC","3E-8","Binance Earn"
"26289805","2025-12-16 18:46:22","Spot","Simple Earn Flexible Subscription","BTC","-3E-8","Binance Earn"
"26289805","2025-12-17 05:46:45","Spot","Simple Earn Flexible Interest","USDC","0.00000311","Binance Earn"
"26289805","2025-12-17 05:50:24","Spot","Simple Earn Flexible Interest","BTC","3E-8","Binance Earn"
"26289805","2025-12-17 18:45:47","Spot","Simple Earn Flexible Subscription","BTC","-3E-8","Binance Earn"
"26289805","2025-12-17 19:16:40","Spot","Simple Earn Flexible Subscription","USDC","-0.00000311","Binance Earn"
"26289805","2025-12-18 05:06:58","Spot","Simple Earn Flexible Interest","BTC","3E-8","Binance Earn"
"26289805","2025-12-18 05:21:37","Spot","Simple Earn Flexible Interest","USDC","0.00000311","Binance Earn"
"26289805","2025-12-18 18:46:26","Spot","Simple Earn Flexible Subscription","BTC","-3E-8","Binance Earn"
"26289805","2025-12-18 19:17:18","Spot","Simple Earn Flexible Subscription","USDC","-0.00000311","Binance Earn"
"26289805","2025-12-19 00:37:04","Spot","Deposit","EUR","800.00000000",""
"26289805","2025-12-19 00:58:24","Spot","Transaction Fee","ATOM","-0.05982150",""
"26289805","2025-12-19 00:58:24","Spot","Transaction Buy","ATOM","62.97000000",""
"26289805","2025-12-19 00:58:24","Spot","Transaction Spend","EUR","-99.99636000",""
"26289805","2025-12-19 01:00:27","Spot","Transaction Buy","BTC","0.00548000",""
"26289805","2025-12-19 01:00:27","Spot","Transaction Fee","BTC","-0.00000521",""
"26289805","2025-12-19 01:00:27","Spot","Transaction Spend","EUR","-399.69941800",""
"26289805","2025-12-19 01:10:43","Spot","Withdraw","ATOM","-62.91017800","Withdraw fee is included"
"26289805","2025-12-19 03:43:27","Spot","Simple Earn Flexible Subscription","BTC","-0.00547479","Binance Earn"
"26289805","2025-12-19 05:46:29","Spot","Simple Earn Flexible Interest","BTC","3E-8","Binance Earn"
"26289805","2025-12-19 05:55:43","Spot","Simple Earn Flexible Interest","USDC","0.00000311","Binance Earn"
"26289805","2025-12-19 18:45:24","Spot","Simple Earn Flexible Subscription","BTC","-3E-8","Binance Earn"
"26289805","2025-12-19 19:16:06","Spot","Simple Earn Flexible Subscription","USDC","-0.00000311","Binance Earn"
"26289805","2025-12-20 05:37:00","Spot","Simple Earn Flexible Interest","BTC","3E-8","Binance Earn"
"26289805","2025-12-20 05:52:09","Spot","Simple Earn Flexible Interest","USDC","0.00000311","Binance Earn"
"26289805","2025-12-20 18:46:02","Spot","Simple Earn Flexible Subscription","BTC","-3E-8","Binance Earn"
"26289805","2025-12-20 19:16:48","Spot","Simple Earn Flexible Subscription","USDC","-0.00000311","Binance Earn"
"26289805","2025-12-21 05:17:05","Spot","Simple Earn Flexible Interest","USDC","0.00000311","Binance Earn"
"26289805","2025-12-21 05:21:06","Spot","Simple Earn Flexible Interest","BTC","6E-8","Binance Earn"
"26289805","2025-12-21 18:45:45","Spot","Simple Earn Flexible Subscription","BTC","-6E-8","Binance Earn"
"26289805","2025-12-21 19:16:21","Spot","Simple Earn Flexible Subscription","USDC","-0.00000311","Binance Earn"
"26289805","2025-12-22 05:37:45","Spot","Simple Earn Flexible Interest","USDC","0.00000311","Binance Earn"
"26289805","2025-12-22 05:41:33","Spot","Simple Earn Flexible Interest","BTC","6E-8","Binance Earn"
"26289805","2025-12-22 18:46:08","Spot","Simple Earn Flexible Subscription","BTC","-6E-8","Binance Earn"
"26289805","2025-12-22 19:15:58","Spot","Simple Earn Flexible Subscription","USDC","-0.00000311","Binance Earn"
"26289805","2025-12-23 05:41:44","Spot","Simple Earn Flexible Interest","BTC","6E-8","Binance Earn"
"26289805","2025-12-23 05:47:19","Spot","Simple Earn Flexible Interest","USDC","0.00000311","Binance Earn"
"26289805","2025-12-23 18:46:46","Spot","Simple Earn Flexible Subscription","BTC","-6E-8","Binance Earn"
"26289805","2025-12-23 19:16:55","Spot","Simple Earn Flexible Subscription","USDC","-0.00000311","Binance Earn"
"26289805","2025-12-24 05:42:23","Spot","Simple Earn Flexible Interest","USDC","0.00000311","Binance Earn"
"26289805","2025-12-24 05:50:59","Spot","Simple Earn Flexible Interest","BTC","6E-8","Binance Earn"
"26289805","2025-12-24 18:49:33","Spot","Simple Earn Flexible Subscription","BTC","-6E-8","Binance Earn"
"26289805","2025-12-24 19:21:08","Spot","Simple Earn Flexible Subscription","USDC","-0.00000311","Binance Earn"
"26289805","2025-12-25 06:12:59","Spot","Simple Earn Flexible Interest","USDC","0.00000311","Binance Earn"
"26289805","2025-12-25 06:16:16","Spot","Simple Earn Flexible Interest","BTC","6E-8","Binance Earn"
"26289805","2025-12-25 18:48:31","Spot","Simple Earn Flexible Subscription","BTC","-6E-8","Binance Earn"
"26289805","2025-12-25 19:19:36","Spot","Simple Earn Flexible Subscription","USDC","-0.00000311","Binance Earn"
"26289805","2025-12-26 05:16:52","Spot","Simple Earn Flexible Interest","USDC","0.00000311","Binance Earn"
"26289805","2025-12-26 05:25:18","Spot","Simple Earn Flexible Interest","BTC","6E-8","Binance Earn"
"26289805","2025-12-26 18:48:42","Spot","Simple Earn Flexible Subscription","BTC","-6E-8","Binance Earn"
"26289805","2025-12-26 19:19:38","Spot","Simple Earn Flexible Subscription","USDC","-0.00000311","Binance Earn"
"26289805","2025-12-27 05:36:50","Spot","Simple Earn Flexible Interest","BTC","6E-8","Binance Earn"
"26289805","2025-12-27 05:47:38","Spot","Simple Earn Flexible Interest","USDC","0.00000311","Binance Earn"
"26289805","2025-12-27 18:48:04","Spot","Simple Earn Flexible Subscription","BTC","-6E-8","Binance Earn"
"26289805","2025-12-27 19:19:13","Spot","Simple Earn Flexible Subscription","USDC","-0.00000311","Binance Earn"
"26289805","2025-12-28 05:46:02","Spot","Simple Earn Flexible Interest","BTC","6E-8","Binance Earn"
"26289805","2025-12-28 05:47:28","Spot","Simple Earn Flexible Interest","USDC","0.00000311","Binance Earn"
"26289805","2025-12-28 18:48:39","Spot","Simple Earn Flexible Subscription","BTC","-6E-8","Binance Earn"
"26289805","2025-12-28 19:19:44","Spot","Simple Earn Flexible Subscription","USDC","-0.00000311","Binance Earn"
"26289805","2025-12-29 06:07:02","Spot","Simple Earn Flexible Interest","BTC","6E-8","Binance Earn"
"26289805","2025-12-29 06:17:53","Spot","Simple Earn Flexible Interest","USDC","0.00000311","Binance Earn"
"26289805","2025-12-29 18:46:26","Spot","Simple Earn Flexible Subscription","BTC","-6E-8","Binance Earn"
"26289805","2025-12-29 19:15:05","Spot","Simple Earn Flexible Subscription","USDC","-0.00000311","Binance Earn"
"26289805","2025-12-30 05:36:58","Spot","Simple Earn Flexible Interest","BTC","6E-8","Binance Earn"
"26289805","2025-12-30 05:47:08","Spot","Simple Earn Flexible Interest","USDC","0.00000311","Binance Earn"
"26289805","2025-12-30 18:46:30","Spot","Simple Earn Flexible Subscription","BTC","-6E-8","Binance Earn"
"26289805","2025-12-30 19:14:06","Spot","Simple Earn Flexible Subscription","USDC","-0.00000311","Binance Earn"
"26289805","2025-12-31 05:37:59","Spot","Simple Earn Flexible Interest","USDC","0.00000311","Binance Earn"
"26289805","2025-12-31 05:50:47","Spot","Simple Earn Flexible Interest","BTC","6E-8","Binance Earn"
"26289805","2025-12-31 18:47:45","Spot","Simple Earn Flexible Subscription","BTC","-6E-8","Binance Earn"
"26289805","2025-12-31 19:16:32","Spot","Simple Earn Flexible Subscription","USDC","-0.00000311","Binance Earn"
