Symbol,TokenAddress,TimeStamp,MovementType,Quantity,Countervalue,SymbolCountervalue,SourceCountervalue,SourceSymbolCountervalue
EUR,,2022-07-07 08:21:14,CREDIT,500,5E+2,EUR,,
BNB,,2022-07-07 09:31:01,CREDIT,64,14.876388616290480863591756624141315015,EUR,,
BNB,,2022-07-07 09:31:01,EXCHANGE_FEE,-0.000048,-0.011157291462217860647693817468105986,EUR,,
EUR,,2022-07-07 09:31:01,DEBIT,-14.8736,-14.8736,EUR,,
BTC,,2022-07-14 09:43:40,CREDIT,0.00507,99.909733399800598205383848454636091725,EUR,,
EUR,,2022-07-14 09:43:40,DEBIT,-99.9709191,-99.9709191,EUR,,
BTC,,2022-07-21 15:31:30,CREDIT,0.00384,85.110905593719332679097154072620215898,EUR,,
EUR,,2022-07-21 15:31:30,DEBIT,-85.0960512,-85.0960512,EUR,,
BTC,,2022-07-23 10:38:24,CREDIT,0.00454,100.013128823529411764705882352941176471,EUR,,
EUR,,2022-07-23 10:38:24,DEBIT,-99.88,-99.88,EUR,,
BTC,,2022-08-09 14:13:47,CREDIT,0.00222,49.843774193548387096774193548387096774,EUR,,
EUR,,2022-08-09 14:13:47,DEBIT,-49.9417776,-49.9417776,EUR,,
ETH,,2022-08-09 14:14:20,CREDIT,0.0303,49.765750733137829912023460410557184751,EUR,,
BNB,,2022-08-09 14:14:20,EXCHANGE_FEE,-0.00012145,-0.037353888563049853372434017595307918,EUR,,
EUR,,2022-08-09 14:14:20,DEBIT,-49.894404,-49.894404,EUR,,
EUR,,2022-08-17 09:53:14,CREDIT,1500,1.5E+3,EUR,,
BTC,,2022-08-19 01:29:23,CREDIT,0.00221,49.894806051587301587301587301587301587,EUR,,
EUR,,2022-08-19 01:29:23,DEBIT,-49946,-49946,EUR,,
ETH,,2022-08-19 06:38:07,CREDIT,0.0285,49.868810463968410661401776900296150049,EUR,,
BNB,,2022-08-19 06:38:07,EXCHANGE_FEE,-0.00013392,-0.037579564856860809476801579466929911,EUR,,
EUR,,2022-08-19 06:38:07,DEBIT,-49875,-49875,EUR,,
BTC,,2022-08-26 06:47:30,CREDIT,0.00232,49.914646326776395022079486150140505821,EUR,,
EUR,,2022-08-26 06:47:30,DEBIT,-49.9359352,-49.9359352,EUR,,
ETH,,2022-08-26 06:48:10,CREDIT,0.0299,49.89543748745735500702388119606662653,EUR,,
BNB,,2022-08-26 06:48:10,EXCHANGE_FEE,-0.00012562,-0.037377181015452538631346578366445916,EUR,,
EUR,,2022-08-26 06:48:10,DEBIT,-49.90011,-49.90011,EUR,,
USDT,,2022-08-27 02:02:46,EARN,0.03723376,0,EUR,0,USD
BTC,,2022-09-02 06:25:04,CREDIT,0.0025,50.396704784832982244959374059584712609,EUR,,
EUR,,2022-09-02 06:25:04,DEBIT,-50.3775,-50.3775,EUR,,
ETH,,2022-09-02 06:25:12,CREDIT,0.0315,50.063334670142370162422297974734309204,EUR,,
BNB,,2022-09-02 06:25:12,EXCHANGE_FEE,-0.00013491,-0.037535116302386204130739923801884901,EUR,,
EUR,,2022-09-02 06:25:12,DEBIT,-50.0535,-50.0535,EUR,,
ETH,,2022-09-07 06:27:31,CREDIT,0.0325,49.885676741130091984231274638633377135,EUR,,
BNB,,2022-09-07 06:27:31,EXCHANGE_FEE,-0.00014024,-0.037410565305297209866558835422563688,EUR,,
EUR,,2022-09-07 06:27:31,DEBIT,-49.8875,-49.8875,EUR,,
BTC,,2022-09-07 06:29:15,CREDIT,0.00263,49.91265972923822994544352394423115781,EUR,,
EUR,,2022-09-07 06:29:15,DEBIT,-49.9437,-49.9437,EUR,,
BTC,,2022-09-13 20:18:19,CREDIT,0.00245,49.868482250300842358604091456077015644,EUR,,
EUR,,2022-09-13 20:18:19,DEBIT,-49.819672,-49.819672,EUR,,
ETH,,2022-09-13 20:18:34,CREDIT,0.0308,49.946839149618933012434817488969113518,EUR,,
BNB,,2022-09-13 20:18:34,EXCHANGE_FEE,-0.00013329,-0.037441656447249774571686203787195672,EUR,,
EUR,,2022-09-13 20:18:34,DEBIT,-49.88984,-49.88984,EUR,,
ETH,,2022-09-15 17:04:41,CREDIT,66,99.919471947194719471947194719471947195,EUR,,
BNB,,2022-09-15 17:04:41,EXCHANGE_FEE,-0.00027545,-0.074938157315731573157315731573157316,EUR,,
EUR,,2022-09-15 17:04:41,DEBIT,-99.97284,-99.97284,EUR,,
ETHW,,2022-09-19 07:45:49,AIRDROP,0.1835,0,EUR,0,USD
BTC,,2022-09-22 05:34:30,CREDIT,0.00525,99.636050650935720097640358014646053702,EUR,,
EUR,,2022-09-22 05:34:30,DEBIT,-99.842502,-99.842502,EUR,,
BTC,,2022-09-27 22:10:25,CREDIT,0.00505,99.935315789473684210526315789473684211,EUR,,
EUR,,2022-09-27 22:10:25,DEBIT,-99.996767,-99.996767,EUR,,
BTC,,2022-10-11 05:41:35,CREDIT,0.00381,74.921406508264462809917355371900826446,EUR,,
EUR,,2022-10-11 05:41:35,DEBIT,-74.9652552,-74.9652552,EUR,,
ETH,,2022-10-11 05:42:15,CREDIT,0.0196,25.839400826446280991735537190082644628,EUR,,
BNB,,2022-10-11 05:42:15,EXCHANGE_FEE,-0.00006956,-0.019371166528925619834710743801652893,EUR,,
EUR,,2022-10-11 05:42:15,DEBIT,-25.848088,-25.848088,EUR,,
BTC,,2022-10-20 03:35:24,EARN,0.00000206,0,EUR,0,USD
BTC,,2022-10-21 04:11:28,EARN,0.00000206,0,EUR,0,USD
BTC,,2022-10-21 06:45:09,CREDIT,0.00512,99.856982800982800982800982800982800983,EUR,,
EUR,,2022-10-21 06:45:09,DEBIT,-99.858688,-99.858688,EUR,,
BTC,,2022-10-22 03:48:25,EARN,0.00000206,0,EUR,0,USD
BTC,,2022-10-23 03:48:57,EARN,0.00000218,0,EUR,0,USD
BTC,,2022-10-24 03:49:19,EARN,0.00000218,0,EUR,0,USD
BTC,,2022-10-24 09:46:14,CREDIT,0.00253,49.87851867684478371501272264631043257,EUR,,
EUR,,2022-10-24 09:46:14,DEBIT,-49.87895,-49.87895,EUR,,
ETH,,2022-10-24 09:46:29,CREDIT,0.0182,24.885563021787823253919771940541641214,EUR,,
BNB,,2022-10-24 09:46:29,EXCHANGE_FEE,-0.00006684,-0.018641046717557251908396946564885496,EUR,,
EUR,,2022-10-24 09:46:29,DEBIT,-24.885952,-24.885952,EUR,,
BTC,,2022-10-25 02:22:55,EARN,0.00000218,0,EUR,0,USD
BTC,,2022-10-26 03:35:25,EARN,0.00000223,0,EUR,0,USD
BTC,,2022-10-27 03:26:33,EARN,0.00000223,0,EUR,0,USD
BTC,,2022-10-28 02:29:42,EARN,0.00000223,0,EUR,0,USD
ETH,,2022-10-28 06:05:29,CREDIT,0.0329,49.989465717722534081796311146752205293,EUR,,
BNB,,2022-10-28 06:05:29,EXCHANGE_FEE,-0.00013014,-0.037540484963913392141138732959101844,EUR,,
EUR,,2022-10-28 06:05:29,DEBIT,-49.998788,-49.998788,EUR,,
BTC,,2022-10-28 06:07:13,CREDIT,0.00122,24.800862383482008619825598877418061542,EUR,,
EUR,,2022-10-28 06:07:13,DEBIT,-24.8088342,-24.8088342,EUR,,
BTC,,2022-10-29 04:02:47,EARN,0.00000223,0,EUR,0,USD
BTC,,2022-10-30 04:37:59,EARN,0.00000226,0,EUR,0,USD
BTC,,2022-10-31 04:03:26,EARN,0.00000226,0,EUR,0,USD
ETH,,2022-10-31 14:50:36,CREDIT,0.0158,24.884361358124494745351657235246564268,EUR,,
BNB,,2022-10-31 14:50:36,EXCHANGE_FEE,-0.00005697,-0.018656293350848827809215844785772029,EUR,,
EUR,,2022-10-31 14:50:36,DEBIT,-24.899062,-24.899062,EUR,,
BTC,,2022-10-31 14:50:51,CREDIT,0.00121,24.864142784963621665319320937752627324,EUR,,
EUR,,2022-10-31 14:50:51,DEBIT,-24.8866024,-24.8866024,EUR,,
BTC,,2022-11-01 03:03:59,EARN,0.00000226,0,EUR,0,USD
BTC,,2022-11-02 04:13:37,EARN,0.00000125,0,EUR,0,USD
BTC,,2022-11-02 20:36:37,CREDIT,0.00121,24.829665716322166785459729151817533856,EUR,,
EUR,,2022-11-02 20:36:37,DEBIT,-24.8572772,-24.8572772,EUR,,
ETH,,2022-11-02 20:36:49,CREDIT,0.0162,24.941600488698839340256566890653634698,EUR,,
BNB,,2022-11-02 20:36:49,EXCHANGE_FEE,-0.00005785,-0.018703773162288739564243534921604561,EUR,,
EUR,,2022-11-02 20:36:49,DEBIT,-24.948972,-24.948972,EUR,,
BTC,,2022-11-03 04:01:55,EARN,0.00000125,0,EUR,0,USD
BTC,,2022-11-04 03:37:34,EARN,0.00000125,0,EUR,0,USD
BTC,,2022-11-05 05:15:28,EARN,0.00000127,0,EUR,0,USD
BTC,,2022-11-06 02:25:59,EARN,0.00000127,0,EUR,0,USD
BTC,,2022-11-07 03:05:14,EARN,0.00000127,0,EUR,0,USD
BTC,,2022-11-08 03:05:55,EARN,0.00000127,0,EUR,0,USD
BTC,,2022-11-09 03:51:42,EARN,0.00000127,0,EUR,0,USD
BTC,,2022-11-09 06:44:05,CREDIT,0.00136,24.91446852589641434262948207171314741,EUR,,
EUR,,2022-11-09 06:44:05,DEBIT,-24.891876,-24.891876,EUR,,
ETH,,2022-11-09 06:44:40,CREDIT,0.02,25.928884462151394422310756972111553785,EUR,,
BNB,,2022-11-09 06:44:40,EXCHANGE_FEE,-0.00006137,-0.019472914726368159203980099502487562,EUR,,
EUR,,2022-11-09 06:44:40,DEBIT,-25926,-25926,EUR,,
BTC,,2022-11-10 04:24:53,EARN,0.000001,0,EUR,0,USD
BTC,,2022-11-11 03:45:26,EARN,0.00000102,0,EUR,0,USD
BTC,,2022-11-11 12:50:55,CREDIT,0.00148,24.897184824902723735408560311284046693,EUR,,
EUR,,2022-11-11 12:50:55,DEBIT,-24.9499584,-24.9499584,EUR,,
BTC,,2022-11-12 03:28:23,EARN,0.00000102,0,EUR,0,USD
BTC,,2022-11-12 07:12:01,CREDIT,0.00152,24.729426964112512124151309408341416101,EUR,,
EUR,,2022-11-12 07:12:01,DEBIT,-24.8542421,-24.8542421,EUR,,
BTC,,2022-11-13 03:55:48,EARN,0.00000104,0,EUR,0,USD
BTC,,2022-11-14 04:41:12,EARN,0.00000106,0,EUR,0,USD
BTC,,2022-11-15 04:15:36,EARN,0.00000106,0,EUR,0,USD
BTC,,2022-11-16 03:54:02,EARN,0.00000106,0,EUR,0,USD
BTC,,2022-11-17 04:08:07,EARN,0.00000106,0,EUR,0,USD
BTC,,2022-11-18 03:58:07,EARN,0.00000106,0,EUR,0,USD
BTC,,2022-11-18 07:18:20,CREDIT,0.00465,75.036947064485081809432146294513955727,EUR,,
EUR,,2022-11-18 07:18:20,DEBIT,-75.0975,-75.0975,EUR,,
ETH,,2022-11-18 07:19:20,CREDIT,0.0215,25.210871029836381135707410972088546679,EUR,,
BNB,,2022-11-18 07:19:20,EXCHANGE_FEE,-0.00007204,-0.018919175337186897880539499036608863,EUR,,
EUR,,2022-11-18 07:19:20,DEBIT,-25.2195,-25.2195,EUR,,
BTC,,2022-11-19 03:57:44,EARN,0.00000106,0,EUR,0,USD
BTC,,2022-11-20 02:51:29,EARN,0.00000112,0,EUR,0,USD
BTC,,2022-11-21 03:59:10,EARN,0.00000112,0,EUR,0,USD
BTC,,2022-11-22 03:19:00,EARN,0.00000112,0,EUR,0,USD
BTC,,2022-11-23 03:59:28,EARN,0.00000112,0,EUR,0,USD
BTC,,2022-11-24 04:15:08,EARN,0.00000112,0,EUR,0,USD
BTC,,2022-11-25 04:26:16,EARN,0.00000112,0,EUR,0,USD
ETH,,2022-11-25 06:51:05,CREDIT,0.0441,49.959120921305182341650671785028790787,EUR,,
BNB,,2022-11-25 06:51:05,EXCHANGE_FEE,-0.00013166,-0.03746371401151631477927063339731286,EUR,,
EUR,,2022-11-25 06:51:05,DEBIT,-49.967505,-49.967505,EUR,,
BTC,,2022-11-25 06:53:08,CREDIT,0.00635,100.044676583493282149712092130518234165,EUR,,
EUR,,2022-11-25 06:53:08,DEBIT,-100.0317405,-100.0317405,EUR,,
BTC,,2022-11-26 03:45:36,EARN,0.00000112,0,EUR,0,USD
BTC,,2022-11-27 04:09:42,EARN,0.00000121,0,EUR,0,USD
BTC,,2022-11-28 03:05:47,EARN,0.00000121,0,EUR,0,USD
BTC,,2022-11-29 03:22:00,EARN,0.00000121,0,EUR,0,USD
BTC,,2022-11-30 03:35:42,EARN,0.00000121,0,EUR,0,USD
BTC,,2022-12-01 04:16:36,EARN,0.00000121,0,EUR,0,USD
BTC,,2022-12-02 04:41:19,EARN,0.00000121,0,EUR,0,USD
BTC,,2022-12-03 04:06:58,EARN,0.00000121,0,EUR,0,USD
BTC,,2022-12-04 04:02:16,EARN,0.00000121,0,EUR,0,USD
BTC,,2022-12-05 04:42:26,EARN,0.00000121,0,EUR,0,USD
BTC,,2022-12-06 03:39:14,EARN,0.00000121,0,EUR,0,USD
BTC,,2022-12-07 04:25:40,EARN,0.00000121,0,EUR,0,USD
BTC,,2022-12-08 03:07:44,EARN,0.00000121,0,EUR,0,USD
BTC,,2022-12-09 04:27:38,EARN,0.00000121,0,EUR,0,USD
BTC,,2022-12-10 03:29:46,EARN,0.00000121,0,EUR,0,USD
BTC,,2022-12-11 04:20:14,EARN,0.00000121,0,EUR,0,USD
BTC,,2022-12-12 03:57:28,EARN,0.00000121,0,EUR,0,USD
BTC,,2022-12-13 03:20:17,EARN,0.00000121,0,EUR,0,USD
BTC,,2022-12-14 03:06:45,EARN,0.00000121,0,EUR,0,USD
BTC,,2022-12-15 03:55:55,EARN,0.00000121,0,EUR,0,USD
BTC,,2022-12-16 03:51:49,EARN,0.00000121,0,EUR,0,USD
BTC,,2022-12-17 03:59:20,EARN,0.00000121,0,EUR,0,USD
BTC,,2022-12-18 03:57:40,EARN,0.00000121,0,EUR,0,USD
BTC,,2022-12-19 04:50:25,EARN,0.00000121,0,EUR,0,USD
BTC,,2022-12-20 03:05:49,EARN,0.00000121,0,EUR,0,USD
BTC,,2022-12-21 04:34:22,EARN,0.00000121,0,EUR,0,USD
BTC,,2022-12-22 03:33:51,EARN,0.00000081,0,EUR,0,USD
BTC,,2022-12-23 03:42:40,EARN,0.00000081,0,EUR,0,USD
BTC,,2022-12-24 04:16:45,EARN,0.00000081,0,EUR,0,USD
BTC,,2022-12-25 04:15:24,EARN,0.00000081,0,EUR,0,USD
BTC,,2022-12-26 03:05:57,EARN,0.00000081,0,EUR,0,USD
BTC,,2022-12-27 04:22:41,EARN,0.00000081,0,EUR,0,USD
BTC,,2022-12-28 03:37:57,EARN,0.00000081,0,EUR,0,USD
BTC,,2022-12-29 03:56:04,EARN,0.00000081,0,EUR,0,USD
BTC,,2022-12-30 03:04:20,EARN,0.00000081,0,EUR,0,USD
BTC,,2022-12-31 04:00:56,EARN,0.00000081,0,EUR,0,USD
BTC,,2023-01-01 03:05:33,EARN,0.00000081,0,EUR,0,USD
BTC,,2023-01-02 03:46:45,EARN,0.00000081,0,EUR,0,USD
BTC,,2023-01-03 03:19:20,EARN,0.00000081,0,EUR,0,USD
BTC,,2023-01-04 03:05:01,EARN,0.00000081,0,EUR,0,USD
BTC,,2023-01-05 04:15:35,EARN,0.00000081,0,EUR,0,USD
EUR,,2023-01-05 09:44:34,CREDIT,1500,1.5E+3,EUR,,
BTC,,2023-01-06 03:34:34,EARN,0.00000081,0,EUR,0,USD
BTC,,2023-01-07 04:07:40,EARN,0.00000081,0,EUR,0,USD
BTC,,2023-01-08 04:23:51,EARN,0.00000081,0,EUR,0,USD
BTC,,2023-01-09 03:58:25,EARN,0.00000081,0,EUR,0,USD
BTC,,2023-01-10 04:53:51,EARN,0.00000081,0,EUR,0,USD
BTC,,2023-01-11 04:11:49,EARN,0.00000081,0,EUR,0,USD
BTC,,2023-01-12 03:07:34,EARN,0.00000081,0,EUR,0,USD
BTC,,2023-01-13 03:37:35,EARN,0.00000081,0,EUR,0,USD
BTC,,2023-01-14 05:01:59,EARN,0.00000081,0,EUR,0,USD
BTC,,2023-01-15 04:04:03,EARN,0.00000081,0,EUR,0,USD
BTC,,2023-01-16 03:42:36,EARN,0.00000081,0,EUR,0,USD
BTC,,2023-01-17 04:33:50,EARN,0.00000081,0,EUR,0,USD
BTC,,2023-01-18 03:48:02,EARN,0.00000081,0,EUR,0,USD
BTC,,2023-01-19 03:23:50,EARN,0.00000081,0,EUR,0,USD
BTC,,2023-01-20 04:30:49,EARN,0.00000081,0,EUR,0,USD
BTC,,2023-01-21 03:09:13,EARN,0.00000081,0,EUR,0,USD
BTC,,2023-01-22 04:01:08,EARN,0.00000081,0,EUR,0,USD
BTC,,2023-01-23 03:26:53,EARN,0.00000081,0,EUR,0,USD
ETH,,2023-01-23 13:51:59,CREDIT,0.0537,79.97888121546961325966850828729281768,EUR,,
BNB,,2023-01-23 13:51:59,EXCHANGE_FEE,-0.00021548,-0.0600705064456721915285451197053407,EUR,,
EUR,,2023-01-23 13:51:59,DEBIT,-79.9593,-79.9593,EUR,,
BTC,,2023-01-24 03:43:23,EARN,0.00000081,0,EUR,0,USD
USDT,,2023-01-24 16:31:32,CREDIT,786.4894752,722.876355882352941176470588235294117508,EUR,,
BTC,,2023-01-24 16:31:32,DEBIT,-0.03432,-723.483280956761729530818767249310027599,EUR,,
BTC,,2023-01-26 03:05:08,EARN,0.00000057,0,EUR,0,USD
ETH,,2023-01-26 03:27:33,EARN,0.00000697,0,EUR,0,USD
BTC,,2023-01-26 16:32:09,CREDIT,0.01179,250.077744331797235023041474654377880184,EUR,,
EUR,,2023-01-26 16:32:09,DEBIT,-249948,-249948,EUR,,
BTC,,2023-01-26 16:45:15,CREDIT,0.0214768,454.939732022099447513812154696132596685,EUR,,
BNB,,2023-01-26 16:45:15,EXCHANGE_FEE,-0.00121621,-0.342229847053406998158379373848987109,EUR,,
ETH,,2023-01-26 16:45:15,DEBIT,-0.31,-455.214732965009208103130755064456721915,EUR,,
BETH,,2023-01-26 20:42:05,CREDIT,0.1815,263.788333333333333333333333333333333333,EUR,,
ETH,,2023-01-26 20:42:05,DEBIT,-0.1815,-267.85,EUR,,
BTC,,2023-01-27 03:07:15,EARN,0.00000057,0,EUR,0,USD
BTC,,2023-01-28 03:47:02,EARN,0.0000008,0,EUR,0,USD
BETH,,2023-01-28 08:33:34,STAKING,0.00002244,0,EUR,0,USD
BTC,,2023-01-29 03:22:08,EARN,0.0000008,0,EUR,0,USD
USDT,,2023-01-29 04:48:14,EARN,0.11851384,0,EUR,0,USD
BETH,,2023-01-29 08:33:44,STAKING,0.0000259,0,EUR,0,USD
BTC,,2023-01-30 03:42:10,EARN,0.0000008,0,EUR,0,USD
USDT,,2023-01-30 04:04:22,EARN,0.11851384,0,EUR,0,USD
BETH,,2023-01-30 08:33:39,STAKING,0.00002191,0,EUR,0,USD
USDT,,2023-01-31 04:20:52,EARN,0.1185317,0,EUR,0,USD
BTC,,2023-01-31 04:29:08,EARN,0.0000008,0,EUR,0,USD
BETH,,2023-01-31 08:34:04,STAKING,0.00002246,0,EUR,0,USD
USDT,,2023-02-01 03:27:49,EARN,0.11854955,0,EUR,0,USD
BTC,,2023-02-01 04:27:00,EARN,0.0000008,0,EUR,0,USD
BETH,,2023-02-01 08:33:36,STAKING,0.00002121,0,EUR,0,USD
BTC,,2023-02-02 03:33:53,EARN,0.0000008,0,EUR,0,USD
USDT,,2023-02-02 04:34:21,EARN,0.11856742,0,EUR,0,USD
BETH,,2023-02-02 08:33:21,STAKING,0.00002158,0,EUR,0,USD
USDT,,2023-02-03 03:34:08,EARN,0.11858528,0,EUR,0,USD
BTC,,2023-02-03 04:30:17,EARN,0.0000008,0,EUR,0,USD
BETH,,2023-02-03 08:34:09,STAKING,0.00002225,0,EUR,0,USD
BTC,,2023-02-03 19:56:24,CREDIT,0.0037,79.968990740740740740740740740740740741,EUR,,
EUR,,2023-02-03 19:56:24,DEBIT,-79883,-79883,EUR,,
BTC,,2023-02-04 04:08:59,EARN,0.0000008,0,EUR,0,USD
USDT,,2023-02-04 04:35:05,EARN,0.11860314,0,EUR,0,USD
BETH,,2023-02-04 08:33:16,STAKING,0.00001895,0,EUR,0,USD
BTC,,2023-02-04 08:47:49,CREDIT,0.00928,200.49960333642261353104726598702502317,EUR,,
EUR,,2023-02-04 08:47:49,DEBIT,-200.53152,-200.53152,EUR,,
USDT,,2023-02-04 08:49:19,CREDIT,216.3168,200.478962001853568118628359592215013826,EUR,,
BTC,,2023-02-04 08:49:19,DEBIT,-0.00928,-200.49960333642261353104726598702502317,EUR,,
BTC,,2023-02-05 03:26:23,EARN,0.0000008,0,EUR,0,USD
USDT,,2023-02-05 04:21:23,EARN,0.11862101,0,EUR,0,USD
BETH,,2023-02-05 08:33:26,STAKING,0.00002358,0,EUR,0,USD
BTC,,2023-02-06 03:05:18,EARN,0.00000083,0,EUR,0,USD
USDT,,2023-02-06 03:37:43,EARN,0.15100204,0,EUR,0,USD
BETH,,2023-02-06 08:33:24,STAKING,0.0000225,0,EUR,0,USD
BTC,,2023-02-07 04:20:37,EARN,0.00000083,0,EUR,0,USD
USDT,,2023-02-07 04:28:27,EARN,0.15101244,0,EUR,0,USD
BETH,,2023-02-07 08:33:50,STAKING,0.00002309,0,EUR,0,USD
USDT,,2023-02-08 04:19:53,EARN,0.15102568,0,EUR,0,USD
BTC,,2023-02-08 04:44:50,EARN,0.00000083,0,EUR,0,USD
BETH,,2023-02-08 08:33:26,STAKING,0.0000217,0,EUR,0,USD
USDT,,2023-02-09 03:32:29,EARN,0.15103892,0,EUR,0,USD
BTC,,2023-02-09 03:50:37,EARN,0.00000083,0,EUR,0,USD
BETH,,2023-02-09 08:33:33,STAKING,0.0000215,0,EUR,0,USD
USDT,,2023-02-10 04:04:48,EARN,0.15105216,0,EUR,0,USD
BTC,,2023-02-10 04:07:28,EARN,0.00000083,0,EUR,0,USD
BTC,,2023-02-10 05:55:27,CREDIT,0.00688,139.930985074626865671641791044776119403,EUR,,
USDT,,2023-02-10 05:55:27,DEBIT,-149.977362,-139.904255597014925373134328358208955249,EUR,,
BETH,,2023-02-10 08:33:55,STAKING,0.00002374,0,EUR,0,USD
BTC,,2023-02-11 03:27:47,EARN,0.00000083,0,EUR,0,USD
USDT,,2023-02-11 03:38:19,EARN,0.1287404,0,EUR,0,USD
BETH,,2023-02-11 08:33:24,STAKING,0.0000263,0,EUR,0,USD
BTC,,2023-02-12 04:11:01,EARN,0.00000087,0,EUR,0,USD
USDT,,2023-02-12 04:11:22,EARN,0.12876657,0,EUR,0,USD
BETH,,2023-02-12 08:33:28,STAKING,0.00002477,0,EUR,0,USD
BTC,,2023-02-13 03:58:23,EARN,0.00000087,0,EUR,0,USD
USDT,,2023-02-13 04:01:15,EARN,0.12878597,0,EUR,0,USD
BETH,,2023-02-13 08:33:30,STAKING,0.00002449,0,EUR,0,USD
USDT,,2023-02-14 03:44:27,EARN,0.12880537,0,EUR,0,USD
BTC,,2023-02-14 04:27:02,EARN,0.00000087,0,EUR,0,USD
BTC,,2023-02-14 06:52:18,CREDIT,0.00371,75.16525633147113594040968342644320298,EUR,,
EUR,,2023-02-14 06:52:18,DEBIT,-75.0865045,-75.0865045,EUR,,
BETH,,2023-02-14 08:33:46,STAKING,0.00002402,0,EUR,0,USD
USDT,,2023-02-14 20:11:15,CREDIT,232.8688833,217.025986300093196644920782851817334487,EUR,,
BTC,,2023-02-14 20:11:15,DEBIT,-0.0105,-217.135400745573159366262814538676607642,EUR,,
BTC,,2023-02-15 03:35:25,EARN,0.0000008,0,EUR,0,USD
USDT,,2023-02-15 04:03:51,EARN,0.12882477,0,EUR,0,USD
BETH,,2023-02-15 08:33:24,STAKING,0.00002123,0,EUR,0,USD
BTC,,2023-02-15 22:16:10,CREDIT,0.01871,424.704584953271028037383177570093457944,EUR,,
EUR,,2023-02-15 22:16:10,DEBIT,-423.7815,-423.7815,EUR,,
USDT,,2023-02-15 22:19:42,CREDIT,455.5885,427.060995794392523364485981308411214915,EUR,,
BTC,,2023-02-15 22:19:42,DEBIT,-0.01871,-425.033321401869158878504672897196261682,EUR,,
USDT,,2023-02-16 06:17:24,EARN,0.12884418,0,EUR,0,USD
BTC,,2023-02-16 06:35:15,EARN,0.00000083,0,EUR,0,USD
BETH,,2023-02-16 08:33:24,STAKING,0.00002127,0,EUR,0,USD
USDT,,2023-02-17 03:48:54,EARN,0.19834364,0,EUR,0,USD
BTC,,2023-02-17 04:36:15,EARN,0.00000083,0,EUR,0,USD
BTC,,2023-02-17 07:14:07,CREDIT,0.0045,100.465460526315789473684210526315789474,EUR,,
EUR,,2023-02-17 07:14:07,DEBIT,-100.4175,-100.4175,EUR,,
BETH,,2023-02-17 08:33:26,STAKING,0.00002845,0,EUR,0,USD
EUR,,2023-02-17 09:45:12,CREDIT,1000,1E+3,EUR,,
BTC,,2023-02-18 03:34:26,EARN,0.00000083,0,EUR,0,USD
USDT,,2023-02-18 04:36:52,EARN,0.19835493,0,EUR,0,USD
BETH,,2023-02-18 08:33:24,STAKING,0.00002866,0,EUR,0,USD
BTC,,2023-02-19 03:22:03,EARN,0.00000086,0,EUR,0,USD
USDT,,2023-02-19 04:28:38,EARN,0.19837232,0,EUR,0,USD
BETH,,2023-02-19 08:33:22,STAKING,0.00002664,0,EUR,0,USD
USDT,,2023-02-20 03:58:13,EARN,0.20435411,0,EUR,0,USD
BTC,,2023-02-20 04:10:26,EARN,0.00000086,0,EUR,0,USD
BETH,,2023-02-20 08:33:24,STAKING,0.00002635,0,EUR,0,USD
BTC,,2023-02-21 03:18:10,EARN,0.00000086,0,EUR,0,USD
USDT,,2023-02-21 05:02:31,EARN,0.20437367,0,EUR,0,USD
ETH,,2023-02-21 06:53:42,CREDIT,0.0312,49.874676663542642924086223055295220244,EUR,,
BNB,,2023-02-21 06:53:42,EXCHANGE_FEE,-0.00012621,-0.037385128959700093720712277413308341,EUR,,
EUR,,2023-02-21 06:53:42,DEBIT,-49.868832,-49.868832,EUR,,
BETH,,2023-02-21 09:03:00,STAKING,0.0000286,0,EUR,0,USD
BTC,,2023-02-22 07:08:41,CREDIT,0.00444,99.799454409005628517823639774859287054,EUR,,
EUR,,2023-02-22 07:08:41,DEBIT,-99.8778,-99.8778,EUR,,
BETH,,2023-02-22 08:32:56,STAKING,0.00002142,0,EUR,0,USD
BTC,,2023-02-22 12:29:22,EARN,0.00000086,0,EUR,0,USD
USDT,,2023-02-22 12:50:03,EARN,0.20439383,0,EUR,0,USD
BTC,,2023-02-22 15:04:57,CREDIT,0.00446,100.114897276995305164319248826291079812,EUR,,
EUR,,2023-02-22 15:04:57,DEBIT,-99904,-99904,EUR,,
BUSD,,2023-02-22 22:49:06,CREDIT,500.18925144,471.827742121872233493130188679245282943,EUR,,
USDT,,2023-02-22 22:49:06,DEBIT,-500.20439383,-471.890937575471698113207547169811320679,EUR,,
BUSD,,2023-02-22 22:58:46,CREDIT,544.83843908,514.194684434987623452830188679245282772,EUR,,
USDT,,2023-02-22 22:58:46,DEBIT,-544.85518579,-514.069555617093033290566037735849056614,EUR,,
USDT,,2023-02-23 02:43:02,EARN,0.0205493,0,EUR,0,USD
BTC,,2023-02-23 02:47:27,EARN,0.00000006,0,EUR,0,USD
BETH,,2023-02-23 08:32:50,STAKING,0.0000245,0,EUR,0,USD
BETH,,2023-02-23 19:55:51,CREDIT,0.0312,48.105101886792452830188679245283018868,EUR,,
ETH,,2023-02-23 19:55:51,DEBIT,-0.0312,-48.693507082152974504249291784702549575,EUR,,
BUSD,,2023-02-24 07:01:09,EARN,0.027395,0,EUR,0,USD
USDT,,2023-02-24 07:14:13,EARN,0.02055,0,EUR,0,USD
BTC,,2023-02-24 07:21:33,EARN,0.00000006,0,EUR,0,USD
BETH,,2023-02-24 08:32:50,STAKING,0.00002145,0,EUR,0,USD
BTC,,2023-02-24 15:57:50,CREDIT,0.00902,200.141893257359924026590693257359924027,EUR,,
EUR,,2023-02-24 15:57:50,DEBIT,-199.87418,-199.87418,EUR,,
BTC,,2023-02-25 02:07:22,EARN,0.00000006,0,EUR,0,USD
BUSD,,2023-02-25 02:16:49,EARN,0.027395,0,EUR,0,USD
USDT,,2023-02-25 02:36:51,EARN,0.02055,0,EUR,0,USD
BETH,,2023-02-25 08:33:02,STAKING,0.00002809,0,EUR,0,USD
BTC,,2023-02-26 02:01:48,EARN,0.00000006,0,EUR,0,USD
BUSD,,2023-02-26 02:02:56,EARN,0.027395,0,EUR,0,USD
USDT,,2023-02-26 02:22:08,EARN,0.02055,0,EUR,0,USD
BETH,,2023-02-26 08:33:02,STAKING,0.00002697,0,EUR,0,USD
BUSD,,2023-02-27 02:09:16,EARN,0.027395,0,EUR,0,USD
USDT,,2023-02-27 02:27:21,EARN,0.02055,0,EUR,0,USD
BTC,,2023-02-27 02:36:20,EARN,0.00000006,0,EUR,0,USD
BETH,,2023-02-27 08:33:00,STAKING,0.00002503,0,EUR,0,USD
BUSD,,2023-02-28 02:05:06,EARN,0.027395,0,EUR,0,USD
BTC,,2023-02-28 02:08:08,EARN,0.00000006,0,EUR,0,USD
USDT,,2023-02-28 02:29:19,EARN,0.02055,0,EUR,0,USD
BETH,,2023-02-28 08:33:01,STAKING,0.00002683,0,EUR,0,USD
BTC,,2023-02-28 22:28:59,CREDIT,0.00112,24.707902661596958174904942965779467681,EUR,,
EUR,,2023-02-28 22:28:59,DEBIT,-24.8319232,-24.8319232,EUR,,
ETH,,2023-02-28 22:29:20,CREDIT,0.0162,24.779840304182509505703422053231939163,EUR,,
BNB,,2023-02-28 22:29:20,EXCHANGE_FEE,-0.00006472,-0.018597156653992395437262357414448669,EUR,,
EUR,,2023-02-28 22:29:20,DEBIT,-24.913818,-24.913818,EUR,,
BUSD,,2023-03-01 02:16:57,EARN,0.027395,0,EUR,0,USD
BTC,,2023-03-01 02:24:00,EARN,0.00000006,0,EUR,0,USD
USDT,,2023-03-01 02:32:21,EARN,0.02055,0,EUR,0,USD
BETH,,2023-03-01 08:33:00,STAKING,0.00002573,0,EUR,0,USD
BTC,,2023-03-01 23:06:38,DEPOSIT,0.00255362,56.54512986817325800376647834274952919,EUR,,
BUSD,,2023-03-02 02:16:09,EARN,0.027395,0,EUR,0,USD
BTC,,2023-03-02 02:17:01,EARN,0.00000006,0,EUR,0,USD
USDT,,2023-03-02 02:22:58,EARN,0.02055,0,EUR,0,USD
BETH,,2023-03-02 08:33:10,STAKING,0.00002403,0,EUR,0,USD
BTC,,2023-03-02 22:42:28,CREDIT,0.00134,29.791787701040681173131504257332071902,EUR,,
EUR,,2023-03-02 22:42:28,DEBIT,-29.8644728,-29.8644728,EUR,,
BUSD,,2023-03-03 02:12:15,EARN,0.027395,0,EUR,0,USD
USDT,,2023-03-03 02:36:49,EARN,0.02055,0,EUR,0,USD
BTC,,2023-03-03 02:40:11,EARN,0.00000006,0,EUR,0,USD
BTC,,2023-03-03 06:54:20,CREDIT,0.00141,29.728323163841807909604519774011299435,EUR,,
EUR,,2023-03-03 06:54:20,DEBIT,-29.8894338,-29.8894338,EUR,,
BETH,,2023-03-03 08:32:47,STAKING,0.00002523,0,EUR,0,USD
BUSD,,2023-03-04 02:10:37,EARN,0.027395,0,EUR,0,USD
BTC,,2023-03-04 02:20:52,EARN,0.00000006,0,EUR,0,USD
USDT,,2023-03-04 02:29:03,EARN,0.02055,0,EUR,0,USD
BETH,,2023-03-04 08:32:48,STAKING,0.00003006,0,EUR,0,USD
BTC,,2023-03-04 23:01:19,CREDIT,0.00141,29.736206994328922495274102079395085066,EUR,,
EUR,,2023-03-04 23:01:19,DEBIT,-29.8356,-29.8356,EUR,,
BTC,,2023-03-05 02:11:22,EARN,0.00000006,0,EUR,0,USD
BUSD,,2023-03-05 02:20:03,EARN,0.027395,0,EUR,0,USD
USDT,,2023-03-05 02:57:21,EARN,0.02055,0,EUR,0,USD
BETH,,2023-03-05 08:32:50,STAKING,0.00003154,0,EUR,0,USD
BTC,,2023-03-06 02:30:33,EARN,0.00000006,0,EUR,0,USD
BUSD,,2023-03-06 02:31:14,EARN,0.027395,0,EUR,0,USD
USDT,,2023-03-06 02:45:03,EARN,0.02055,0,EUR,0,USD
BTC,,2023-03-06 08:04:56,CREDIT,0.0007,14.762235404896421845574387947269303202,EUR,,
EUR,,2023-03-06 08:04:56,DEBIT,-14.7875,-14.7875,EUR,,
BETH,,2023-03-06 08:32:46,STAKING,0.00002482,0,EUR,0,USD
USDT,,2023-03-07 02:06:59,EARN,0.02055,0,EUR,0,USD
BUSD,,2023-03-07 02:10:42,EARN,0.027395,0,EUR,0,USD
BTC,,2023-03-07 02:30:48,EARN,0.00000006,0,EUR,0,USD
BETH,,2023-03-07 08:32:58,STAKING,0.00003109,0,EUR,0,USD
BTC,,2023-03-08 02:02:58,EARN,0.00000006,0,EUR,0,USD
USDT,,2023-03-08 02:06:24,EARN,0.02055,0,EUR,0,USD
BUSD,,2023-03-08 02:13:21,EARN,0.027395,0,EUR,0,USD
BETH,,2023-03-08 09:19:23,STAKING,0.00002616,0,EUR,0,USD
BTC,,2023-03-08 21:50:32,CREDIT,0.00096,19.988347628083491461100569259962049336,EUR,,
EUR,,2023-03-08 21:50:32,DEBIT,-20.0000064,-20.0000064,EUR,,
BTC,,2023-03-09 02:06:08,EARN,0.00000006,0,EUR,0,USD
USDT,,2023-03-09 02:20:02,EARN,0.02055,0,EUR,0,USD
BUSD,,2023-03-09 02:45:58,EARN,0.027395,0,EUR,0,USD
BETH,,2023-03-09 08:33:45,STAKING,0.00002475,0,EUR,0,USD
BTC,,2023-03-09 19:04:42,CREDIT,0.0075,148.64368495742667928098391674550614948,EUR,,
EUR,,2023-03-09 19:04:42,DEBIT,-148575,-148575,EUR,,
BTC,,2023-03-09 20:56:03,CREDIT,0.0075,144.864488636363636363636363636363636364,EUR,,
EUR,,2023-03-09 20:56:03,DEBIT,-144825,-144825,EUR,,
USDT,,2023-03-10 02:04:25,EARN,0.02055,0,EUR,0,USD
BTC,,2023-03-10 02:09:15,EARN,0.00000006,0,EUR,0,USD
USDT,,2023-03-10 07:41:00,EARN,0.5014082,0,EUR,0,USD
BTC,,2023-03-10 07:44:48,CREDIT,0.00501,94.763699716177861873226111636707663198,EUR,,
USDT,,2023-03-10 07:44:48,DEBIT,-100.17495,-94.744463117313150425733207190160832568,EUR,,
BETH,,2023-03-10 08:03:10,STAKING,0.00002545,0,EUR,0,USD
BTC,,2023-03-10 10:48:15,CREDIT,15,279.115876777251184834123222748815165877,EUR,,
EUR,,2023-03-10 10:48:15,DEBIT,-279.15,-279.15,EUR,,
BTC,,2023-03-10 13:06:47,CREDIT,0.00502,95.002999430199430199430199430199430199,EUR,,
USDT,,2023-03-10 13:06:47,DEBIT,-100.0242028,-94.970748299563152896486229819563152862,EUR,,
BTC,,2023-03-10 13:10:09,CREDIT,0.00496,93.899064767331433998100664767331433998,EUR,,
EUR,,2023-03-10 13:10:09,DEBIT,-94.3041328,-94.3041328,EUR,,
BTC,,2023-03-11 02:02:11,EARN,0.00000006,0,EUR,0,USD
BETH,,2023-03-11 08:33:13,STAKING,0.00003159,0,EUR,0,USD
BTC,,2023-03-12 02:20:10,EARN,0.00000006,0,EUR,0,USD
USDT,,2023-03-12 02:24:37,EARN,0.01235393,0,EUR,0,USD
BETH,,2023-03-12 08:32:58,STAKING,0.00002468,0,EUR,0,USD
BTC,,2023-03-12 10:30:17,CREDIT,0.00147,28.100670418604651162790697674418604651,EUR,,
USDT,,2023-03-12 10:30:17,DEBIT,-29988,-28.091084651162790697674418604651162802,EUR,,
USDT,,2023-03-12 18:43:11,CREDIT,105.9736,100.847435162790697674418604651162790678,EUR,,
BTC,,2023-03-12 18:43:11,DEBIT,-5,-99.910269516728624535315985130111524164,EUR,,
BTC,,2023-03-13 02:08:47,EARN,0.00000006,0,EUR,0,USD
USDT,,2023-03-13 02:27:38,EARN,0.01112153,0,EUR,0,USD
BETH,,2023-03-13 08:33:19,STAKING,0.00002594,0,EUR,0,USD
BTC,,2023-03-13 09:34:37,CREDIT,0.00453,92.978798324022346368715083798882681564,EUR,,
BUSD,,2023-03-13 09:34:37,DEBIT,-99.8865,-93.182955775198725796089385474860335157,EUR,,
USDT,,2023-03-13 14:25:59,CREDIT,105.6732579,101.733900662348555452003727865796831333,EUR,,
BTC,,2023-03-13 14:25:59,DEBIT,-0.00453,-99.144897204100652376514445479962721342,EUR,,
USDT,,2023-03-13 16:12:51,CREDIT,355.94,331.836456400742115027829313543599257934,EUR,,
BTC,,2023-03-13 16:12:51,DEBIT,-0.0148,-332.062712430426716141001855287569573284,EUR,,
USDT,,2023-03-14 02:09:40,EARN,0.01112312,0,EUR,0,USD
BTC,,2023-03-14 02:12:20,EARN,0.00000006,0,EUR,0,USD
BETH,,2023-03-14 08:33:43,STAKING,0.00003957,0,EUR,0,USD
USDT,,2023-03-14 12:47:21,CREDIT,25.78301,24.016396351851851851851851851851851839,EUR,,
BTC,,2023-03-14 12:47:21,DEBIT,-1,-23.740036900369003690036900369003690037,EUR,,
BTC,,2023-03-14 18:51:21,CREDIT,0.00445,103.5157676579925650557620817843866171,EUR,,
BUSD,,2023-03-14 18:51:21,DEBIT,-111695,-103.598089148774277949907235621521335858,EUR,,
BTC,,2023-03-14 19:15:23,CREDIT,0.0055,124.545738161559888579387186629526462396,EUR,,
BUSD,,2023-03-14 19:15:23,DEBIT,-135135,-125.428157886236121350974930362116991677,EUR,,
BTC,,2023-03-14 21:07:39,CREDIT,0.00829,185.785123262279888785912882298424467099,EUR,,
BUSD,,2023-03-14 21:07:39,DEBIT,-200.1206,-185.39826358680892028674698795180722893,EUR,,
BTC,,2023-03-15 02:01:42,EARN,0.00000006,0,EUR,0,USD
USDT,,2023-03-15 02:17:09,EARN,0.01548165,0,EUR,0,USD
BETH,,2023-03-15 08:44:41,STAKING,0.00007809,0,EUR,0,USD
BUSD,,2023-03-15 12:31:52,CREDIT,101.2,95.480855291490754716981132075471698071,EUR,,
BTC,,2023-03-15 12:31:52,DEBIT,-4,-94.540075471698113207547169811320754717,EUR,,
BTC,,2023-03-15 17:02:46,CREDIT,0.00416,94.880066666666666666666666666666666667,EUR,,
BUSD,,2023-03-15 17:02:46,DEBIT,-100.2352,-94.896863155876982042424242424242424218,EUR,,
USDT,,2023-03-16 02:07:02,EARN,0.02055,0,EUR,0,USD
BTC,,2023-03-16 02:13:56,EARN,0.00000006,0,EUR,0,USD
BETH,,2023-03-16 08:33:09,STAKING,0.00003352,0,EUR,0,USD
USDT,,2023-03-16 20:23:04,CREDIT,149.37012,141.197037962264150943396226415094339671,EUR,,
BTC,,2023-03-16 20:23:04,DEBIT,-6,-141.205811320754716981132075471698113208,EUR,,
BTC,,2023-03-17 02:01:32,EARN,0.00000006,0,EUR,0,USD
USDT,,2023-03-17 02:02:44,EARN,0.02055,0,EUR,0,USD
USDT,,2023-03-17 07:09:38,CREDIT,207.73216,195.833886046948356807511737089201877846,EUR,,
BTC,,2023-03-17 07:09:38,DEBIT,-8,-195.637258215962441314553990610328638498,EUR,,
BUSD,,2023-03-17 07:10:00,EARN,1.85117315,0,EUR,0,USD
BETH,,2023-03-17 08:37:16,STAKING,0.00003072,0,EUR,0,USD
BTC,,2023-03-17 20:42:17,CREDIT,0.00374,94.026839924670433145009416195856873823,EUR,,
BUSD,,2023-03-17 20:42:17,DEBIT,-99.9978386,-94.236395530652047094225988700564971759,EUR,,
USDT,,2023-03-18 02:11:19,EARN,0.02055,0,EUR,0,USD
BTC,,2023-03-18 02:19:43,EARN,0.00000006,0,EUR,0,USD
BUSD,,2023-03-18 08:11:00,EARN,0.00001179,0,EUR,0,USD
BETH,,2023-03-18 08:36:52,STAKING,0.00002926,0,EUR,0,USD
BTC,,2023-03-19 02:01:39,EARN,0.00000006,0,EUR,0,USD
USDT,,2023-03-19 02:14:51,EARN,0.02055,0,EUR,0,USD
BETH,,2023-03-19 08:36:38,STAKING,0.00002606,0,EUR,0,USD
BTC,,2023-03-19 09:51:47,CREDIT,0.00177,44.914429494382022471910112359550561798,EUR,,
BUSD,,2023-03-19 09:51:47,DEBIT,-47.9747349,-44.906584736629248158551685393258426946,EUR,,
BUSD,,2023-03-19 20:43:55,CREDIT,223.62424,209.880461034441476555943661971830985868,EUR,,
BTC,,2023-03-19 20:43:55,DEBIT,-8,-209.980093896713615023474178403755868545,EUR,,
BTC,,2023-03-20 02:09:32,EARN,0.00000006,0,EUR,0,USD
USDT,,2023-03-20 02:18:21,EARN,0.02055,0,EUR,0,USD
BTC,,2023-03-20 07:26:54,CREDIT,8,210.268748824082784571966133584195672625,EUR,,
BUSD,,2023-03-20 07:26:54,DEBIT,-223.44,-210.13445062878857317027281279397930388,EUR,,
BETH,,2023-03-20 08:36:47,STAKING,0.00002649,0,EUR,0,USD
BTC,,2023-03-20 16:42:34,CREDIT,0.0013,33.503281979458450046685340802987861811,EUR,,
USDT,,2023-03-20 16:42:34,DEBIT,-35789,-33.58351540616246498599439775910364144,EUR,,
BTC,,2023-03-21 02:04:10,EARN,0.00000006,0,EUR,0,USD
USDT,,2023-03-21 02:16:37,EARN,0.02055,0,EUR,0,USD
BTC,,2023-03-21 07:08:13,CREDIT,0.00364,93.686653695042095416276894293732460243,EUR,,
BUSD,,2023-03-21 07:08:13,DEBIT,-99.99808,-93.62765615748247265706267539756782037,EUR,,
BETH,,2023-03-21 08:36:38,STAKING,0.00002569,0,EUR,0,USD
USDT,,2023-03-22 02:07:41,EARN,0.02055,0,EUR,0,USD
BTC,,2023-03-22 02:14:39,EARN,0.00000006,0,EUR,0,USD
BETH,,2023-03-22 08:39:12,STAKING,0.00002702,0,EUR,0,USD
USDT,,2023-03-22 18:30:11,CREDIT,306.8637942,283.933935039298892988929889298892989006,EUR,,
BNB,,2023-03-22 18:30:11,EXCHANGE_FEE,-0.00070123,-0.21274309049815498154981549815498155,EUR,,
BTC,,2023-03-22 18:30:11,DEBIT,-0.01077,-283.881601383763837638376383763837638376,EUR,,
BTC,,2023-03-22 19:04:52,CREDIT,0.00914,233.856090590405904059040590405904059041,EUR,,
BNB,,2023-03-22 19:04:52,EXCHANGE_FEE,-0.00058624,-0.175644859040590405904059040590405904,EUR,,
BUSD,,2023-03-22 19:04:52,DEBIT,-253.5893,-233.926610102744007527490774907749077489,EUR,,
BTC,,2023-03-22 19:12:17,CREDIT,0.00133,33.538673800738007380073800738007380074,EUR,,
BNB,,2023-03-22 19:12:17,EXCHANGE_FEE,-0.00008454,-0.025134272324723247232472324723247232,EUR,,
USDT,,2023-03-22 19:12:17,DEBIT,-36.1361,-33.402557380073800738007380073800737999,EUR,,
BTC,,2023-03-22 20:05:58,CREDIT,0.00214,53.103033948339483394833948339483394834,EUR,,
BNB,,2023-03-22 20:05:58,EXCHANGE_FEE,-0.00013534,-0.03980544169741697416974169741697417,EUR,,
USDT,,2023-03-22 20:05:58,DEBIT,-57.4065914,-53.064026367896678966789667896678966776,EUR,,
ETH,,2023-03-22 22:28:54,CREDIT,0.0125,19.905442804428044280442804428044280443,EUR,,
BNB,,2023-03-22 22:28:54,EXCHANGE_FEE,-0.00005043,-0.014950190027700831024930747922437673,EUR,,
USDT,,2023-03-22 22:28:54,DEBIT,-21.510625,-19.921659164358264081255771006463527243,EUR,,
BTC,,2023-03-23 02:12:49,EARN,0.00000006,0,EUR,0,USD
USDT,,2023-03-23 02:18:05,EARN,0.02055,0,EUR,0,USD
BETH,,2023-03-23 08:38:07,STAKING,0.00002579,0,EUR,0,USD
USDT,,2023-03-23 15:00:29,CREDIT,99755,91.947288213627992633517495395948434618,EUR,,
BNB,,2023-03-23 15:00:29,EXCHANGE_FEE,-0.00022879,-0.068969555841766329346826126954921803,EUR,,
BTC,,2023-03-23 15:00:29,DEBIT,-0.00355,-92.021649954001839926402943882244710212,EUR,,
BTC,,2023-03-24 04:06:03,EARN,0.00000006,0,EUR,0,USD
USDT,,2023-03-24 04:12:28,EARN,0.02055,0,EUR,0,USD
BETH,,2023-03-24 08:36:07,STAKING,0.00002449,0,EUR,0,USD
BTC,,2023-03-24 16:32:39,CREDIT,0.00233,60.497820856610800744878957169459962756,EUR,,
BNB,,2023-03-24 16:32:39,EXCHANGE_FEE,-0.00015186,-0.045391151955307262569832402234636872,EUR,,
USDT,,2023-03-24 16:32:39,DEBIT,-64.97438,-60.558058081936685288640595903165735563,EUR,,
BTC,,2023-03-24 21:12:07,CREDIT,0.00045,11.500495810055865921787709497206703911,EUR,,
BNB,,2023-03-24 21:12:07,EXCHANGE_FEE,-0.00002896,-0.008645935195530726256983240223463687,EUR,,
USDT,,2023-03-24 21:12:07,DEBIT,-12.3401339,-11.512862353631284916201117318435754185,EUR,,
BTC,,2023-03-24 21:14:16,CREDIT,0.00137,35.018386312849162011173184357541899441,EUR,,
BNB,,2023-03-24 21:14:16,EXCHANGE_FEE,-0.00008802,-0.026278149720670391061452513966480447,EUR,,
USDT,,2023-03-24 21:14:16,DEBIT,-37.5430142,-35.026164086033519553072625698324022331,EUR,,
BTC,,2023-03-25 02:06:39,EARN,0.00000006,0,EUR,0,USD
USDT,,2023-03-25 02:16:24,EARN,0.02055,0,EUR,0,USD
BETH,,2023-03-25 08:36:53,STAKING,0.00002694,0,EUR,0,USD
USDT,,2023-03-26 02:12:06,EARN,0.02055,0,EUR,0,USD
BTC,,2023-03-26 02:17:08,EARN,0.00000006,0,EUR,0,USD
BETH,,2023-03-26 08:36:28,STAKING,0.00002341,0,EUR,0,USD
USDT,,2023-03-27 04:08:16,EARN,0.02055,0,EUR,0,USD
BTC,,2023-03-27 04:15:01,EARN,0.00000006,0,EUR,0,USD
BETH,,2023-03-27 08:38:32,STAKING,0.00002369,0,EUR,0,USD
BTC,,2023-03-27 15:12:08,CREDIT,0.00289,71.548273556797020484171322160148975791,EUR,,
BNB,,2023-03-27 15:12:08,EXCHANGE_FEE,-0.00018408,-0.05373733159851301115241635687732342,EUR,,
USDT,,2023-03-27 15:12:08,DEBIT,-76.68615,-71.31455270232558139534883720930232558,EUR,,
BETH,,2023-03-27 16:40:25,CREDIT,0.0147,23.406881040892193308550185873605947955,EUR,,
BNB,,2023-03-27 16:40:25,EXCHANGE_FEE,-0.00006006,-0.017415725464684014869888475836431227,EUR,,
USDT,,2023-03-27 16:40:25,DEBIT,-24.973707,-23.209764869888475836431226765799256505,EUR,,
BTC,,2023-03-27 16:40:38,CREDIT,0.00165,41.676607806691449814126394052044609665,EUR,,
BNB,,2023-03-27 16:40:38,EXCHANGE_FEE,-0.00010784,-0.031270593308550185873605947955390335,EUR,,
USDT,,2023-03-27 16:40:38,DEBIT,-44.810601,-41.645539962825278810408921933085501858,EUR,,
BTC,,2023-03-28 02:01:55,EARN,0.00000006,0,EUR,0,USD
USDT,,2023-03-28 02:22:15,EARN,0.02055,0,EUR,0,USD
BETH,,2023-03-28 08:38:05,STAKING,0.00002276,0,EUR,0,USD
BTC,,2023-03-28 10:44:23,CREDIT,0.00149,36.859278168362627197039777983348751156,EUR,,
BNB,,2023-03-28 10:44:23,EXCHANGE_FEE,-0.00009694,-0.027624316266173752310536044362292052,EUR,,
USDT,,2023-03-28 10:44:23,DEBIT,-39.8346732,-36.815779297597042513863216266173752321,EUR,,
BTC,,2023-03-29 02:08:05,EARN,0.00000006,0,EUR,0,USD
USDT,,2023-03-29 02:26:07,EARN,0.02055,0,EUR,0,USD
BETH,,2023-03-29 08:37:41,STAKING,0.00002634,0,EUR,0,USD
USDT,,2023-03-29 12:46:03,CREDIT,113326,104.447926267281105990783410138248847928,EUR,,
BNB,,2023-03-29 12:46:03,EXCHANGE_FEE,-0.00026888,-0.078282491428571428571428571428571429,EUR,,
BTC,,2023-03-29 12:46:03,DEBIT,-4,-104.469235023041474654377880184331797235,EUR,,
BTC,,2023-03-30 02:16:22,EARN,0.00000006,0,EUR,0,USD
USDT,,2023-03-30 02:20:29,CREDIT,172032,158.859808118081180811808118081180811854,EUR,,
BNB,,2023-03-30 02:20:29,EXCHANGE_FEE,-0.00040986,-0.119384958487084870848708487084870849,EUR,,
BTC,,2023-03-30 02:20:29,DEBIT,-6,-159.132022160664819944598337950138504155,EUR,,
USDT,,2023-03-30 02:28:46,EARN,0.02055,0,EUR,0,USD
BETH,,2023-03-30 08:37:09,STAKING,0.00002606,0,EUR,0,USD
BTC,,2023-03-30 17:57:12,CREDIT,0.00359,91.822565073529411764705882352941176471,EUR,,
BNB,,2023-03-30 17:57:12,EXCHANGE_FEE,-0.0002386,-0.068838731617647058823529411764705882,EUR,,
USDT,,2023-03-30 17:57:12,DEBIT,-99.9011199,-91.828302130303030303030303030303030311,EUR,,
USDT,,2023-03-31 02:17:56,EARN,0.02055,0,EUR,0,USD
BTC,,2023-03-31 02:19:28,EARN,0.00000006,0,EUR,0,USD
BETH,,2023-03-31 09:35:48,STAKING,0.00002604,0,EUR,0,USD
USDT,,2023-04-01 02:07:46,EARN,0.02055,0,EUR,0,USD
BTC,,2023-04-01 02:15:24,EARN,0.00000006,0,EUR,0,USD
BETH,,2023-04-01 08:33:52,STAKING,0.00003003,0,EUR,0,USD
BTC,,2023-04-02 02:10:51,EARN,0.00000006,0,EUR,0,USD
USDT,,2023-04-02 02:22:22,EARN,0.02055,0,EUR,0,USD
BTC,,2023-04-02 07:53:39,CREDIT,0.00175,45.958409510618651892890120036934441367,EUR,,
BNB,,2023-04-02 07:53:39,EXCHANGE_FEE,-0.0001183,-0.034479589104339796860572483841181902,EUR,,
USDT,,2023-04-02 07:53:39,DEBIT,-49.7287175,-45.917560018467220683287165281625115408,EUR,,
BETH,,2023-04-02 08:34:48,STAKING,0.00002568,0,EUR,0,USD
BTC,,2023-04-02 18:42:47,CREDIT,0.00221,57.586370332717190388170055452865064695,EUR,,
BNB,,2023-04-02 18:42:47,EXCHANGE_FEE,-0.0001491,-0.043143917744916820702402957486136784,EUR,,
USDT,,2023-04-02 18:42:47,DEBIT,-62.2747723,-57.55524242144177449168207024029574863,EUR,,
BTC,,2023-04-03 01:42:47,CREDIT,0.00181,46.534295555555555555555555555555555556,EUR,,
BNB,,2023-04-03 01:42:47,EXCHANGE_FEE,-0.00012163,-0.035085750185185185185185185185185185,EUR,,
USDT,,2023-04-03 01:42:47,DEBIT,-50.2456,-46.616751111111111111111111111111111122,EUR,,
USDT,,2023-04-03 02:11:53,EARN,0.02055,0,EUR,0,USD
BTC,,2023-04-03 02:12:09,EARN,0.00000006,0,EUR,0,USD
BETH,,2023-04-03 08:35:13,STAKING,0.00002834,0,EUR,0,USD
BTC,,2023-04-03 12:21:45,CREDIT,0.00305,79.303513824884792626728110599078341014,EUR,,
BNB,,2023-04-03 12:21:45,EXCHANGE_FEE,-0.00020649,-0.05948815133640552995391705069124424,EUR,,
USDT,,2023-04-03 12:21:45,DEBIT,-86.01,-79.271889400921658986175115207373271891,EUR,,
BTC,,2023-04-03 21:00:32,CREDIT,0.00182,45.792472493100275988960441582336706532,EUR,,
BNB,,2023-04-03 21:00:32,EXCHANGE_FEE,-0.00012468,-0.034475683164673413063477460901563937,EUR,,
USDT,,2023-04-03 21:00:32,DEBIT,-49.8862,-45.985255197792088316467341306347746101,EUR,,
BTC,,2023-04-04 02:13:39,EARN,0.00000006,0,EUR,0,USD
USDT,,2023-04-04 02:23:18,EARN,0.02055,0,EUR,0,USD
BETH,,2023-04-04 08:39:12,STAKING,0.00002592,0,EUR,0,USD
BTC,,2023-04-04 13:20:09,DEPOSIT,0.00068917,17.929923058088235294117647058823529412,EUR,,
BTC,,2023-04-05 02:02:14,EARN,0.00000006,0,EUR,0,USD
USDT,,2023-04-05 02:24:55,EARN,0.02055,0,EUR,0,USD
BETH,,2023-04-05 08:37:56,STAKING,0.00003293,0,EUR,0,USD
BTC,,2023-04-05 15:12:42,CREDIT,0.00067,17.19548853211009174311926605504587156,EUR,,
BNB,,2023-04-05 15:12:42,EXCHANGE_FEE,-0.00004512,-0.012895386984417965169569202566452796,EUR,,
USDT,,2023-04-05 15:12:42,DEBIT,-18.7283894,-17.182008623853211009174311926605504591,EUR,,
BETH,,2023-04-05 15:12:55,CREDIT,0.0075,12.989655963302752293577981651376146789,EUR,,
BNB,,2023-04-05 15:12:55,EXCHANGE_FEE,-0.00003381,-0.009662966177818515123739688359303391,EUR,,
USDT,,2023-04-05 15:12:55,DEBIT,-14.047725,-12.887821100917431192660550458715596333,EUR,,
BTC,,2023-04-06 02:11:20,EARN,0.00000006,0,EUR,0,USD
USDT,,2023-04-06 02:16:40,EARN,0.02055,0,EUR,0,USD
BETH,,2023-04-06 11:44:00,STAKING,0.00002322,0,EUR,0,USD
USDT,,2023-04-07 02:04:43,EARN,0.02055,0,EUR,0,USD
BTC,,2023-04-07 02:12:47,EARN,0.00000006,0,EUR,0,USD
BETH,,2023-04-07 08:33:50,STAKING,0.00002856,0,EUR,0,USD
BTC,,2023-04-08 02:17:02,EARN,0.00000006,0,EUR,0,USD
USDT,,2023-04-08 02:26:37,EARN,0.02055,0,EUR,0,USD
BETH,,2023-04-08 08:33:26,STAKING,0.0000247,0,EUR,0,USD
USDT,,2023-04-09 02:04:02,EARN,0.02055,0,EUR,0,USD
BTC,,2023-04-09 02:21:43,EARN,0.00000006,0,EUR,0,USD
ETH,,2023-04-09 06:01:56,CREDIT,0.0232,39.074850321395775941230486685032139578,EUR,,
BNB,,2023-04-09 06:01:56,EXCHANGE_FEE,-0.0001035,-0.029574958677685950413223140495867769,EUR,,
USDT,,2023-04-09 06:01:56,DEBIT,-42.3864,-39.039080991735537190082644628099173546,EUR,,
BETH,,2023-04-09 08:33:28,STAKING,0.00002427,0,EUR,0,USD
USDT,,2023-04-10 02:17:25,EARN,0.02055,0,EUR,0,USD
BTC,,2023-04-10 02:24:42,EARN,0.00000006,0,EUR,0,USD
BETH,,2023-04-10 08:33:30,STAKING,0.00002423,0,EUR,0,USD
BTC,,2023-04-11 02:19:05,EARN,0.00000006,0,EUR,0,USD
USDT,,2023-04-11 02:28:54,EARN,0.02055,0,EUR,0,USD
BETH,,2023-04-11 08:34:12,STAKING,0.00002454,0,EUR,0,USD
USDT,,2023-04-11 16:00:43,CREDIT,241.8218199,222.076735522844036697247706422018348586,EUR,,
BNB,,2023-04-11 16:00:43,EXCHANGE_FEE,-0.00055109,-0.16651007394495412844036697247706422,EUR,,
BTC,,2023-04-11 16:00:43,DEBIT,-0.00801,-222.036759082568807339449541284403669725,EUR,,
ETH,,2023-04-11 17:20:27,CREDIT,0.0105,18.281067827681026581118240146654445463,EUR,,
BNB,,2023-04-11 17:20:27,EXCHANGE_FEE,-0.00004594,-0.013725049586776859504132231404958678,EUR,,
USDT,,2023-04-11 17:20:27,DEBIT,-19.8975,-18.289621212121212121212121212121212123,EUR,,
USDT,,2023-04-12 02:00:59,EARN,0.02055,0,EUR,0,USD
BTC,,2023-04-12 02:02:37,EARN,0.00000006,0,EUR,0,USD
BETH,,2023-04-12 08:33:58,STAKING,0.00002344,0,EUR,0,USD
BTC,,2023-04-13 01:24:09,EARN,0.00000006,0,EUR,0,USD
USDT,,2023-04-13 01:31:41,EARN,0.02055,0,EUR,0,USD
BETH,,2023-04-13 08:33:26,STAKING,0.00002576,0,EUR,0,USD
USDT,,2023-04-13 11:04:53,CREDIT,302157,274.713130790190735694822888283378746462,EUR,,
BNB,,2023-04-13 11:04:53,EXCHANGE_FEE,-0.000699,-0.206068501362397820163487738419618529,EUR,,
BTC,,2023-04-13 11:04:53,DEBIT,-0.01,-274.745413260672116257947320617620345141,EUR,,
USDT,,2023-04-14 01:53:50,EARN,0.02055,0,EUR,0,USD
BTC,,2023-04-14 02:07:59,EARN,0.00000006,0,EUR,0,USD
USDT,,2023-04-14 06:10:18,CREDIT,307.68,278.721882352941176470588235294117647113,EUR,,
BNB,,2023-04-14 06:10:18,EXCHANGE_FEE,-0.00068924,-0.208973825520361990950226244343891403,EUR,,
BTC,,2023-04-14 06:10:18,DEBIT,-0.01,-278.41837104072398190045248868778280543,EUR,,
BETH,,2023-04-14 08:33:25,STAKING,0.0000254,0,EUR,0,USD
BTC,,2023-04-15 02:00:21,EARN,0.00000006,0,EUR,0,USD
USDT,,2023-04-15 02:06:36,EARN,0.02055,0,EUR,0,USD
BETH,,2023-04-15 12:59:58,STAKING,0.00002554,0,EUR,0,USD
BTC,,2023-04-16 02:03:30,EARN,0.00000006,0,EUR,0,USD
USDT,,2023-04-16 02:04:37,EARN,0.02055,0,EUR,0,USD
BETH,,2023-04-16 08:33:24,STAKING,0.00002426,0,EUR,0,USD
USDT,,2023-04-17 01:53:09,EARN,0.02055,0,EUR,0,USD
BTC,,2023-04-17 02:00:29,EARN,0.00000006,0,EUR,0,USD
BETH,,2023-04-17 08:33:28,STAKING,0.00002495,0,EUR,0,USD
BTC,,2023-04-18 01:15:17,CREDIT,0.01082,289.069775457875457875457875457875457875,EUR,,
BNB,,2023-04-18 01:15:17,EXCHANGE_FEE,-0.00070149,-0.216832357692307692307692307692307692,EUR,,
USDT,,2023-04-18 01:15:17,DEBIT,-315.2948,-289.020233333333333333333333333333333438,EUR,,
BTC,,2023-04-18 01:22:05,EARN,0.00000006,0,EUR,0,USD
USDT,,2023-04-18 01:32:42,EARN,0.02055,0,EUR,0,USD
BETH,,2023-04-18 09:33:35,STAKING,0.00002344,0,EUR,0,USD
USDT,,2023-04-19 02:29:18,EARN,0.02055,0,EUR,0,USD
BTC,,2023-04-19 02:38:07,EARN,0.00000006,0,EUR,0,USD
USDT,,2023-04-19 06:04:20,CREDIT,327.7378932,299.030924452554744525547445255474452526,EUR,,
BNB,,2023-04-19 06:04:20,EXCHANGE_FEE,-0.00071998,-0.22432369562043795620437956204379562,EUR,,
BTC,,2023-04-19 06:04:20,DEBIT,-0.01083,-299.242287317518248175182481751824817518,EUR,,
BETH,,2023-04-19 08:33:28,STAKING,0.00002408,0,EUR,0,USD
USDT,,2023-04-20 02:14:38,EARN,0.02055,0,EUR,0,USD
BTC,,2023-04-20 02:20:54,EARN,0.00000006,0,EUR,0,USD
BTC,,2023-04-20 05:39:55,CREDIT,0.00346,91.250248219178082191780821917808219178,EUR,,
BNB,,2023-04-20 05:39:55,EXCHANGE_FEE,-0.0002307,-0.068447320547945205479452054794520548,EUR,,
USDT,,2023-04-20 05:39:55,DEBIT,-99.8706164,-91.297248416803652968036529680365296848,EUR,,
BETH,,2023-04-20 09:50:19,STAKING,0.00002917,0,EUR,0,USD
BTC,,2023-04-20 17:11:31,CREDIT,0.00479,124.324471872146118721461187214611872146,EUR,,
BNB,,2023-04-20 17:11:31,EXCHANGE_FEE,-0.00032106,-0.093262657116788321167883211678832117,EUR,,
USDT,,2023-04-20 17:11:31,DEBIT,-136.0523339,-124.135341149635036496350364963503649623,EUR,,
BTC,,2023-04-21 02:05:03,EARN,0.00000006,0,EUR,0,USD
USDT,,2023-04-21 02:17:30,EARN,0.02055,0,EUR,0,USD
ETH,,2023-04-21 06:07:38,CREDIT,0.0686,120.786118721461187214611872146118721461,EUR,,
BNB,,2023-04-21 06:07:38,EXCHANGE_FEE,-0.00031275,-0.090671794520547945205479452054794521,EUR,,
BTC,,2023-04-21 06:07:38,DEBIT,-0.00469929,-120.763727728493150684931506849315068493,EUR,,
BETH,,2023-04-21 06:09:20,CREDIT,131,230.080264840182648401826484018264840183,EUR,,
ETH,,2023-04-21 06:09:20,DEBIT,-131,-230.655707762557077625570776255707762557,EUR,,
BETH,,2023-04-21 09:05:37,STAKING,0.00003133,0,EUR,0,USD
BTC,,2023-04-21 17:25:15,CREDIT,0.00358,91.013725912408759124087591240875912409,EUR,,
BNB,,2023-04-21 17:25:15,EXCHANGE_FEE,-0.00023061,-0.068183549726277372262773722627737226,EUR,,
USDT,,2023-04-21 17:25:15,DEBIT,-99.7746,-91.035218978102189781021897810218978093,EUR,,
BTC,,2023-04-21 21:48:33,CREDIT,0.00915,227.721333333333333333333333333333333333,EUR,,
BNB,,2023-04-21 21:48:33,EXCHANGE_FEE,-0.00058473,-0.170723037101185050136736554238833181,EUR,,
USDT,,2023-04-21 21:48:33,DEBIT,-249.91761,-227.611666666666666666666666666666666759,EUR,,
BTC,,2023-04-22 02:04:35,EARN,0.00000006,0,EUR,0,USD
USDT,,2023-04-22 02:11:13,EARN,0.02055,0,EUR,0,USD
BETH,,2023-04-22 08:35:35,STAKING,0.00002904,0,EUR,0,USD
USDT,,2023-04-22 19:23:27,CREDIT,442.18816,403.088568824065633546034639927073837948,EUR,,
BNB,,2023-04-22 19:23:27,EXCHANGE_FEE,-0.00100254,-0.302343033910665451230628988149498633,EUR,,
BTC,,2023-04-22 19:23:27,DEBIT,-16,-403.265487693710118505013673655423883318,EUR,,
BTC,,2023-04-23 01:21:30,EARN,0.00000006,0,EUR,0,USD
USDT,,2023-04-23 01:25:43,EARN,0.02055,0,EUR,0,USD
BETH,,2023-04-23 08:34:43,STAKING,0.00004187,0,EUR,0,USD
BTC,,2023-04-24 01:29:33,EARN,0.00000006,0,EUR,0,USD
USDT,,2023-04-24 01:33:36,EARN,0.02055,0,EUR,0,USD
BETH,,2023-04-24 08:34:59,STAKING,0.00004123,0,EUR,0,USD
USDT,,2023-04-25 01:27:43,EARN,0.02055,0,EUR,0,USD
BTC,,2023-04-25 01:33:23,EARN,0.00000006,0,EUR,0,USD
BETH,,2023-04-25 08:18:30,STAKING,0.00004301,0,EUR,0,USD
USDT,,2023-04-25 21:49:05,CREDIT,282.1756,257.45948905109489051094890510948905107,EUR,,
BNB,,2023-04-25 21:49:05,EXCHANGE_FEE,-0.00062798,-0.193086660766423357664233576642335766,EUR,,
BTC,,2023-04-25 21:49:05,DEBIT,-0.01,-257.420255474452554744525547445255474453,EUR,,
USDT,,2023-04-26 02:08:28,EARN,0.02055,0,EUR,0,USD
BTC,,2023-04-26 02:12:27,EARN,0.00000006,0,EUR,0,USD
BETH,,2023-04-26 10:16:30,STAKING,0.00004185,0,EUR,0,USD
USDT,,2023-04-26 10:49:29,CREDIT,290.5,263.15882352941176470588235294117647064,EUR,,
BNB,,2023-04-26 10:49:29,EXCHANGE_FEE,-0.00064231,-0.197157199819004524886877828054298643,EUR,,
BTC,,2023-04-26 10:49:29,DEBIT,-0.01,-262.800090497737556561085972850678733032,EUR,,
USDT,,2023-04-26 12:25:08,CREDIT,294.64,267.12601994560290117860380779691749771,EUR,,
BNB,,2023-04-26 12:25:08,EXCHANGE_FEE,-0.0006467,-0.200559083408884859474161378059836809,EUR,,
BTC,,2023-04-26 12:25:08,DEBIT,-0.01,-266.663009972801450589301903898458748867,EUR,,
USDT,,2023-04-26 13:03:51,CREDIT,447.7542,405.574456521739130434782608695652174121,EUR,,
BNB,,2023-04-26 13:03:51,EXCHANGE_FEE,-0.00097506,-0.3040968375,EUR,,
BTC,,2023-04-26 13:03:51,DEBIT,-15,-405.73355978260869565217391304347826087,EUR,,
BTC,,2023-04-26 19:28:00,EARN,0.00012867,0,EUR,0,USD
USDT,,2023-04-26 19:31:14,CREDIT,153.925775,139.425520833333333333333333333333333405,EUR,,
BNB,,2023-04-26 19:31:14,EXCHANGE_FEE,-0.00034337,-0.104692049864007252946509519492293744,EUR,,
BTC,,2023-04-26 19:31:14,DEBIT,-0.00529,-138.612710416666666666666666666666666667,EUR,,
USDT,,2023-04-26 21:41:16,CREDIT,56.030457,50.798238440616500453309156844968268354,EUR,,
BNB,,2023-04-26 21:41:16,EXCHANGE_FEE,-0.0001278,-0.038129124206708975521305530371713509,EUR,,
BETH,,2023-04-26 21:41:16,DEBIT,-0.0303,-50.80757842248413417951042611060743427,EUR,,
USDT,,2023-04-27 02:11:36,EARN,0.02055,0,EUR,0,USD
USDT,,2023-04-27 06:06:58,CREDIT,580.9386,526.212500000000000000000000000000000269,EUR,,
BNB,,2023-04-27 06:06:58,EXCHANGE_FEE,-0.00130528,-0.394442622262443438914027149321266968,EUR,,
BTC,,2023-04-27 06:06:58,DEBIT,-0.02,-526.250724637681159420289855072463768116,EUR,,
BETH,,2023-04-27 08:35:05,STAKING,0.00003597,0,EUR,0,USD
USDT,,2023-04-27 20:33:03,CREDIT,295.4341,267.845965548504079782411604714415231164,EUR,,
BNB,,2023-04-27 20:33:03,EXCHANGE_FEE,-0.0006622,-0.201145501359927470534904805077062557,EUR,,
BTC,,2023-04-27 20:33:03,DEBIT,-0.01,-268.569990933816863100634632819582955576,EUR,,
USDT,,2023-04-28 02:04:04,EARN,0.02055,0,EUR,0,USD
BTC,,2023-04-28 02:19:07,EARN,0.00000006,0,EUR,0,USD
BETH,,2023-04-28 09:05:59,STAKING,0.00003272,0,EUR,0,USD
BTC,,2023-04-29 02:14:03,EARN,0.00000006,0,EUR,0,USD
USDT,,2023-04-29 02:19:29,EARN,0.02055,0,EUR,0,USD
BETH,,2023-04-29 08:05:25,STAKING,0.0000332,0,EUR,0,USD
USDT,,2023-04-30 02:09:21,EARN,0.02055,0,EUR,0,USD
BTC,,2023-04-30 02:16:57,EARN,0.00000006,0,EUR,0,USD
BETH,,2023-04-30 08:05:02,STAKING,0.00003206,0,EUR,0,USD
BTC,,2023-05-01 02:12:02,EARN,0.00000006,0,EUR,0,USD
USDT,,2023-05-01 02:15:39,EARN,0.02055,0,EUR,0,USD
BTC,,2023-05-01 07:04:23,CREDIT,0.01015,264.17811,EUR,,
BNB,,2023-05-01 07:04:23,EXCHANGE_FEE,-0.00065286,-0.198131139818181818181818181818181818,EUR,,
USDT,,2023-05-01 07:04:23,DEBIT,-290.248385,-263.862168181818181818181818181818181845,EUR,,
BETH,,2023-05-01 08:34:55,STAKING,0.00003294,0,EUR,0,USD
BTC,,2023-05-01 15:28:54,CREDIT,0.01033,265.005028284671532846715328467153284672,EUR,,
BNB,,2023-05-01 15:28:54,EXCHANGE_FEE,-0.00065835,-0.198784457572992700729927007299270073,EUR,,
USDT,,2023-05-01 15:28:54,DEBIT,-290.22135,-264.800501824817518248175182481751824792,EUR,,
USDT,,2023-05-02 02:06:08,EARN,0.02055,0,EUR,0,USD
BTC,,2023-05-02 02:07:25,EARN,0.00000006,0,EUR,0,USD
BETH,,2023-05-02 08:36:20,STAKING,0.00003379,0,EUR,0,USD
BNB,,2023-05-02 21:53:09,CREDIT,0.00014523,0.042623684727272727272727272727272727,EUR,,
ETH,,2023-05-02 21:53:09,DEBIT,-0.00000697,-0.011866488363636363636363636363636364,EUR,,
BUSD,,2023-05-02 21:53:09,DEBIT,-0.01439196,-0.01308557635177953324,EUR,,
EUR,,2023-05-02 21:53:09,DEBIT,-0.0185674,-0.0185674,EUR,,
USDT,,2023-05-02 22:07:06,CREDIT,287.15,261.3065,EUR,,
BNB,,2023-05-02 22:07:06,EXCHANGE_FEE,-0.00066901,-0.196044257636363636363636363636363636,EUR,,
BTC,,2023-05-02 22:07:06,DEBIT,-0.01,-261.177090909090909090909090909090909091,EUR,,
USDT,,2023-05-03 01:31:43,EARN,0.02055,0,EUR,0,USD
BTC,,2023-05-03 01:32:48,EARN,0.00000006,0,EUR,0,USD
BETH,,2023-05-03 08:35:42,STAKING,0.00003356,0,EUR,0,USD
USDT,,2023-05-04 02:05:37,EARN,0.02055,0,EUR,0,USD
BTC,,2023-05-04 02:15:44,EARN,0.00000006,0,EUR,0,USD
BETH,,2023-05-04 08:35:44,STAKING,0.00003539,0,EUR,0,USD
USDT,,2023-05-04 11:05:24,CREDIT,146.12955,132.2564914556962025316455696202531645,EUR,,
BNB,,2023-05-04 11:05:24,EXCHANGE_FEE,-0.00033556,-0.099199545750452079566003616636528029,EUR,,
BTC,,2023-05-04 11:05:24,DEBIT,-5,-132.210849909584086799276672694394213382,EUR,,
BTC,,2023-05-05 01:21:53,EARN,0.00000006,0,EUR,0,USD
USDT,,2023-05-05 01:34:54,EARN,0.02055,0,EUR,0,USD
USDT,,2023-05-05 02:01:01,CREDIT,147.16,133.417951042611060743427017225747960097,EUR,,
BNB,,2023-05-05 02:01:01,EXCHANGE_FEE,-0.00033866,-0.10028081831368993653671804170444243,EUR,,
BTC,,2023-05-05 02:01:01,DEBIT,-5,-133.624569356300997280145058930190389846,EUR,,
BETH,,2023-05-05 09:04:28,STAKING,0.00003384,0,EUR,0,USD
USDT,,2023-05-05 16:25:45,CREDIT,147.9761,134.413862159709618874773139745916515458,EUR,,
BNB,,2023-05-05 16:25:45,EXCHANGE_FEE,-0.00033835,-0.100872512704174228675136116152450091,EUR,,
BTC,,2023-05-05 16:25:45,DEBIT,-5,-134.45621597096188747731397459165154265,EUR,,
BTC,,2023-05-06 01:22:00,EARN,0.00000006,0,EUR,0,USD
USDT,,2023-05-06 01:35:29,EARN,0.02055,0,EUR,0,USD
BETH,,2023-05-06 08:34:17,STAKING,0.00004039,0,EUR,0,USD
BTC,,2023-05-06 16:33:55,CREDIT,0.01046,272.597178059836808703535811423390752493,EUR,,
BNB,,2023-05-06 16:33:55,EXCHANGE_FEE,-0.0007005,-0.204275453309156844968268359020852221,EUR,,
USDT,,2023-05-06 16:33:55,DEBIT,-299.8754388,-272.688182335811423390752493200362647238,EUR,,
BTC,,2023-05-07 02:02:11,EARN,0.00000006,0,EUR,0,USD
USDT,,2023-05-07 02:14:46,EARN,0.02055,0,EUR,0,USD
BETH,,2023-05-07 08:33:45,STAKING,0.00004185,0,EUR,0,USD
USDT,,2023-05-08 01:32:45,EARN,0.02055,0,EUR,0,USD
BTC,,2023-05-08 01:33:22,EARN,0.00000006,0,EUR,0,USD
BTC,,2023-05-08 01:44:09,CREDIT,0.01582,406.237039711191335740072202166064981949,EUR,,
BNB,,2023-05-08 01:44:09,EXCHANGE_FEE,-0.00104879,-0.304054443862815884476534296028880866,EUR,,
USDT,,2023-05-08 01:44:09,DEBIT,-445.9658,-405.313682851985559566787003610108303278,EUR,,
BETH,,2023-05-08 09:18:47,STAKING,0.00003747,0,EUR,0,USD
BTC,,2023-05-08 20:12:49,CREDIT,0.00457,113.967528506787330316742081447963800905,EUR,,
BNB,,2023-05-08 20:12:49,EXCHANGE_FEE,-0.00030057,-0.08521227502262443438914027149321267,EUR,,
USDT,,2023-05-08 20:12:49,DEBIT,-124.7832102,-113.603537973936651583710407239819004583,EUR,,
BTC,,2023-05-09 02:07:44,EARN,0.00000006,0,EUR,0,USD
USDT,,2023-05-09 02:18:01,EARN,0.02055,0,EUR,0,USD
BETH,,2023-05-09 08:35:09,STAKING,0.00003426,0,EUR,0,USD
BTC,,2023-05-09 16:05:45,CREDIT,0.00548,137.718105205479452054794520547945205479,EUR,,
BNB,,2023-05-09 16:05:45,EXCHANGE_FEE,-0.00036058,-0.103303700273972602739726027397260274,EUR,,
USDT,,2023-05-09 16:05:45,DEBIT,-149.9328,-137.746481095890410958904109589041095858,EUR,,
BTC,,2023-05-10 02:01:53,EARN,0.00000006,0,EUR,0,USD
USDT,,2023-05-10 02:15:10,EARN,0.02055,0,EUR,0,USD
BETH,,2023-05-10 08:52:35,STAKING,0.00003663,0,EUR,0,USD
USDT,,2023-05-10 15:56:38,CREDIT,50.682114,46.285035616438356164383561643835616417,EUR,,
BNB,,2023-05-10 15:56:38,EXCHANGE_FEE,-0.00012063,-0.034721610410958904109589041095890411,EUR,,
BTC,,2023-05-10 15:56:38,DEBIT,-0.0018,-46.300635616438356164383561643835616438,EUR,,
BTC,,2023-05-10 17:16:54,CREDIT,0.00689,172.615414949863263445761166818596171376,EUR,,
BNB,,2023-05-10 17:16:54,EXCHANGE_FEE,-0.00045717,-0.128512783287671232876712328767123288,EUR,,
USDT,,2023-05-10 17:16:54,DEBIT,-187.30465,-170.913358842297174111212397447584320802,EUR,,
ETH,,2023-05-11 00:00:49,CREDIT,38,63.747249544626593806921675774134790528,EUR,,
BETH,,2023-05-11 00:00:49,DEBIT,-38,-63.692914389799635701275045537340619308,EUR,,
USDT,,2023-05-11 02:09:39,EARN,0.02055,0,EUR,0,USD
BTC,,2023-05-11 02:11:38,EARN,0.00000006,0,EUR,0,USD
BTC,,2023-05-11 06:47:46,CREDIT,0.00727,182.602681369863013698630136986301369863,EUR,,
BNB,,2023-05-11 06:47:46,EXCHANGE_FEE,-0.00048115,-0.136923426027397260273972602739726027,EUR,,
USDT,,2023-05-11 06:47:46,DEBIT,-199.7991563,-182.647447905296803652968036529680365386,EUR,,
BETH,,2023-05-11 08:35:44,STAKING,0.00004057,0,EUR,0,USD
BTC,,2023-05-11 14:36:17,CREDIT,0.00179,44.664868256880733944954128440366972477,EUR,,
BNB,,2023-05-11 14:36:17,EXCHANGE_FEE,-0.000118,-0.033507669724770642201834862385321101,EUR,,
USDT,,2023-05-11 14:36:17,DEBIT,-48.6791932,-44.704470085504587155963302752293577974,EUR,,
BTC,,2023-05-11 17:24:07,CREDIT,0.0075,184.848258478460128322639780018331805683,EUR,,
BNB,,2023-05-11 17:24:07,EXCHANGE_FEE,-0.00049624,-0.138728872593950504124656278643446379,EUR,,
USDT,,2023-05-11 17:24:07,DEBIT,-201.75,-184.922089825847846012832263978001833176,EUR,,
BTC,,2023-05-12 01:24:57,EARN,0.00000006,0,EUR,0,USD
USDT,,2023-05-12 01:26:43,EARN,0.02055,0,EUR,0,USD
BTC,,2023-05-12 06:15:15,CREDIT,0.01337,321.133809615384615384615384615384615385,EUR,,
BNB,,2023-05-12 06:15:15,EXCHANGE_FEE,-0.00087028,-0.240761527472527472527472527472527473,EUR,,
USDT,,2023-05-12 06:15:15,DEBIT,-349.7943631,-320.644832841666666666666666666666666783,EUR,,
ETH,,2023-05-12 06:27:56,CREDIT,0.0515,82.417937671860678276810265811182401467,EUR,,
BNB,,2023-05-12 06:27:56,EXCHANGE_FEE,-0.00022377,-0.06188510989010989010989010989010989,EUR,,
USDT,,2023-05-12 06:27:56,DEBIT,-89919,-82.42575000000000000000000000000000003,EUR,,
BETH,,2023-05-12 08:35:37,STAKING,0.00003897,0,EUR,0,USD
USDT,,2023-05-13 02:03:23,EARN,0.02055,0,EUR,0,USD
BTC,,2023-05-13 02:17:17,EARN,0.00000006,0,EUR,0,USD
BETH,,2023-05-13 08:35:23,STAKING,0.00003328,0,EUR,0,USD
USDT,,2023-05-14 01:29:31,EARN,0.02055,0,EUR,0,USD
BTC,,2023-05-14 01:31:56,EARN,0.00000006,0,EUR,0,USD
BETH,,2023-05-14 08:35:35,STAKING,0.00003193,0,EUR,0,USD
USDT,,2023-05-14 19:44:40,CREDIT,349.34965,322.575854108956602031394275161588180895,EUR,,
BNB,,2023-05-14 19:44:40,EXCHANGE_FEE,-0.00084193,-0.241420517603686635944700460829493088,EUR,,
BTC,,2023-05-14 19:44:40,DEBIT,-13,-322.113520737327188940092165898617511521,EUR,,
BTC,,2023-05-15 01:34:26,EARN,0.00000006,0,EUR,0,USD
USDT,,2023-05-15 01:36:21,EARN,0.02055,0,EUR,0,USD
USDT,,2023-05-15 06:49:20,CREDIT,411.8325,379.219613259668508287292817679558010909,EUR,,
BNB,,2023-05-15 06:49:20,EXCHANGE_FEE,-0.00098117,-0.284719994290976058931860036832412523,EUR,,
BTC,,2023-05-15 06:49:20,DEBIT,-15,-379.061177552897884084636614535418583257,EUR,,
BETH,,2023-05-15 09:05:34,STAKING,0.0000318,0,EUR,0,USD
USDT,,2023-05-16 02:06:22,EARN,0.02055,0,EUR,0,USD
BTC,,2023-05-16 02:18:45,EARN,0.00000006,0,EUR,0,USD
BETH,,2023-05-16 08:34:23,STAKING,0.00004558,0,EUR,0,USD
USDT,,2023-05-17 02:10:17,EARN,0.02055,0,EUR,0,USD
BTC,,2023-05-17 02:14:41,EARN,0.00000006,0,EUR,0,USD
BETH,,2023-05-17 08:34:13,STAKING,0.00003217,0,EUR,0,USD
USDT,,2023-05-18 00:19:12,CREDIT,100302,92.5871739612188365650969529085872576,EUR,,
BNB,,2023-05-18 00:19:12,EXCHANGE_FEE,-0.00023934,-0.069477109141274238227146814404432133,EUR,,
BTC,,2023-05-18 00:19:12,DEBIT,-0.00365,-92.535217913204062788550323176361957525,EUR,,
BTC,,2023-05-18 02:07:35,EARN,0.00000006,0,EUR,0,USD
USDT,,2023-05-18 02:14:43,EARN,0.02055,0,EUR,0,USD
BETH,,2023-05-18 08:34:00,STAKING,0.00003143,0,EUR,0,USD
BTC,,2023-05-18 18:29:26,CREDIT,0.00375,92.77196793680297397769516728624535316,EUR,,
BNB,,2023-05-18 18:29:26,EXCHANGE_FEE,-0.00024369,-0.069563652367688022284122562674094708,EUR,,
USDT,,2023-05-18 18:29:26,DEBIT,-99.8535375,-92.800685408921933085501858736059479553,EUR,,
USDT,,2023-05-19 02:05:40,EARN,0.02055,0,EUR,0,USD
BTC,,2023-05-19 02:17:01,EARN,0.00000006,0,EUR,0,USD
BETH,,2023-05-19 05:36:28,CREDIT,0.0278,46.573647168059424326833797585886722377,EUR,,
BNB,,2023-05-19 05:36:28,EXCHANGE_FEE,-0.0001216,-0.034972701949860724233983286908077994,EUR,,
USDT,,2023-05-19 05:36:28,DEBIT,-50.155706,-46.569829155060352831940575673166202389,EUR,,
BETH,,2023-05-19 08:35:13,STAKING,0.00003236,0,EUR,0,USD
USDT,,2023-05-20 02:08:37,EARN,0.02055,0,EUR,0,USD
BTC,,2023-05-20 02:10:25,EARN,0.00000006,0,EUR,0,USD
BETH,,2023-05-20 13:01:57,STAKING,0.0000321,0,EUR,0,USD
USDT,,2023-05-21 02:09:02,EARN,0.02055,0,EUR,0,USD
BTC,,2023-05-21 02:10:55,EARN,0.00000006,0,EUR,0,USD
BETH,,2023-05-21 08:34:53,STAKING,0.00003405,0,EUR,0,USD
BTC,,2023-05-22 02:01:19,EARN,0.00000006,0,EUR,0,USD
BTC,,2023-05-22 02:03:19,CREDIT,0.00188,46.203704347826086956521739130434782609,EUR,,
BNB,,2023-05-22 02:03:19,EXCHANGE_FEE,-0.00012272,-0.034654493246993524514338575393154487,EUR,,
USDT,,2023-05-22 02:03:19,DEBIT,-49.8952,-46.156521739130434782608695652173913055,EUR,,
USDT,,2023-05-22 02:11:52,EARN,0.02055,0,EUR,0,USD
BETH,,2023-05-22 08:35:01,STAKING,0.00003702,0,EUR,0,USD
BTC,,2023-05-23 02:01:54,EARN,0.00000006,0,EUR,0,USD
USDT,,2023-05-23 02:06:11,EARN,0.02055,0,EUR,0,USD
USDT,,2023-05-23 06:37:10,CREDIT,81.87366,75.738815911193339500462534690101757651,EUR,,
BNB,,2023-05-23 06:37:10,EXCHANGE_FEE,-0.00019593,-0.056817887511563367252543940795559667,EUR,,
BTC,,2023-05-23 06:37:10,DEBIT,-3,-75.818408880666049953746530989824236818,EUR,,
BETH,,2023-05-23 08:34:47,STAKING,0.00003514,0,EUR,0,USD
BTC,,2023-05-24 02:07:28,EARN,0.00000006,0,EUR,0,USD
USDT,,2023-05-24 02:17:35,EARN,0.02055,0,EUR,0,USD
BETH,,2023-05-24 08:35:12,STAKING,0.00003917,0,EUR,0,USD
BTC,,2023-05-24 19:22:12,CREDIT,0.0031,75.930563720930232558139534883720930233,EUR,,
BNB,,2023-05-24 19:22:12,EXCHANGE_FEE,-0.00020023,-0.056960312837209302325581395348837209,EUR,,
USDT,,2023-05-24 19:22:12,DEBIT,-81.634284,-75.938868837209302325581395348837209312,EUR,,
BTC,,2023-05-25 01:26:27,CREDIT,0.00378,91.166842458100558659217877094972067039,EUR,,
BNB,,2023-05-25 01:26:27,EXCHANGE_FEE,-0.00024318,-0.06870004976700838769804287045666356,EUR,,
USDT,,2023-05-25 01:26:27,DEBIT,-97.9209,-91.258993476234855545200372786579683094,EUR,,
USDT,,2023-05-25 02:06:11,EARN,0.02055,0,EUR,0,USD
BTC,,2023-05-25 02:10:49,EARN,0.00000006,0,EUR,0,USD
BETH,,2023-05-25 08:34:49,STAKING,0.00003836,0,EUR,0,USD
USDT,,2023-05-26 02:15:00,EARN,0.02055,0,EUR,0,USD
BTC,,2023-05-26 02:15:52,EARN,0.00000006,0,EUR,0,USD
BETH,,2023-05-26 08:34:42,STAKING,0.00003687,0,EUR,0,USD
BTC,,2023-05-27 02:05:14,EARN,0.00000006,0,EUR,0,USD
USDT,,2023-05-27 02:06:12,EARN,0.02055,0,EUR,0,USD
BETH,,2023-05-27 08:34:24,STAKING,0.00004072,0,EUR,0,USD
USDT,,2023-05-27 09:14:39,CREDIT,125.451178,117.025352611940298507462686567164179125,EUR,,
BNB,,2023-05-27 09:14:39,EXCHANGE_FEE,-0.00030827,-0.087836820429104477611940298507462687,EUR,,
BTC,,2023-05-27 09:14:39,DEBIT,-0.0047,-117.063408582089552238805970149253731343,EUR,,
BTC,,2023-05-28 02:05:04,EARN,0.00000006,0,EUR,0,USD
USDT,,2023-05-28 02:09:40,EARN,0.02055,0,EUR,0,USD
USDT,,2023-05-28 06:49:11,CREDIT,99.8506442,93.057450326188257222739981360671015805,EUR,,
BNB,,2023-05-28 06:49:11,EXCHANGE_FEE,-0.00024298,-0.069823348741845293569431500465983225,EUR,,
BTC,,2023-05-28 06:49:11,DEBIT,-0.00367,-93.090627399813606710158434296365330848,EUR,,
BETH,,2023-05-28 08:34:46,STAKING,0.00003384,0,EUR,0,USD
BTC,,2023-05-29 02:13:50,EARN,0.00000006,0,EUR,0,USD
USDT,,2023-05-29 02:14:28,EARN,0.02055,0,EUR,0,USD
USDT,,2023-05-29 05:42:45,CREDIT,84.04002,78.24955307262569832402234636871508382,EUR,,
BNB,,2023-05-29 05:42:45,EXCHANGE_FEE,-0.00020034,-0.058708573743016759776536312849162011,EUR,,
BTC,,2023-05-29 05:42:45,DEBIT,-3,-78.334273743016759776536312849162011173,EUR,,
BETH,,2023-05-29 08:35:02,STAKING,0.00003784,0,EUR,0,USD
USDT,,2023-05-30 02:06:15,EARN,0.02055,0,EUR,0,USD
BTC,,2023-05-30 02:11:14,EARN,0.00000006,0,EUR,0,USD
BETH,,2023-05-30 08:34:04,STAKING,0.00003578,0,EUR,0,USD
USDT,,2023-05-30 22:00:30,CREDIT,149.64912,139.467958993476234855545200372786579626,EUR,,
BNB,,2023-05-30 22:00:30,EXCHANGE_FEE,-0.00035938,-0.10462211612301957129543336439888164,EUR,,
BTC,,2023-05-30 22:00:30,DEBIT,-0.0054,-139.458397017707362534948741845293569431,EUR,,
BTC,,2023-05-31 02:04:53,EARN,0.00000006,0,EUR,0,USD
USDT,,2023-05-31 02:11:58,EARN,0.02055,0,EUR,0,USD
BETH,,2023-05-31 10:04:52,STAKING,0.00004028,0,EUR,0,USD
BTC,,2023-06-01 02:06:30,EARN,0.00000006,0,EUR,0,USD
USDT,,2023-06-01 02:10:40,EARN,0.02055,0,EUR,0,USD
BTC,,2023-06-01 06:04:51,CREDIT,0.00223,56.126341237113402061855670103092783505,EUR,,
BNB,,2023-06-01 06:04:51,EXCHANGE_FEE,-0.00014742,-0.042116249859418931583880037488284911,EUR,,
USDT,,2023-06-01 06:04:51,DEBIT,-59.8687654,-56.109433364573570759137769447047797586,EUR,,
BETH,,2023-06-01 06:05:45,CREDIT,0.0324,56.359906279287722586691658856607310216,EUR,,
BNB,,2023-06-01 06:05:45,EXCHANGE_FEE,-0.00014798,-0.042276235613870665417057169634489222,EUR,,
USDT,,2023-06-01 06:05:45,DEBIT,-60.09137,-56.318059981255857544517338331771321485,EUR,,
BTC,,2023-06-01 08:14:09,DEPOSIT,0.0011573,29.115160154784240150093808630393996248,EUR,,
BETH,,2023-06-01 08:34:10,STAKING,0.00004086,0,EUR,0,USD
BTC,,2023-06-01 22:10:39,DEPOSIT,0.0012388,30.966600502325581395348837209302325581,EUR,,
BTC,,2023-06-02 02:06:56,EARN,0.00000006,0,EUR,0,USD
USDT,,2023-06-02 02:12:35,EARN,0.02055,0,EUR,0,USD
BETH,,2023-06-02 09:04:54,STAKING,0.00003913,0,EUR,0,USD
EUR,,2023-06-02 09:13:09,CREDIT,3400,3.4E+3,EUR,,
USDT,,2023-06-02 12:40:18,CREDIT,913495,849.822021375464684014869888475836431661,EUR,,
BNB,,2023-06-02 12:40:18,EXCHANGE_FEE,-0.00223384,-0.637059611895910780669144981412639405,EUR,,
EUR,,2023-06-02 12:40:18,DEBIT,-850,-8.5E+2,EUR,,
USDT,,2023-06-03 02:02:56,EARN,0.68482685,0,EUR,0,USD
USDT,,2023-06-03 02:05:15,EARN,0.02055,0,EUR,0,USD
BTC,,2023-06-03 02:13:53,EARN,0.00000006,0,EUR,0,USD
BETH,,2023-06-03 08:36:39,STAKING,0.00003957,0,EUR,0,USD
BTC,,2023-06-04 02:01:47,EARN,0.00000006,0,EUR,0,USD
USDT,,2023-06-04 02:14:02,EARN,0.02055,0,EUR,0,USD
BETH,,2023-06-04 08:35:24,STAKING,0.00004024,0,EUR,0,USD
BTC,,2023-06-04 14:46:54,CREDIT,0.00195,49.682938317757009345794392523364485981,EUR,,
BNB,,2023-06-04 14:46:54,EXCHANGE_FEE,-0.00012965,-0.037260440654205607476635514018691589,EUR,,
EUR,,2023-06-04 14:46:54,DEBIT,-49.749921,-49.749921,EUR,,
USDT,,2023-06-04 18:27:38,CREDIT,854.88,798.953271028037383177570093457943925146,EUR,,
BNB,,2023-06-04 18:27:38,EXCHANGE_FEE,-0.00209597,-0.598985562931839402427637721755368814,EUR,,
EUR,,2023-06-04 18:27:38,DEBIT,-800,-8E+2,EUR,,
BTC,,2023-06-04 18:28:27,CREDIT,0.01178,299.244887208216619981325863678804855275,EUR,,
BNB,,2023-06-04 18:28:27,EXCHANGE_FEE,-0.00078546,-0.224468480112044817927170868347338936,EUR,,
EUR,,2023-06-04 18:28:27,DEBIT,-299.76566,-299.76566,EUR,,
ETH,,2023-06-04 18:28:42,CREDIT,0.0561,99.716047619047619047619047619047619048,EUR,,
BNB,,2023-06-04 18:28:42,EXCHANGE_FEE,-0.00026181,-0.074819968907563025210084033613445378,EUR,,
EUR,,2023-06-04 18:28:42,DEBIT,-99.907929,-99.907929,EUR,,
USDT,,2023-06-05 02:02:25,EARN,1.00187638,0,EUR,0,USD
USDT,,2023-06-05 02:06:06,EARN,0.02055,0,EUR,0,USD
BTC,,2023-06-05 02:10:11,EARN,0.00000006,0,EUR,0,USD
BETH,,2023-06-05 06:59:11,CREDIT,0.1456,255.344435379158391019644527595884003742,EUR,,
BNB,,2023-06-05 06:59:11,EXCHANGE_FEE,-0.00067935,-0.19095518054256314312441534144059869,EUR,,
ETH,,2023-06-05 06:59:11,DEBIT,-0.14551264,-254.590742033648961496725912067352666043,EUR,,
BETH,,2023-06-05 08:35:21,STAKING,0.00003967,0,EUR,0,USD
USDT,,2023-06-05 10:14:08,CREDIT,106.63,99.840823970037453183520599250936329566,EUR,,
BNB,,2023-06-05 10:14:08,EXCHANGE_FEE,-0.00026577,-0.074870992415730337078651685393258427,EUR,,
EUR,,2023-06-05 10:14:08,DEBIT,-100,-1E+2,EUR,,
BETH,,2023-06-05 10:14:27,CREDIT,0.0285,49.870997191011235955056179775280898876,EUR,,
BNB,,2023-06-05 10:14:27,EXCHANGE_FEE,-0.00013266,-0.037372110674157303370786516853932584,EUR,,
USDT,,2023-06-05 10:14:27,DEBIT,-53.20836,-49.820561797752808988764044943820224708,EUR,,
BTC,,2023-06-05 10:14:33,CREDIT,0.00199,49.916392322097378277153558052434456929,EUR,,
BNB,,2023-06-05 10:14:33,EXCHANGE_FEE,-0.0001329,-0.037439721910112359550561797752808989,EUR,,
USDT,,2023-06-05 10:14:33,DEBIT,-53.2937721,-49.900535674157303370786516853932584259,EUR,,
BTC,,2023-06-05 15:58:01,CREDIT,0.00572,139.240501960784313725490196078431372549,EUR,,
BNB,,2023-06-05 15:58:01,EXCHANGE_FEE,-0.00040029,-0.104550066946778711484593837535014006,EUR,,
USDT,,2023-06-05 15:58:01,DEBIT,-149578,-139.684219795007843137254901960784313731,EUR,,
BTC,,2023-06-05 16:01:21,CREDIT,0.01649,398.229034920634920634920634920634920635,EUR,,
BNB,,2023-06-05 16:01:21,EXCHANGE_FEE,-0.00116137,-0.299657316339869281045751633986928105,EUR,,
EUR,,2023-06-05 16:01:21,DEBIT,-399.7896613,-399.7896613,EUR,,
BETH,,2023-06-05 16:03:05,CREDIT,0.0719,119.27619776119402985074626865671641791,EUR,,
BNB,,2023-06-05 16:03:05,EXCHANGE_FEE,-0.00034956,-0.089005613445378151260504201680672269,EUR,,
USDT,,2023-06-05 16:03:05,DEBIT,-128.058214,-119.935118335820895522388059701492537369,EUR,,
USDT,,2023-06-06 02:02:42,EARN,0.89300426,0,EUR,0,USD
BTC,,2023-06-06 02:11:33,EARN,0.00000006,0,EUR,0,USD
USDT,,2023-06-06 02:12:38,EARN,0.02055,0,EUR,0,USD
BTC,,2023-06-06 05:31:47,CREDIT,0.00207,49.776123694029850746268656716417910448,EUR,,
BNB,,2023-06-06 05:31:47,EXCHANGE_FEE,-0.00014413,-0.037325905410447761194029850746268657,EUR,,
EUR,,2023-06-06 05:31:47,DEBIT,-49.9560759,-49.9560759,EUR,,
BETH,,2023-06-06 08:35:11,STAKING,0.00004286,0,EUR,0,USD
USDT,,2023-06-06 20:35:26,CREDIT,539131,504.804307116104868913857677902621722735,EUR,,
BNB,,2023-06-06 20:35:26,EXCHANGE_FEE,-0.0014313,-0.377975668849391955098222637979420019,EUR,,
BTC,,2023-06-06 20:35:26,DEBIT,-0.02,-505.409176029962546816479400749063670412,EUR,,
USDT,,2023-06-06 20:39:18,CREDIT,93.6285,87.585126286248830682881197380729653862,EUR,,
BNB,,2023-06-06 20:39:18,EXCHANGE_FEE,-0.00024909,-0.065735060710944808231992516370439663,EUR,,
BETH,,2023-06-06 20:39:18,DEBIT,-0.05,-87.946679139382600561272217025257249766,EUR,,
USDT,,2023-06-07 02:02:53,EARN,0.51449866,0,EUR,0,USD
USDT,,2023-06-07 02:03:08,EARN,0.02055,0,EUR,0,USD
BTC,,2023-06-07 02:14:55,EARN,0.00000006,0,EUR,0,USD
BETH,,2023-06-07 08:33:55,STAKING,0.00006674,0,EUR,0,USD
BTC,,2023-06-07 14:39:32,CREDIT,0.02,493.83472609099350046425255338904363974,EUR,,
BNB,,2023-06-07 14:39:32,EXCHANGE_FEE,-0.00153892,-0.3687978198700092850510677808727948,EUR,,
EUR,,2023-06-07 14:39:32,DEBIT,-494,-494,EUR,,
USDT,,2023-06-08 02:02:52,EARN,0.39638139,0,EUR,0,USD
BTC,,2023-06-08 02:21:16,EARN,0.00000006,0,EUR,0,USD
USDT,,2023-06-08 02:35:55,EARN,0.02055,0,EUR,0,USD
BETH,,2023-06-08 08:34:43,STAKING,0.00006142,0,EUR,0,USD
USDT,,2023-06-09 02:03:29,EARN,0.02055,0,EUR,0,USD
BTC,,2023-06-09 02:05:08,EARN,0.00000006,0,EUR,0,USD
BTC,,2023-06-09 06:38:18,CREDIT,0.00226,55.628348608534322820037105751391465677,EUR,,
BNB,,2023-06-09 06:38:18,EXCHANGE_FEE,-0.00017327,-0.041719815584415584415584415584415584,EUR,,
EUR,,2023-06-09 06:38:18,DEBIT,-55.758155,-55.758155,EUR,,
BETH,,2023-06-09 08:34:59,STAKING,0.00006249,0,EUR,0,USD
USDT,,2023-06-10 02:03:20,EARN,0.04497189,0,EUR,0,USD
BTC,,2023-06-10 02:15:04,EARN,0.00000006,0,EUR,0,USD
USDT,,2023-06-10 02:18:51,EARN,0.02055,0,EUR,0,USD
BETH,,2023-06-10 08:35:00,STAKING,0.00006939,0,EUR,0,USD
BTC,,2023-06-10 09:03:57,CREDIT,0.00206,49.472605425631431244153414405986903648,EUR,,
BNB,,2023-06-10 09:03:57,EXCHANGE_FEE,-0.00016608,-0.03705601794392523364485981308411215,EUR,,
EUR,,2023-06-10 09:03:57,DEBIT,-49.9125846,-49.9125846,EUR,,
BTC,,2023-06-10 09:04:54,CREDIT,0.00623,149.618607670720299345182413470533208606,EUR,,
BNB,,2023-06-10 09:04:54,EXCHANGE_FEE,-0.00050252,-0.112123013831775700934579439252336449,EUR,,
EUR,,2023-06-10 09:04:54,DEBIT,-150.9448591,-150.9448591,EUR,,
BETH,,2023-06-10 09:05:30,CREDIT,0.0867,141.136083255378858746492048643592142189,EUR,,
BNB,,2023-06-10 09:05:30,EXCHANGE_FEE,-0.00047067,-0.105150055565949485500467726847521048,EUR,,
USDT,,2023-06-10 09:05:30,DEBIT,-149.891925,-140.225997126168224299065420560747663487,EUR,,
BTC,,2023-06-10 09:05:44,CREDIT,0.00335,80.464555659494855004677268475210477081,EUR,,
BNB,,2023-06-10 09:05:44,EXCHANGE_FEE,-0.00027015,-0.06035287464920486435921421889616464,EUR,,
USDT,,2023-06-10 09:05:44,DEBIT,-85.9631105,-80.419694963084112149532710280373831739,EUR,,
BTC,,2023-06-10 18:24:24,CREDIT,0.00975,234.501441588785046728971962616822429907,EUR,,
BNB,,2023-06-10 18:24:24,EXCHANGE_FEE,-0.00079449,-0.175753971188026192703461178671655753,EUR,,
USDT,,2023-06-10 18:24:24,DEBIT,-249795,-233.905327408793264733395696913002806246,EUR,,
USDT,,2023-06-11 02:03:02,EARN,0.52444234,0,EUR,0,USD
BTC,,2023-06-11 02:27:39,EARN,0.00000006,0,EUR,0,USD
USDT,,2023-06-11 02:32:02,EARN,0.02055,0,EUR,0,USD
BETH,,2023-06-11 08:34:51,STAKING,0.00006575,0,EUR,0,USD
BTC,,2023-06-12 02:22:00,EARN,0.00000006,0,EUR,0,USD
USDT,,2023-06-12 02:39:58,EARN,0.02055,0,EUR,0,USD
BTC,,2023-06-12 05:52:06,CREDIT,0.0029,69.772430970149253731343283582089552239,EUR,,
BNB,,2023-06-12 05:52:06,EXCHANGE_FEE,-0.00024902,-0.052356919589552238805970149253731343,EUR,,
USDT,,2023-06-12 05:52:06,DEBIT,-74.781633,-69.758986007462686567164179104477611953,EUR,,
BETH,,2023-06-12 05:52:18,CREDIT,0.0145,23.516105410447761194029850746268656716,EUR,,
BNB,,2023-06-12 05:52:18,EXCHANGE_FEE,-0.00008336,-0.017526595522388059701492537313432836,EUR,,
USDT,,2023-06-12 05:52:18,DEBIT,-25.073835,-23.389771455223880597014925373134328362,EUR,,
BETH,,2023-06-12 08:34:49,STAKING,0.00006813,0,EUR,0,USD
USDT,,2023-06-13 02:03:00,EARN,0.07490671,0,EUR,0,USD
BTC,,2023-06-13 04:10:33,EARN,0.00000006,0,EUR,0,USD
USDT,,2023-06-13 04:18:09,EARN,0.02055,0,EUR,0,USD
BETH,,2023-06-13 08:34:57,STAKING,0.00007259,0,EUR,0,USD
BTC,,2023-06-13 23:11:35,CREDIT,0.0044,105.600081632653061224489795918367346939,EUR,,
BNB,,2023-06-13 23:11:35,EXCHANGE_FEE,-0.00035271,-0.079209242949907235621521335807050093,EUR,,
USDT,,2023-06-13 23:11:35,DEBIT,-113.84428,-105.585817387755102040816326530612244853,EUR,,
BETH,,2023-06-13 23:11:59,CREDIT,0.0219,35.233808905380333951762523191094619666,EUR,,
BNB,,2023-06-13 23:11:59,EXCHANGE_FEE,-0.00011754,-0.026396343784786641929499072356215213,EUR,,
USDT,,2023-06-13 23:11:59,DEBIT,-37.98573,-35.230178899814471243042671614100185514,EUR,,
USDT,,2023-06-14 02:03:14,EARN,0.11383612,0,EUR,0,USD
BTC,,2023-06-14 02:21:45,EARN,0.00000006,0,EUR,0,USD
USDT,,2023-06-14 02:36:13,EARN,0.02055,0,EUR,0,USD
BETH,,2023-06-14 08:35:01,STAKING,0.00007401,0,EUR,0,USD
USDT,,2023-06-14 20:49:37,CREDIT,498,460.258780036968576709796672828096118432,EUR,,
BNB,,2023-06-14 20:49:37,EXCHANGE_FEE,-0.001588,-0.342917005545286506469500924214417745,EUR,,
BTC,,2023-06-14 20:49:37,DEBIT,-0.02,-459.549537892791127541589648798521256932,EUR,,
USDT,,2023-06-15 02:03:48,EARN,0.37473052,0,EUR,0,USD
USDT,,2023-06-15 03:13:33,EARN,0.02055,0,EUR,0,USD
BTC,,2023-06-15 03:16:56,EARN,0.00000006,0,EUR,0,USD
BETH,,2023-06-15 08:34:59,STAKING,0.00007778,0,EUR,0,USD
USDT,,2023-06-15 22:31:01,CREDIT,319.93425,292.210514259597806215722120658135283319,EUR,,
BNB,,2023-06-15 22:31:01,EXCHANGE_FEE,-0.00101244,-0.218800047941445562671546203110704483,EUR,,
BTC,,2023-06-15 22:31:01,DEBIT,-0.0125,-292.259483546617915904936014625228519196,EUR,,
BTC,,2023-06-16 02:37:53,EARN,0.00000006,0,EUR,0,USD
USDT,,2023-06-16 02:39:16,EARN,0.02055,0,EUR,0,USD
BETH,,2023-06-16 08:34:59,STAKING,0.00007939,0,EUR,0,USD
USDT,,2023-06-16 23:11:42,CREDIT,131.85035,120.559231280878316559926806953339432737,EUR,,
BNB,,2023-06-16 23:11:42,EXCHANGE_FEE,-0.00041306,-0.090378132662397072278133577310155535,EUR,,
BTC,,2023-06-16 23:11:42,DEBIT,-5,-120.550594693504117108874656907593778591,EUR,,
BTC,,2023-06-17 02:07:30,EARN,0.00000006,0,EUR,0,USD
USDT,,2023-06-17 02:15:05,EARN,0.02055,0,EUR,0,USD
USDT,,2023-06-17 05:41:32,CREDIT,427.2,390.577273559011893870082342177493138232,EUR,,
BNB,,2023-06-17 05:41:32,EXCHANGE_FEE,-0.00131797,-0.295271101463860933211344922232387923,EUR,,
BTC,,2023-06-17 05:41:32,DEBIT,-16,-390.986715462031107044830741079597438243,EUR,,
BETH,,2023-06-17 08:34:54,STAKING,0.00007885,0,EUR,0,USD
USDT,,2023-06-17 10:27:52,CREDIT,348.411009,318.60640758966148215919487648673376014,EUR,,
BNB,,2023-06-17 10:27:52,EXCHANGE_FEE,-0.00106091,-0.238942556907593778591033851784080512,EUR,,
BETH,,2023-06-17 10:27:52,DEBIT,-0.2,-319.167429094236047575480329368709972553,EUR,,
USDT,,2023-06-18 02:15:54,EARN,0.02055,0,EUR,0,USD
BTC,,2023-06-18 02:17:31,EARN,0.00000006,0,EUR,0,USD
BETH,,2023-06-18 08:34:55,STAKING,0.0000779,0,EUR,0,USD
USDT,,2023-06-19 03:06:05,EARN,0.02055,0,EUR,0,USD
BTC,,2023-06-19 03:10:27,EARN,0.00000006,0,EUR,0,USD
BETH,,2023-06-19 09:04:25,STAKING,0.00005223,0,EUR,0,USD
USDT,,2023-06-19 21:02:13,CREDIT,267.3437,244.971124555453712190650779101741521569,EUR,,
BNB,,2023-06-19 21:02:13,EXCHANGE_FEE,-0.00082614,-0.183628735105407882676443629697525206,EUR,,
BTC,,2023-06-19 21:02:13,DEBIT,-0.01,-245.027131072410632447296058661778185151,EUR,,
USDT,,2023-06-19 21:04:06,CREDIT,172916,158.42972832263978001833180568285976177,EUR,,
BNB,,2023-06-19 21:04:06,EXCHANGE_FEE,-0.00053434,-0.118813511090742438130155820348304308,EUR,,
BETH,,2023-06-19 21:04:06,DEBIT,-0.1,-158.609532538955087076076993583868010999,EUR,,
USDT,,2023-06-20 02:10:05,EARN,0.02055,0,EUR,0,USD
BTC,,2023-06-20 02:19:32,EARN,0.00000006,0,EUR,0,USD
BETH,,2023-06-20 08:35:12,STAKING,0.00005507,0,EUR,0,USD
BUSD,,2023-06-20 17:52:42,CREDIT,278013,254.847005981158593684692942254812099001,EUR,,
BNB,,2023-06-20 17:52:42,EXCHANGE_FEE,-0.00085557,-0.190977967094408799266727772685609533,EUR,,
BTC,,2023-06-20 17:52:42,DEBIT,-0.01,-254.831989000916590284142988084326306141,EUR,,
BETH,,2023-06-20 17:54:14,CREDIT,0.1573,254.934134738771769019248395967002749771,EUR,,
BNB,,2023-06-20 17:54:14,EXCHANGE_FEE,-0.00085383,-0.190589569110907424381301558203483043,EUR,,
BUSD,,2023-06-20 17:54:14,DEBIT,-277.899133,-254.742627178620379336489459211732355647,EUR,,
USDT,,2023-06-20 22:13:59,CREDIT,562662,515.773500000000000000000000000000000188,EUR,,
BNB,,2023-06-20 22:13:59,EXCHANGE_FEE,-0.00173162,-0.387220043772893772893772893772893773,EUR,,
BTC,,2023-06-20 22:13:59,DEBIT,-0.02,-515.552380952380952380952380952380952381,EUR,,
BTC,,2023-06-21 02:49:43,EARN,0.00000006,0,EUR,0,USD
USDT,,2023-06-21 02:53:34,EARN,0.02055,0,EUR,0,USD
USDT,,2023-06-21 05:50:58,CREDIT,288.5401,264.583330229357798165137614678899082534,EUR,,
BNB,,2023-06-21 05:50:58,EXCHANGE_FEE,-0.00086114,-0.198448963153070577451879010082493126,EUR,,
BTC,,2023-06-21 05:50:58,DEBIT,-0.01,-264.429880843263061411549037580201649863,EUR,,
USDT,,2023-06-21 05:56:21,CREDIT,70.889269,64.969917573877176901924839596700275002,EUR,,
BNB,,2023-06-21 05:56:21,EXCHANGE_FEE,-0.00021105,-0.04873688084326306141154903758020165,EUR,,
BETH,,2023-06-21 05:56:21,DEBIT,-39,-65.025976168652612282309807516040329972,EUR,,
BETH,,2023-06-21 08:35:02,STAKING,0.00004779,0,EUR,0,USD
USDT,,2023-06-21 14:36:20,CREDIT,294.4942,268.756213753424657534246575342465753417,EUR,,
BNB,,2023-06-21 14:36:20,EXCHANGE_FEE,-0.00089168,-0.201535966392694063926940639269406393,EUR,,
BTC,,2023-06-21 14:36:20,DEBIT,-0.01,-268.714063926940639269406392694063926941,EUR,,
USDT,,2023-06-21 18:25:11,CREDIT,938.618686,853.204385574,EUR,,
BNB,,2023-06-21 18:25:11,EXCHANGE_FEE,-0.00280909,-0.639885164818181818181818181818181818,EUR,,
BETH,,2023-06-21 18:25:11,DEBIT,-0.5001,-854.134429090909090909090909090909090909,EUR,,
BTC,,2023-06-22 02:01:27,EARN,0.00000006,0,EUR,0,USD
USDT,,2023-06-22 02:05:58,EARN,0.02055,0,EUR,0,USD
USDT,,2023-06-22 05:56:48,CREDIT,605.4668,550.925204731574158325750682438580527753,EUR,,
BNB,,2023-06-22 05:56:48,EXCHANGE_FEE,-0.0017977,-0.413127490445859872611464968152866242,EUR,,
BTC,,2023-06-22 05:56:48,DEBIT,-0.02,-551.002365787079162875341219290263876251,EUR,,
BETH,,2023-06-22 08:35:00,STAKING,0.00006925,0,EUR,0,USD
BTC,,2023-06-23 02:22:02,EARN,0.00000006,0,EUR,0,USD
USDT,,2023-06-23 02:26:33,EARN,0.02055,0,EUR,0,USD
USDT,,2023-06-23 15:10:19,CREDIT,152.21,139.89889705882352941176470588235294115,EUR,,
BTC,,2023-06-23 15:10:19,DEBIT,-5,-139.723988970588235294117647058823529412,EUR,,
USDT,,2023-06-23 15:10:19,EXCHANGE_FEE,-0.15221,-0.139898897058823529411764705882352941,EUR,,
USDT,,2023-06-23 15:49:36,CREDIT,154.44385,141.821717171717171717171717171717171674,EUR,,
BTC,,2023-06-23 15:49:36,DEBIT,-5,-141.97470156106519742883379247015610652,EUR,,
USDT,,2023-06-23 15:49:36,EXCHANGE_FEE,-0.15444385,-0.141821717171717171717171717171717172,EUR,,
BTC,,2023-06-24 02:22:04,EARN,0.00000006,0,EUR,0,USD
USDT,,2023-06-24 02:29:16,EARN,0.02055,0,EUR,0,USD
BTC,,2023-06-25 02:22:06,EARN,0.00000006,0,EUR,0,USD
USDT,,2023-06-25 02:29:53,EARN,0.02055,0,EUR,0,USD
BTC,,2023-06-26 01:21:28,CREDIT,0.01021,281.531851376146788990825688073394495413,EUR,,
BTC,,2023-06-26 01:21:28,EXCHANGE_FEE,-0.00001021,-0.281531851376146788990825688073394495,EUR,,
USDT,,2023-06-26 01:21:28,DEBIT,-306.0958,-280.82183486238532110091743119266055052,EUR,,
BTC,,2023-06-26 03:29:11,EARN,0.00000006,0,EUR,0,USD
USDT,,2023-06-26 03:30:31,EARN,0.02055,0,EUR,0,USD
BETH,,2023-06-26 16:47:38,CREDIT,0.0444,75.50444036697247706422018348623853211,EUR,,
BNB,,2023-06-26 16:47:38,EXCHANGE_FEE,-0.0002621,-0.056478943119266055045871559633027523,EUR,,
USDT,,2023-06-26 16:47:38,DEBIT,-81918,-75.131582201834862385321100917431192661,EUR,,
BETH,,2023-06-26 17:07:18,CREDIT,0.2267,383.497023831347387717690192483959670027,EUR,,
BETH,,2023-06-26 17:07:18,EXCHANGE_FEE,-0.0002267,-0.38349702383134738771769019248395967,EUR,,
USDT,,2023-06-26 17:07:18,DEBIT,-418.2615,-383.374427131072410632447296058661778177,EUR,,
BTC,,2023-06-27 06:29:35,EARN,0.00000006,0,EUR,0,USD
USDT,,2023-06-27 06:48:50,EARN,0.02055,0,EUR,0,USD
BTC,,2023-06-28 02:05:04,EARN,0.00000006,0,EUR,0,USD
USDT,,2023-06-28 02:13:15,EARN,0.02055,0,EUR,0,USD
BETH,,2023-06-28 08:35:11,STAKING,0.00003537,0,EUR,0,USD
USDT,,2023-06-29 02:06:10,EARN,0.02055,0,EUR,0,USD
BTC,,2023-06-29 02:08:29,EARN,0.00000006,0,EUR,0,USD
BETH,,2023-06-29 08:34:55,STAKING,0.00003271,0,EUR,0,USD
USDT,,2023-06-30 02:06:14,EARN,0.02055,0,EUR,0,USD
BTC,,2023-06-30 02:10:46,EARN,0.00000006,0,EUR,0,USD
BETH,,2023-06-30 08:35:14,STAKING,0.00003565,0,EUR,0,USD
BTC,,2023-06-30 12:37:00,EARN,0.00004108,0,EUR,0,USD
USDT,,2023-06-30 12:37:30,CREDIT,514.688371,473.05916452205882352941176470588235285,EUR,,
BETH,,2023-06-30 12:37:30,DEBIT,-271,-473.766783088235294117647058823529411765,EUR,,
USDT,,2023-06-30 12:37:30,EXCHANGE_FEE,-0.51468837,-0.473059163602941176470588235294117647,EUR,,
USDT,,2023-06-30 12:37:41,CREDIT,628.2898776,577.472313970588235294117647058823529301,EUR,,
BTC,,2023-06-30 12:37:41,DEBIT,-0.02024,-577.5578875,EUR,,
USDT,,2023-06-30 12:37:41,EXCHANGE_FEE,-0.62828988,-0.577472316176470588235294117647058823,EUR,,
USDT,,2023-07-01 02:13:02,EARN,0.02055,0,EUR,0,USD
BETH,,2023-07-01 08:35:03,STAKING,0.00003593,0,EUR,0,USD
USDT,,2023-07-02 01:35:47,EARN,0.02055,0,EUR,0,USD
USDT,,2023-07-03 02:18:54,EARN,0.02055,0,EUR,0,USD
BETH,,2023-07-03 08:33:47,STAKING,0.00000001,0,EUR,0,USD
USDT,,2023-07-04 02:03:42,EARN,0.02055,0,EUR,0,USD
BETH,,2023-07-04 08:34:10,STAKING,0.00000001,0,EUR,0,USD
USDT,,2023-07-05 02:37:57,EARN,0.02055,0,EUR,0,USD
BETH,,2023-07-05 08:33:42,STAKING,0.00000001,0,EUR,0,USD
USDT,,2023-07-06 02:15:36,EARN,0.02055,0,EUR,0,USD
BETH,,2023-07-06 08:35:04,STAKING,0.00000001,0,EUR,0,USD
USDT,,2023-07-07 02:07:33,EARN,0.02055,0,EUR,0,USD
BETH,,2023-07-07 08:36:08,STAKING,0.00000001,0,EUR,0,USD
USDT,,2023-07-08 02:22:47,EARN,0.02055,0,EUR,0,USD
BETH,,2023-07-08 08:36:11,STAKING,0.00000001,0,EUR,0,USD
USDT,,2023-07-09 02:11:45,EARN,0.02055,0,EUR,0,USD
BETH,,2023-07-09 08:34:56,STAKING,0.00000001,0,EUR,0,USD
USDT,,2023-07-10 02:25:01,EARN,0.02055,0,EUR,0,USD
BETH,,2023-07-10 08:37:35,STAKING,0.00000001,0,EUR,0,USD
USDT,,2023-07-11 02:15:50,EARN,0.02055,0,EUR,0,USD
BETH,,2023-07-11 08:38:09,STAKING,0.00000001,0,EUR,0,USD
USDT,,2023-07-12 02:08:23,EARN,0.02055,0,EUR,0,USD
BETH,,2023-07-12 08:34:43,STAKING,0.00000001,0,EUR,0,USD
USDT,,2023-07-13 02:10:22,EARN,0.02055,0,EUR,0,USD
BETH,,2023-07-13 08:37:17,STAKING,0.00000001,0,EUR,0,USD
USDT,,2023-07-14 01:27:15,EARN,0.02055,0,EUR,0,USD
BETH,,2023-07-14 08:38:10,STAKING,0.00000001,0,EUR,0,USD
USDT,,2023-07-15 02:14:43,EARN,0.02055,0,EUR,0,USD
BETH,,2023-07-15 08:37:00,STAKING,0.00000001,0,EUR,0,USD
USDT,,2023-07-16 02:15:10,EARN,0.02055,0,EUR,0,USD
BETH,,2023-07-16 08:36:57,STAKING,0.00000001,0,EUR,0,USD
USDT,,2023-07-17 02:14:53,EARN,0.02055,0,EUR,0,USD
BETH,,2023-07-17 08:36:04,STAKING,0.00000001,0,EUR,0,USD
USDT,,2023-07-18 02:12:07,EARN,0.02055,0,EUR,0,USD
BETH,,2023-07-18 08:36:17,STAKING,0.00000001,0,EUR,0,USD
USDT,,2023-07-19 02:37:19,EARN,0.02055,0,EUR,0,USD
BETH,,2023-07-19 08:37:05,STAKING,0.00000001,0,EUR,0,USD
USDT,,2023-07-20 02:18:13,EARN,0.02055,0,EUR,0,USD
BETH,,2023-07-20 08:35:54,STAKING,0.00000001,0,EUR,0,USD
USDT,,2023-07-21 02:14:31,EARN,0.02055,0,EUR,0,USD
BETH,,2023-07-21 08:35:18,STAKING,0.00000001,0,EUR,0,USD
USDT,,2023-07-22 01:32:11,EARN,0.02055,0,EUR,0,USD
BETH,,2023-07-22 08:35:09,STAKING,0.00000001,0,EUR,0,USD
USDT,,2023-07-23 02:03:01,EARN,0.02055,0,EUR,0,USD
BETH,,2023-07-23 08:34:48,STAKING,0.00000001,0,EUR,0,USD
USDT,,2023-07-24 02:06:28,EARN,0.02055,0,EUR,0,USD
BTC,,2023-07-24 09:50:09,CREDIT,27,710.694439421338155515370705244122965642,EUR,,
BTC,,2023-07-24 09:50:09,EXCHANGE_FEE,-0.000027,-0.710694439421338155515370705244122966,EUR,,
USDT,,2023-07-24 09:50:09,DEBIT,-791.1,-713.13444846292947558770343580470162785,EUR,,
BETH,,2023-07-24 16:31:02,CREDIT,0.1216,202.576144665461121157323688969258589512,EUR,,
BNB,,2023-07-24 16:31:02,EXCHANGE_FEE,-0.00003269,-0.006997019620253164556962025316455696,EUR,,
BETH,,2023-07-24 16:31:02,EXCHANGE_FEE,-0.000116,-0.193246980108499095840867992766726944,EUR,,
USDT,,2023-07-24 16:31:02,DEBIT,-224.13702,-202.615002347197106690777576853526220562,EUR,,
BTC,,2023-07-24 16:32:07,CREDIT,0.00257,67.609891591320072332730560578661844485,EUR,,
BTC,,2023-07-24 16:32:07,EXCHANGE_FEE,-0.00000257,-0.067609891591320072332730560578661844,EUR,,
USDT,,2023-07-24 16:32:07,DEBIT,-74.7798811,-67.599389804502712477396021699819168156,EUR,,
USDT,,2023-07-25 03:15:03,EARN,0.02055,0,EUR,0,USD
BETH,,2023-07-25 08:36:25,STAKING,0.00000001,0,EUR,0,USD
BTC,,2023-07-26 02:31:31,EARN,0.00000006,0,EUR,0,USD
USDT,,2023-07-26 02:35:28,EARN,0.02055,0,EUR,0,USD
BETH,,2023-07-26 08:36:44,STAKING,0.00001443,0,EUR,0,USD
BTC,,2023-07-26 22:11:00,EARN,0.00000035,0,EUR,0,USD
BNB,,2023-07-26 22:12:14,CREDIT,0.05,10.794037940379403794037940379403794038,EUR,,
BNB,,2023-07-26 22:12:14,EXCHANGE_FEE,-0.0000375,-0.008095528455284552845528455284552846,EUR,,
BTC,,2023-07-26 22:12:14,DEBIT,-0.00040515,-10.797082804878048780487804878048780488,EUR,,
USDT,,2023-07-26 22:15:57,CREDIT,859.16022,776.115826558265582655826558265582655511,EUR,,
BNB,,2023-07-26 22:15:57,EXCHANGE_FEE,-0.0026961,-0.582304018970189701897018970189701897,EUR,,
BTC,,2023-07-26 22:15:57,DEBIT,-0.02913,-776.38396991869918699186991869918699187,EUR,,
USDT,,2023-07-26 22:20:24,CREDIT,186.90939,168.843170731707317073170731707317073102,EUR,,
BNB,,2023-07-26 22:20:24,EXCHANGE_FEE,-0.00058604,-0.126620638843721770551038843721770551,EUR,,
BETH,,2023-07-26 22:20:24,DEBIT,-0.1,-168.925925925925925925925925925925925926,EUR,,
USDT,,2023-07-27 02:06:11,EARN,0.02055,0,EUR,0,USD
BETH,,2023-07-27 08:35:54,STAKING,0.00001357,0,EUR,0,USD
USDT,,2023-07-28 02:23:26,EARN,0.02055,0,EUR,0,USD
BETH,,2023-07-28 08:36:01,STAKING,0.00000261,0,EUR,0,USD
USDT,,2023-07-29 02:06:05,EARN,0.02055,0,EUR,0,USD
BETH,,2023-07-29 08:35:46,STAKING,0.00000259,0,EUR,0,USD
USDT,,2023-07-30 02:03:30,EARN,0.02055,0,EUR,0,USD
BETH,,2023-07-30 08:36:09,STAKING,0.00000233,0,EUR,0,USD
USDT,,2023-07-31 02:03:48,EARN,0.02055,0,EUR,0,USD
BETH,,2023-07-31 08:36:27,STAKING,0.00000329,0,EUR,0,USD
USDT,,2023-08-01 02:02:27,EARN,0.02055,0,EUR,0,USD
BETH,,2023-08-01 06:11:29,CREDIT,0.0273,45.414878980891719745222929936305732484,EUR,,
BNB,,2023-08-01 06:11:29,EXCHANGE_FEE,-0.00015544,-0.034032732302092811646951774340309372,EUR,,
USDT,,2023-08-01 06:11:29,DEBIT,-49.909041,-45.404057499363057324840764331210191072,EUR,,
BTC,,2023-08-01 06:11:39,CREDIT,0.00346,91.03099435850773430391264786169244768,EUR,,
BNB,,2023-08-01 06:11:39,EXCHANGE_FEE,-0.00031174,-0.068253756869881710646041856232939035,EUR,,
USDT,,2023-08-01 06:11:39,DEBIT,-100.07185,-91.038976915377616014558689717925386693,EUR,,
BETH,,2023-08-01 08:35:31,STAKING,0.00000229,0,EUR,0,USD
USDT,,2023-08-02 02:06:42,EARN,0.0102725,0,EUR,0,USD
BETH,,2023-08-02 08:35:50,STAKING,0.00000332,0,EUR,0,USD
BTC,,2023-08-03 02:01:11,EARN,0.00000002,0,EUR,0,USD
USDT,,2023-08-03 02:08:49,EARN,0.0102725,0,EUR,0,USD
BTC,,2023-08-03 06:18:36,DEPOSIT,0.00177655,47.262817025570776255707762557077625571,EUR,,
BETH,,2023-08-03 08:35:37,STAKING,0.00000747,0,EUR,0,USD
BTC,,2023-08-04 02:03:50,EARN,0.00000002,0,EUR,0,USD
USDT,,2023-08-04 02:09:36,EARN,0.0102725,0,EUR,0,USD
BETH,,2023-08-04 08:35:06,STAKING,0.00000577,0,EUR,0,USD
BTC,,2023-08-05 03:30:05,EARN,0.00000003,0,EUR,0,USD
USDT,,2023-08-05 03:31:18,EARN,0.0102725,0,EUR,0,USD
BETH,,2023-08-05 08:34:32,STAKING,0.00000521,0,EUR,0,USD
BTC,,2023-08-06 02:01:38,EARN,0.00000003,0,EUR,0,USD
USDT,,2023-08-06 02:13:43,EARN,0.0102725,0,EUR,0,USD
BETH,,2023-08-06 08:34:31,STAKING,0.00000545,0,EUR,0,USD
BTC,,2023-08-06 11:31:54,CREDIT,0.00529,140.415216544789762340036563071297989031,EUR,,
BNB,,2023-08-06 11:31:54,EXCHANGE_FEE,-0.00047181,-0.105299021572212065813528336380255941,EUR,,
USDT,,2023-08-06 11:31:54,DEBIT,-153.7803,-140.426434826325411334552102376599634361,EUR,,
BTC,,2023-08-07 02:01:45,EARN,0.00000003,0,EUR,0,USD
USDT,,2023-08-07 02:08:45,EARN,0.0102725,0,EUR,0,USD
BETH,,2023-08-07 09:05:14,STAKING,0.0000051,0,EUR,0,USD
BETH,,2023-08-07 16:00:41,CREDIT,0.2767,458.573341864716636197440585009140767824,EUR,,
BNB,,2023-08-07 16:00:41,EXCHANGE_FEE,-0.00156556,-0.34409406032906764168190127970749543,EUR,,
USDT,,2023-08-07 16:00:41,DEBIT,-500.2736,-456.511092212065813528336380255941499206,EUR,,
USDT,,2023-08-08 02:14:24,EARN,0.0102725,0,EUR,0,USD
BTC,,2023-08-08 02:14:36,EARN,0.00000006,0,EUR,0,USD
BETH,,2023-08-08 08:35:03,STAKING,0.00000617,0,EUR,0,USD
USDT,,2023-08-08 16:07:55,CREDIT,147.87495,136.055847182320441988950276243093922715,EUR,,
BNB,,2023-08-08 16:07:55,EXCHANGE_FEE,-0.00045267,-0.102054993370165745856353591160220994,EUR,,
BTC,,2023-08-08 16:07:55,DEBIT,-5,-136.058701657458563535911602209944751381,EUR,,
BTC,,2023-08-08 21:39:00,EARN,0.00000017,0,EUR,0,USD
USDT,,2023-08-08 21:40:19,CREDIT,165.3942262,151.444768111153846153846153846153846098,EUR,,
BNB,,2023-08-08 21:40:19,EXCHANGE_FEE,-0.00050424,-0.113680261538461538461538461538461538,EUR,,
BTC,,2023-08-08 21:40:19,DEBIT,-0.00553,-151.57846474358974358974358974358974359,EUR,,
USDT,,2023-08-08 21:40:42,CREDIT,606.01649,554.904659662087912087912087912087911881,EUR,,
BNB,,2023-08-08 21:40:42,EXCHANGE_FEE,-0.00184757,-0.416532287820512820512820512820512821,EUR,,
BETH,,2023-08-08 21:40:42,DEBIT,-0.3256,-554.906483516483516483516483516483516484,EUR,,
USDT,,2023-08-09 02:06:55,EARN,0.0102725,0,EUR,0,USD
BETH,,2023-08-09 08:33:46,STAKING,0.00003734,0,EUR,0,USD
BTC,,2023-08-09 17:00:37,CREDIT,0.00653,175.961474680073126142595978062157221207,EUR,,
BNB,,2023-08-09 17:00:37,EXCHANGE_FEE,-0.00059485,-0.132014288391224862888482632541133455,EUR,,
USDT,,2023-08-09 17:00:37,DEBIT,-192635,-175.94231444241316270566727605118829979,EUR,,
USDT,,2023-08-10 02:11:30,EARN,0.0102725,0,EUR,0,USD
USDT,,2023-08-11 02:04:56,EARN,0.0102725,0,EUR,0,USD
BTC,,2023-08-11 02:05:54,EARN,0.00000004,0,EUR,0,USD
BETH,,2023-08-11 08:33:53,STAKING,0.00000001,0,EUR,0,USD
BTC,,2023-08-12 02:03:46,EARN,0.00000004,0,EUR,0,USD
USDT,,2023-08-12 02:11:50,EARN,0.0102725,0,EUR,0,USD
BTC,,2023-08-13 02:08:05,EARN,0.00000004,0,EUR,0,USD
USDT,,2023-08-13 02:14:21,EARN,0.0102725,0,EUR,0,USD
BTC,,2023-08-13 08:13:08,CREDIT,0.00275,74.000737179487179487179487179487179487,EUR,,
BNB,,2023-08-13 08:13:08,EXCHANGE_FEE,-0.00025229,-0.05549224826007326007326007326007326,EUR,,
USDT,,2023-08-13 08:13:08,DEBIT,-80.84769,-74.006731615384615384615384615384615416,EUR,,
BETH,,2023-08-13 08:33:57,STAKING,0.00000001,0,EUR,0,USD
BTC,,2023-08-14 00:45:25,CREDIT,0.00831,223.067489531680440771349862258953168044,EUR,,
BNB,,2023-08-14 00:45:25,EXCHANGE_FEE,-0.00075987,-0.167338864462809917355371900826446281,EUR,,
USDT,,2023-08-14 00:45:25,DEBIT,-243.0675,-223.023917355371900826446280991735537294,EUR,,
USDT,,2023-08-14 02:12:16,EARN,0.0102725,0,EUR,0,USD
BTC,,2023-08-14 02:14:51,EARN,0.00000004,0,EUR,0,USD
BTC,,2023-08-15 02:08:41,EARN,0.00000006,0,EUR,0,USD
USDT,,2023-08-15 02:09:50,EARN,0.0102725,0,EUR,0,USD
BETH,,2023-08-15 08:33:38,STAKING,0.00000001,0,EUR,0,USD
USDT,,2023-08-16 02:05:09,EARN,0.0102725,0,EUR,0,USD
BTC,,2023-08-16 02:13:48,EARN,0.00000006,0,EUR,0,USD
BETH,,2023-08-16 08:35:32,STAKING,0.00000001,0,EUR,0,USD
BTC,,2023-08-16 20:29:45,CREDIT,0.0051,135.645515625,EUR,,
BNB,,2023-08-16 20:29:45,EXCHANGE_FEE,-0.00047698,-0.102228179024839006439742410303587856,EUR,,
USDT,,2023-08-16 20:29:45,DEBIT,-147645,-135.526710937499999999999999999999999948,EUR,,
BTC,,2023-08-16 20:42:48,CREDIT,0.00501,132.998446642134314627414903403863845446,EUR,,
BNB,,2023-08-16 20:42:48,EXCHANGE_FEE,-0.00046752,-0.099761972401103955841766329346826127,EUR,,
USDT,,2023-08-16 20:42:48,DEBIT,-144789,-133.120631646734130634774609015639374474,EUR,,
BTC,,2023-08-17 00:38:27,CREDIT,0.00379,99.910885188592456301747930082796688132,EUR,,
BNB,,2023-08-17 00:38:27,EXCHANGE_FEE,-0.00035314,-0.074868281399631675874769797421731123,EUR,,
USDT,,2023-08-17 00:38:27,DEBIT,-108394,-99.690540699815837937384898710865561727,EUR,,
USDT,,2023-08-17 02:27:11,EARN,0.0102725,0,EUR,0,USD
BTC,,2023-08-17 02:33:29,EARN,0.00000006,0,EUR,0,USD
BETH,,2023-08-17 08:34:53,STAKING,0.00000001,0,EUR,0,USD
BETH,,2023-08-17 15:39:57,CREDIT,0.2227,355.58176795580110497237569060773480663,EUR,,
BTC,,2023-08-17 15:39:57,CREDIT,0.04137,1069.772963812154696132596685082872928177,EUR,,
BNB,,2023-08-17 15:39:57,EXCHANGE_FEE,-0.00513691,-1.071324812062615101289134438305709024,EUR,,
USDT,,2023-08-17 15:39:57,DEBIT,-1549995,-1425.538679558011049723756906077348066772,EUR,,
USDT,,2023-08-18 02:29:47,EARN,0.0102725,0,EUR,0,USD
BTC,,2023-08-18 02:34:52,EARN,0.00000006,0,EUR,0,USD
BETH,,2023-08-18 07:13:27,CREDIT,148,230.86633425669436749769159741458910434,EUR,,
BNB,,2023-08-18 07:13:27,EXCHANGE_FEE,-0.00085715,-0.17305249076638965835641735918744229,EUR,,
USDT,,2023-08-18 07:13:27,DEBIT,-249.938848,-230.950887458780036968576709796672828002,EUR,,
BTC,,2023-08-18 07:13:37,CREDIT,0.01698,415.568708317929759704251386321626617375,EUR,,
BNB,,2023-08-18 07:13:37,EXCHANGE_FEE,-0.00154269,-0.31145814265927977839335180055401662,EUR,,
USDT,,2023-08-18 07:13:37,DEBIT,-449.8317828,-415.657871019815157116451016635859519239,EUR,,
BETH,,2023-08-18 08:34:55,STAKING,0.00000001,0,EUR,0,USD
BTC,,2023-08-18 17:37:08,CREDIT,0.00771,184.891856839186691312384473197781885397,EUR,,
BNB,,2023-08-18 17:37:08,EXCHANGE_FEE,-0.00069276,-0.138366324953789279112754158964879852,EUR,,
USDT,,2023-08-18 17:37:08,DEBIT,-200.0690259,-184.814224941820702402957486136783733758,EUR,,
BTC,,2023-08-19 02:13:01,EARN,0.00000006,0,EUR,0,USD
USDT,,2023-08-19 02:15:53,EARN,0.0102725,0,EUR,0,USD
BETH,,2023-08-19 08:35:31,STAKING,0.00002327,0,EUR,0,USD
USDT,,2023-08-20 02:07:37,EARN,0.0102725,0,EUR,0,USD
BTC,,2023-08-20 02:11:27,EARN,0.00000006,0,EUR,0,USD
BETH,,2023-08-20 08:34:55,STAKING,0.00003674,0,EUR,0,USD
USDT,,2023-08-21 02:09:45,EARN,0.0102725,0,EUR,0,USD
BTC,,2023-08-21 02:11:34,EARN,0.00000006,0,EUR,0,USD
BETH,,2023-08-21 08:34:53,STAKING,0.0000402,0,EUR,0,USD
BTC,,2023-08-22 02:01:27,EARN,0.00000006,0,EUR,0,USD
USDT,,2023-08-22 02:09:50,EARN,0.0102725,0,EUR,0,USD
BETH,,2023-08-22 08:35:14,STAKING,0.00004297,0,EUR,0,USD
BETH,,2023-08-22 20:15:48,CREDIT,0.0063,9.460170664206642066420664206642066421,EUR,,
BNB,,2023-08-22 20:15:48,EXCHANGE_FEE,-0.00003678,-0.007091346863468634686346863468634686,EUR,,
USDT,,2023-08-22 20:15:48,DEBIT,-10.250415,-9.452319957564575645756457564575645754,EUR,,
BETH,,2023-08-22 21:26:31,CREDIT,0.18,265.755124653739612188365650969529085873,EUR,,
BNB,,2023-08-22 21:26:31,EXCHANGE_FEE,-0.00104504,-0.200941024561403508771929824561403509,EUR,,
USDT,,2023-08-22 21:26:31,DEBIT,-289.8,-267.482991689750692520775623268698060992,EUR,,
USDT,,2023-08-23 02:02:57,EARN,0.0102725,0,EUR,0,USD
BTC,,2023-08-23 02:04:02,EARN,0.00000006,0,EUR,0,USD
BETH,,2023-08-23 08:34:44,STAKING,0.00003913,0,EUR,0,USD
USDT,,2023-08-23 19:05:43,CREDIT,251565,231.787585714285714285714285714285714163,EUR,,
BNB,,2023-08-23 19:05:43,EXCHANGE_FEE,-0.00086825,-0.173706016129032258064516129032258065,EUR,,
BETH,,2023-08-23 19:05:43,DEBIT,-0.15,-231.573732718894009216589861751152073733,EUR,,
BTC,,2023-08-24 02:26:28,EARN,0.00000006,0,EUR,0,USD
USDT,,2023-08-24 02:32:39,EARN,0.0102725,0,EUR,0,USD
BETH,,2023-08-24 08:34:52,STAKING,0.00006066,0,EUR,0,USD
BETH,,2023-08-24 21:34:59,CREDIT,0.0193,29.446056377079482439926062846580406654,EUR,,
BNB,,2023-08-24 21:34:59,EXCHANGE_FEE,-0.00010943,-0.021957807116451016635859519408502773,EUR,,
USDT,,2023-08-24 21:34:59,DEBIT,-31.859668,-29.433386444362292051756007393715341959,EUR,,
BTC,,2023-08-24 21:35:09,CREDIT,0.00598,144.105122550831792975970425138632162662,EUR,,
BNB,,2023-08-24 21:35:09,EXCHANGE_FEE,-0.00053841,-0.108060180776340110905730129390018484,EUR,,
USDT,,2023-08-24 21:35:09,DEBIT,-155.9597156,-144.082561657818853974121996303142329017,EUR,,
USDT,,2023-08-25 03:22:14,EARN,0.0102725,0,EUR,0,USD
BTC,,2023-08-25 03:29:10,EARN,0.00000006,0,EUR,0,USD
BETH,,2023-08-25 08:34:55,STAKING,0.00004456,0,EUR,0,USD
BTC,,2023-08-26 02:06:31,EARN,0.00000006,0,EUR,0,USD
USDT,,2023-08-26 02:09:38,EARN,0.0102725,0,EUR,0,USD
BETH,,2023-08-26 08:33:36,STAKING,0.0000466,0,EUR,0,USD
BTC,,2023-08-27 02:33:35,EARN,0.00000006,0,EUR,0,USD
USDT,,2023-08-27 02:34:06,EARN,0.0102725,0,EUR,0,USD
BETH,,2023-08-27 08:33:37,STAKING,0.00004094,0,EUR,0,USD
BTC,,2023-08-28 02:06:48,EARN,0.00000006,0,EUR,0,USD
USDT,,2023-08-28 02:12:03,EARN,0.0102725,0,EUR,0,USD
BTC,,2023-08-28 08:19:46,CREDIT,0.00385,92.364672685185185185185185185185185185,EUR,,
BNB,,2023-08-28 08:19:46,EXCHANGE_FEE,-0.00034671,-0.069287425277777777777777777777777778,EUR,,
USDT,,2023-08-28 08:19:46,DEBIT,-99.812559,-92.363584689444444444444444444444444407,EUR,,
BETH,,2023-08-28 08:34:18,STAKING,0.00003984,0,EUR,0,USD
BTC,,2023-08-29 02:04:29,EARN,0.00000006,0,EUR,0,USD
USDT,,2023-08-29 02:07:27,EARN,0.0102725,0,EUR,0,USD
BETH,,2023-08-29 08:35:49,STAKING,0.00004909,0,EUR,0,USD
USDT,,2023-08-29 14:43:22,CREDIT,192.48572,177.624690147058823529411764705882352952,EUR,,
BNB,,2023-08-29 14:43:22,EXCHANGE_FEE,-0.00061985,-0.132897435202205882352941176470588235,EUR,,
BTC,,2023-08-29 14:43:22,DEBIT,-7,-177.745791896869244935543278084714548803,EUR,,
USDT,,2023-08-29 14:43:36,CREDIT,44.91162,41.444178750000000000000000000000000003,EUR,,
BNB,,2023-08-29 14:43:36,EXCHANGE_FEE,-0.00014462,-0.031006900183823529411764705882352941,EUR,,
BETH,,2023-08-29 14:43:36,DEBIT,-26,-41.424033149171270718232044198895027624,EUR,,
USDT,,2023-08-29 16:54:34,CREDIT,139.76635,128.826994797421731123388581952117863714,EUR,,
BNB,,2023-08-29 16:54:34,EXCHANGE_FEE,-0.00045795,-0.096464679558011049723756906077348066,EUR,,
BTC,,2023-08-29 16:54:34,DEBIT,-5,-128.48784530386740331491712707182320442,EUR,,
BTC,,2023-08-30 02:31:31,EARN,0.00000006,0,EUR,0,USD
USDT,,2023-08-30 02:34:38,EARN,0.0102725,0,EUR,0,USD
BETH,,2023-08-30 08:35:36,STAKING,0.0000461,0,EUR,0,USD
BTC,,2023-08-30 14:50:30,CREDIT,0.00278,68.946647619047619047619047619047619048,EUR,,
BNB,,2023-08-30 14:50:30,EXCHANGE_FEE,-0.00025448,-0.05184214358974358974358974358974359,EUR,,
USDT,,2023-08-30 14:50:30,DEBIT,-75338,-68.956347069597069597069597069597069594,EUR,,
BTC,,2023-08-31 02:21:41,EARN,0.00000006,0,EUR,0,USD
USDT,,2023-08-31 02:22:56,EARN,0.0102725,0,EUR,0,USD
BETH,,2023-08-31 08:36:17,STAKING,0.00004145,0,EUR,0,USD
WBETH,,2023-08-31 13:59:22,CREDIT,0.39509736,629.526648867096774193548387096774193548,EUR,,
BETH,,2023-08-31 13:59:22,DEBIT,-0.4009,-631.639528159024903225806451612903225807,EUR,,
BTC,,2023-08-31 15:42:01,CREDIT,0.01394,346.42275996309963099630996309963099631,EUR,,
BNB,,2023-08-31 15:42:01,EXCHANGE_FEE,-0.00127313,-0.260169518081180811808118081180811808,EUR,,
USDT,,2023-08-31 15:42:01,DEBIT,-374.3587,-345.694703597785977859778597785977859878,EUR,,
ETH,,2023-08-31 16:21:24,CREDIT,0.0371,57.626156826568265682656826568265682657,EUR,,
BNB,,2023-08-31 16:21:24,EXCHANGE_FEE,-0.00021207,-0.043184807933579335793357933579335793,EUR,,
USDT,,2023-08-31 16:21:24,DEBIT,-62.495692,-57.652852398523985239852398523985239838,EUR,,
BETH,,2023-08-31 16:21:45,CREDIT,0.0371,57.662435424354243542435424354243542435,EUR,,
ETH,,2023-08-31 16:21:45,DEBIT,-0.0371,-57.626156826568265682656826568265682657,EUR,,
WBETH,,2023-08-31 16:22:03,CREDIT,0.03656301,56.66591955719557195571955719557195572,EUR,,
BETH,,2023-08-31 16:22:03,DEBIT,-0.0371,-57.662435424354243542435424354243542435,EUR,,
BTC,,2023-08-31 16:59:27,CREDIT,0.00714,172.805718265682656826568265682656826568,EUR,,
BNB,,2023-08-31 16:59:27,EXCHANGE_FEE,-0.00064518,-0.129559762361623616236162361623616236,EUR,,
USDT,,2023-08-31 16:59:27,DEBIT,-187.4964,-172.961282181557712177121771217712177116,EUR,,
BTC,,2023-08-31 19:13:33,CREDIT,0.0249,598.102130875576036866359447004608294931,EUR,,
BNB,,2023-08-31 19:13:33,EXCHANGE_FEE,-0.00226198,-0.451186830967741935483870967741935484,EUR,,
USDT,,2023-08-31 19:13:33,DEBIT,-649.89,-598.737367741935483870967741935483870758,EUR,,
USDT,,2023-09-01 02:02:40,EARN,0.9605247,0,EUR,0,USD
USDT,,2023-09-01 03:22:11,EARN,0.0102725,0,EUR,0,USD
BTC,,2023-09-01 03:25:04,EARN,0.00000006,0,EUR,0,USD
BETH,,2023-09-01 08:34:49,STAKING,0.00004248,0,EUR,0,USD
WBETH,,2023-09-01 17:12:26,CREDIT,0.0304,45.863636025998142989786443825441039926,EUR,,
BNB,,2023-09-01 17:12:26,EXCHANGE_FEE,-0.00017597,-0.034772456267409470752089136490250696,EUR,,
USDT,,2023-09-01 17:12:26,DEBIT,-49856,-46.277663138347260909935004642525533883,EUR,,
WBETH,,2023-09-01 17:14:02,CREDIT,0.0077,11.627572490706319702602230483271375465,EUR,,
BNB,,2023-09-01 17:14:02,EXCHANGE_FEE,-0.00004449,-0.008787188475836431226765799256505576,EUR,,
USDT,,2023-09-01 17:14:02,DEBIT,-12628,-11.707257142857142857142857142857142856,EUR,,
USDT,,2023-09-02 02:02:25,EARN,0.04699411,0,EUR,0,USD
USDT,,2023-09-02 03:24:16,EARN,0.02055,0,EUR,0,USD
BTC,,2023-09-02 03:24:47,EARN,0.00000006,0,EUR,0,USD
USDT,,2023-09-03 03:23:46,EARN,0.02055,0,EUR,0,USD
BTC,,2023-09-03 03:26:39,EARN,0.00000006,0,EUR,0,USD
BTC,,2023-09-04 02:01:23,EARN,0.00000006,0,EUR,0,USD
USDT,,2023-09-04 02:08:16,EARN,0.0102725,0,EUR,0,USD
BTC,,2023-09-05 02:07:07,EARN,0.00000006,0,EUR,0,USD
USDT,,2023-09-05 02:09:55,EARN,0.0102725,0,EUR,0,USD
BTC,,2023-09-05 06:18:18,CREDIT,0.00217,51.793793506493506493506493506493506494,EUR,,
BNB,,2023-09-05 06:18:18,EXCHANGE_FEE,-0.00019488,-0.038844031168831168831168831168831169,EUR,,
USDT,,2023-09-05 06:18:18,DEBIT,-55.8540423,-51.786748867207792207792207792207792186,EUR,,
USDT,,2023-09-06 02:02:05,EARN,0.04189501,0,EUR,0,USD
USDT,,2023-09-06 02:07:43,EARN,0.0102725,0,EUR,0,USD
BTC,,2023-09-06 02:11:21,EARN,0.00000006,0,EUR,0,USD
USDT,,2023-09-07 02:02:10,EARN,0.0102725,0,EUR,0,USD
BTC,,2023-09-07 02:08:59,EARN,0.00000006,0,EUR,0,USD
BTC,,2023-09-08 02:01:20,EARN,0.00000006,0,EUR,0,USD
USDT,,2023-09-08 02:04:14,EARN,0.0102725,0,EUR,0,USD
BTC,,2023-09-09 02:23:09,EARN,0.00000006,0,EUR,0,USD
USDT,,2023-09-09 02:28:34,EARN,0.0102725,0,EUR,0,USD
BTC,,2023-09-10 02:25:26,EARN,0.00000006,0,EUR,0,USD
USDT,,2023-09-10 02:32:51,EARN,0.0102725,0,EUR,0,USD
USDT,,2023-09-11 02:26:39,EARN,0.0102725,0,EUR,0,USD
BTC,,2023-09-11 02:27:31,EARN,0.00000006,0,EUR,0,USD
BTC,,2023-09-11 11:29:31,CREDIT,0.00072,17.210229850746268656716417910447761194,EUR,,
BNB,,2023-09-11 11:29:31,EXCHANGE_FEE,-0.00006689,-0.012914387406716417910447761194029851,EUR,,
USDT,,2023-09-11 11:29:31,DEBIT,-18.4495608,-17.206969111791044776119402985074626863,EUR,,
WBETH,,2023-09-11 11:30:16,CREDIT,0.0345,51.839146455223880597014925373134328358,EUR,,
BNB,,2023-09-11 11:30:16,EXCHANGE_FEE,-0.0002015,-0.038941002798507462686567164179104478,EUR,,
USDT,,2023-09-11 11:30:16,DEBIT,-55.842045,-52.07583245009328358208955223880597016,EUR,,
WBETH,,2023-09-11 14:46:41,CREDIT,0.0299,44.161436160298229263746505125815470643,EUR,,
BNB,,2023-09-11 14:46:41,EXCHANGE_FEE,-0.00017342,-0.033195236126629422718808193668528864,EUR,,
USDT,,2023-09-11 14:46:41,DEBIT,-47242,-44.027958993476234855545200372786579665,EUR,,
WBETH,,2023-09-11 14:47:50,CREDIT,0.0888,131.032916201117318435754189944134078212,EUR,,
BNB,,2023-09-11 14:47:50,EXCHANGE_FEE,-0.00051504,-0.098212469273743016759776536312849162,EUR,,
USDT,,2023-09-11 14:47:50,DEBIT,-140304,-130.636871508379888268156424581005586628,EUR,,
BTC,,2023-09-11 14:48:27,CREDIT,12,279.978547486033519553072625698324022346,EUR,,
BNB,,2023-09-11 14:48:27,EXCHANGE_FEE,-0.00110131,-0.21000771694599627560521415270018622,EUR,,
USDT,,2023-09-11 14:48:27,DEBIT,-300.6,-279.888268156424581005586592178770949797,EUR,,
USDT,,2023-09-12 02:06:34,EARN,0.0102725,0,EUR,0,USD
BTC,,2023-09-12 02:07:41,EARN,0.00000006,0,EUR,0,USD
BETH,,2023-09-12 08:36:45,STAKING,0.00000001,0,EUR,0,USD
USDT,,2023-09-12 16:54:26,CREDIT,313.61388,292.550261194029850746268656716417910499,EUR,,
BNB,,2023-09-12 16:54:26,EXCHANGE_FEE,-0.00110895,-0.219379688899253731343283582089552239,EUR,,
BTC,,2023-09-12 16:54:26,DEBIT,-12,-292.694776119402985074626865671641791045,EUR,,
USDT,,2023-09-12 16:55:57,CREDIT,97.4892,90.941417910447761194029850746268656732,EUR,,
BNB,,2023-09-12 16:55:57,EXCHANGE_FEE,-0.00034488,-0.06816205746268656716417910447761194,EUR,,
WBETH,,2023-09-12 16:55:57,DEBIT,-0.06,-90.792537313432835820895522388059701493,EUR,,
USDT,,2023-09-12 16:57:13,CREDIT,102.042029,95.188459888059701492537313432835820912,EUR,,
BNB,,2023-09-12 16:57:13,EXCHANGE_FEE,-0.00036116,-0.071379635447761194029850746268656716,EUR,,
WBETH,,2023-09-12 16:57:13,DEBIT,-0.0629,-95.180843283582089552238805970149253731,EUR,,
BTC,,2023-09-13 02:21:28,EARN,0.00000006,0,EUR,0,USD
USDT,,2023-09-13 02:21:58,EARN,0.0102725,0,EUR,0,USD
BTC,,2023-09-14 02:01:31,EARN,0.00000006,0,EUR,0,USD
USDT,,2023-09-14 02:12:12,EARN,0.0102725,0,EUR,0,USD
USDT,,2023-09-14 11:41:09,CREDIT,164.723589,153.516858341099720410065237651444547934,EUR,,
BNB,,2023-09-14 11:41:09,EXCHANGE_FEE,-0.0005819,-0.115186915191053122087604846225535881,EUR,,
WBETH,,2023-09-14 11:41:09,DEBIT,-0.1,-153.753960857409133271202236719478098788,EUR,,
USDT,,2023-09-14 11:47:26,CREDIT,388.01532,361.617260018639328984156570363466915044,EUR,,
BNB,,2023-09-14 11:47:26,EXCHANGE_FEE,-0.00136881,-0.271070304659832246039142590866728798,EUR,,
BTC,,2023-09-14 11:47:26,DEBIT,-0.0147,-361.732476234855545200372786579683131407,EUR,,
BTC,,2023-09-15 02:29:12,EARN,0.00000006,0,EUR,0,USD
USDT,,2023-09-15 02:32:24,EARN,0.0102725,0,EUR,0,USD
BETH,,2023-09-15 08:35:51,STAKING,0.00000001,0,EUR,0,USD
BTC,,2023-09-16 02:21:13,EARN,0.00000006,0,EUR,0,USD
USDT,,2023-09-16 02:22:02,EARN,0.0102725,0,EUR,0,USD
BTC,,2023-09-17 02:23:39,EARN,0.00000006,0,EUR,0,USD
USDT,,2023-09-17 02:33:24,EARN,0.0102725,0,EUR,0,USD
USDT,,2023-09-18 02:02:05,EARN,0.0102725,0,EUR,0,USD
BTC,,2023-09-18 02:05:30,EARN,0.00000006,0,EUR,0,USD
USDT,,2023-09-18 12:38:21,CREDIT,336.639561,315.500994376757263355201499531396438742,EUR,,
BNB,,2023-09-18 12:38:21,EXCHANGE_FEE,-0.00114295,-0.236655992033739456419868791002811621,EUR,,
BTC,,2023-09-18 12:38:21,DEBIT,-0.0123,-315.817658856607310215557638238050609185,EUR,,
BTC,,2023-09-19 05:03:16,EARN,0.00000006,0,EUR,0,USD
USDT,,2023-09-19 05:04:03,EARN,0.0102725,0,EUR,0,USD
BTC,,2023-09-20 02:21:35,EARN,0.00000006,0,EUR,0,USD
USDT,,2023-09-20 02:31:00,EARN,0.0102725,0,EUR,0,USD
USDT,,2023-09-21 02:26:47,EARN,0.0102725,0,EUR,0,USD
BTC,,2023-09-21 02:32:12,EARN,0.00000006,0,EUR,0,USD
BTC,,2023-09-22 02:21:28,EARN,0.00000006,0,EUR,0,USD
USDT,,2023-09-22 02:33:34,EARN,0.0102725,0,EUR,0,USD
BETH,,2023-09-22 08:36:50,STAKING,0.00000001,0,EUR,0,USD
BTC,,2023-09-23 02:11:38,EARN,0.00000006,0,EUR,0,USD
USDT,,2023-09-23 02:12:47,EARN,0.0102725,0,EUR,0,USD
BNB,,2023-09-23 05:35:56,CREDIT,0.00290821,0.57623010545112781954887218045112782,EUR,,
ETH,,2023-09-23 05:35:56,DEBIT,-0.00008736,-0.130860189473684210526315789473684211,EUR,,
BETH,,2023-09-23 05:35:56,DEBIT,-0.00009036,-0.135263145112781954887218045112781955,EUR,,
BUSD,,2023-09-23 05:35:56,DEBIT,-0.113867,-0.1070576727113716875,EUR,,
EUR,,2023-09-23 05:35:56,DEBIT,-0.2151541,-0.2151541,EUR,,
USDT,,2023-09-24 02:24:37,EARN,0.0102725,0,EUR,0,USD
BTC,,2023-09-24 02:27:49,EARN,0.00000006,0,EUR,0,USD
USDT,,2023-09-25 02:04:52,EARN,0.0102725,0,EUR,0,USD
BTC,,2023-09-25 02:05:43,EARN,0.00000006,0,EUR,0,USD
BTC,,2023-09-26 02:27:56,EARN,0.00000006,0,EUR,0,USD
USDT,,2023-09-26 02:29:11,EARN,0.0102725,0,EUR,0,USD
USDT,,2023-09-27 02:29:05,EARN,0.0102725,0,EUR,0,USD
BTC,,2023-09-27 02:29:54,EARN,0.00000006,0,EUR,0,USD
USDT,,2023-09-27 11:11:18,CREDIT,65.7876,62.25525443181818181818181818181818183,EUR,,
BNB,,2023-09-27 11:11:18,EXCHANGE_FEE,-0.00023023,-0.046737126041666666666666666666666667,EUR,,
WBETH,,2023-09-27 11:11:18,DEBIT,-0.04,-62.74696969696969696969696969696969697,EUR,,
USDT,,2023-09-27 11:12:00,CREDIT,264.8936,250.670619772727272727272727272727272775,EUR,,
BNB,,2023-09-27 11:12:00,EXCHANGE_FEE,-0.00092706,-0.188194935795454545454545454545454545,EUR,,
BTC,,2023-09-27 11:12:00,DEBIT,-0.01,-250.687121212121212121212121212121212121,EUR,,
USDT,,2023-09-28 02:22:30,EARN,0.0102725,0,EUR,0,USD
BTC,,2023-09-28 02:23:36,EARN,0.00000006,0,EUR,0,USD
USDT,,2023-09-28 16:03:14,CREDIT,271.2125,256.241980151228733459357277882797731574,EUR,,
BNB,,2023-09-28 16:03:14,EXCHANGE_FEE,-0.00093866,-0.191901850661625708884688090737240076,EUR,,
BTC,,2023-09-28 16:03:14,DEBIT,-0.01,-256.294896030245746691871455576559546314,EUR,,
USDT,,2023-09-28 16:03:36,CREDIT,67.4804,63.755583969754253308128544423440453687,EUR,,
BNB,,2023-09-28 16:03:36,EXCHANGE_FEE,-0.00023354,-0.047745465028355387523629489603024575,EUR,,
WBETH,,2023-09-28 16:03:36,DEBIT,-0.04,-63.648393194706994328922495274102079395,EUR,,
USDT,,2023-09-29 02:21:48,EARN,0.0102725,0,EUR,0,USD
BTC,,2023-09-29 02:23:04,EARN,0.00000006,0,EUR,0,USD
BTC,,2023-09-30 02:25:33,EARN,0.00000006,0,EUR,0,USD
USDT,,2023-09-30 02:32:47,EARN,0.0102725,0,EUR,0,USD
USDT,,2023-10-01 02:26:49,EARN,0.0102725,0,EUR,0,USD
BTC,,2023-10-01 02:29:46,EARN,0.00000006,0,EUR,0,USD
BTC,,2023-10-02 02:21:14,EARN,0.00000006,0,EUR,0,USD
USDT,,2023-10-02 02:30:18,EARN,0.02055,0,EUR,0,USD
USDT,,2023-10-02 07:23:12,CREDIT,140.8626,133.014730878186968838526912181303116166,EUR,,
BNB,,2023-10-02 07:23:12,EXCHANGE_FEE,-0.00048152,-0.099773308404154863078375826251180359,EUR,,
BTC,,2023-10-02 07:23:12,DEBIT,-5,-133.079272898961284230406043437204910293,EUR,,
USDT,,2023-10-02 07:24:06,CREDIT,35.0354,33.083474976392823418319169027384324839,EUR,,
BNB,,2023-10-02 07:24:06,EXCHANGE_FEE,-0.00011976,-0.02481486005665722379603399433427762,EUR,,
WBETH,,2023-10-02 07:24:06,DEBIT,-0.02,-33.097639282341831916902738432483474976,EUR,,
BTC,,2023-10-03 02:11:55,EARN,0.00000006,0,EUR,0,USD
USDT,,2023-10-03 02:12:20,EARN,0.02055,0,EUR,0,USD
WBETH,,2023-10-03 14:30:46,CREDIT,0.0065,10.439260496183206106870229007633587786,EUR,,
BNB,,2023-10-03 14:30:46,EXCHANGE_FEE,-0.0000383,-0.007799604961832061068702290076335878,EUR,,
USDT,,2023-10-03 14:30:46,DEBIT,-10.933845,-10.433058206106870229007633587786259544,EUR,,
BTC,,2023-10-03 14:54:43,DEPOSIT,0.00125456,32.715689544985673352435530085959885387,EUR,,
USDT,,2023-10-04 02:22:12,EARN,0.02055,0,EUR,0,USD
BTC,,2023-10-04 02:31:19,EARN,0.00000006,0,EUR,0,USD
BTC,,2023-10-05 02:01:47,EARN,0.00000006,0,EUR,0,USD
USDT,,2023-10-05 02:08:40,EARN,0.02055,0,EUR,0,USD
BNB,,2023-10-05 09:04:30,CREDIT,0.8,161.758325404376784015223596574690770694,EUR,,
BNB,,2023-10-05 09:04:30,EXCHANGE_FEE,-0.0006,-0.121318744053282588011417697431018078,EUR,,
USDT,,2023-10-05 09:04:30,DEBIT,-170,-161.90476190476190476190476190476190477,EUR,,
USDT,,2023-10-06 02:05:49,EARN,0.1275,0,EUR,0,USD
USDT,,2023-10-06 02:26:41,EARN,0.02055,0,EUR,0,USD
BTC,,2023-10-06 02:33:40,EARN,0.00000006,0,EUR,0,USD
USDT,,2023-10-07 02:26:19,EARN,0.02055,0,EUR,0,USD
BTC,,2023-10-07 02:32:00,EARN,0.00000006,0,EUR,0,USD
USDT,,2023-10-08 02:24:36,EARN,0.02055,0,EUR,0,USD
BTC,,2023-10-08 02:32:07,EARN,0.00000006,0,EUR,0,USD
USDT,,2023-10-09 02:06:55,EARN,0.02055,0,EUR,0,USD
BTC,,2023-10-09 02:09:36,EARN,0.00000006,0,EUR,0,USD
WBETH,,2023-10-09 16:44:32,CREDIT,0.01,15.083916745506149479659413434247871334,EUR,,
BNB,,2023-10-09 16:44:32,EXCHANGE_FEE,-0.00005832,-0.011245448669201520912547528517110266,EUR,,
USDT,,2023-10-09 16:44:32,DEBIT,-15.8,-14.947965941343424787133396404919583722,EUR,,
USDT,,2023-10-10 02:05:30,EARN,0.01183539,0,EUR,0,USD
BTC,,2023-10-10 03:07:45,EARN,0.00000006,0,EUR,0,USD
USDT,,2023-10-10 03:08:38,EARN,0.02055,0,EUR,0,USD
USDT,,2023-10-11 02:22:09,EARN,0.02055,0,EUR,0,USD
BTC,,2023-10-11 02:23:21,EARN,0.00000006,0,EUR,0,USD
USDT,,2023-10-12 02:24:39,EARN,0.02055,0,EUR,0,USD
BTC,,2023-10-12 02:31:50,EARN,0.00000006,0,EUR,0,USD
BTC,,2023-10-13 02:12:07,EARN,0.00000006,0,EUR,0,USD
USDT,,2023-10-13 02:14:30,EARN,0.02055,0,EUR,0,USD
BTC,,2023-10-14 02:23:22,EARN,0.00000006,0,EUR,0,USD
USDT,,2023-10-14 02:29:02,EARN,0.02055,0,EUR,0,USD
USDT,,2023-10-15 03:02:13,EARN,0.02055,0,EUR,0,USD
BTC,,2023-10-15 03:12:09,EARN,0.00000006,0,EUR,0,USD
USDT,,2023-10-15 21:03:47,CREDIT,163.33734,155.395819472882968601332064700285442489,EUR,,
BNB,,2023-10-15 21:03:47,EXCHANGE_FEE,-0.00058334,-0.116656899333967649857278782112274025,EUR,,
BTC,,2023-10-15 21:03:47,DEBIT,-6,-155.408848715509039010466222645099904853,EUR,,
USDT,,2023-10-16 04:22:17,EARN,0.02055,0,EUR,0,USD
BTC,,2023-10-16 04:32:23,EARN,0.00000006,0,EUR,0,USD
USDT,,2023-10-16 07:51:32,CREDIT,278.6778,264.651282051282051282051282051282051296,EUR,,
BNB,,2023-10-16 07:51:32,EXCHANGE_FEE,-0.00098078,-0.198484537511870845204178537511870845,EUR,,
BTC,,2023-10-16 07:51:32,DEBIT,-0.01,-264.74748338081671415004748338081671415,EUR,,
USDT,,2023-10-16 07:52:25,CREDIT,106.143973,100.801493827160493827160493827160493833,EUR,,
BNB,,2023-10-16 07:52:25,EXCHANGE_FEE,-0.00037373,-0.075633298195631528964862298195631529,EUR,,
WBETH,,2023-10-16 07:52:25,DEBIT,-66,-100.704216524216524216524216524216524217,EUR,,
USDT,,2023-10-16 19:12:34,CREDIT,287.4302,272.459877083333333333333333333333333429,EUR,,
BNB,,2023-10-16 19:12:34,EXCHANGE_FEE,-0.00100312,-0.204328704545454545454545454545454545,EUR,,
BTC,,2023-10-16 19:12:34,DEBIT,-0.01,-272.069412878787878787878787878787878788,EUR,,
BTC,,2023-10-17 03:12:24,EARN,0.00000006,0,EUR,0,USD
USDT,,2023-10-17 03:13:00,EARN,0.02055,0,EUR,0,USD
BTC,,2023-10-18 02:27:44,EARN,0.00000006,0,EUR,0,USD
USDT,,2023-10-18 02:30:32,EARN,0.02055,0,EUR,0,USD
USDT,,2023-10-19 03:28:26,EARN,0.02055,0,EUR,0,USD
BTC,,2023-10-19 03:29:43,EARN,0.00000006,0,EUR,0,USD
BTC,,2023-10-20 04:07:32,EARN,0.00000006,0,EUR,0,USD
USDT,,2023-10-20 04:08:21,EARN,0.02055,0,EUR,0,USD
USDT,,2023-10-20 08:24:03,CREDIT,294.1738,278.325117013232514177693761814744801383,EUR,,
BNB,,2023-10-20 08:24:03,EXCHANGE_FEE,-0.00103436,-0.208729546313799621928166351606805293,EUR,,
BTC,,2023-10-20 08:24:03,DEBIT,-0.01,-278.198865784499054820415879017013232514,EUR,,
USDT,,2023-10-20 08:24:52,CREDIT,99.90897,94.526350633270321361058601134215500901,EUR,,
BNB,,2023-10-20 08:24:52,EXCHANGE_FEE,-0.00035112,-0.070854555765595463137996219281663516,EUR,,
WBETH,,2023-10-20 08:24:52,DEBIT,-0.0618,-96.108930056710775047258979206049149338,EUR,,
USDT,,2023-10-21 02:28:35,EARN,0.02055,0,EUR,0,USD
BTC,,2023-10-21 02:30:08,EARN,0.00000006,0,EUR,0,USD
USDT,,2023-10-21 18:12:33,CREDIT,300.1883,283.196509433962264150943396226415094294,EUR,,
BNB,,2023-10-21 18:12:33,EXCHANGE_FEE,-0.0010496,-0.212397809254013220018885741265344665,EUR,,
BTC,,2023-10-21 18:12:33,DEBIT,-0.01,-283.523796033994334277620396600566572238,EUR,,
USDT,,2023-10-21 18:13:27,CREDIT,49.956669,47.128933018867924528301886792452830181,EUR,,
BNB,,2023-10-21 18:13:27,EXCHANGE_FEE,-0.00017466,-0.035344322946175637393767705382436261,EUR,,
WBETH,,2023-10-21 18:13:27,DEBIT,-0.0301,-47.318393767705382436260623229461756374,EUR,,
BTC,,2023-10-22 02:10:11,EARN,0.00000006,0,EUR,0,USD
USDT,,2023-10-22 02:14:39,EARN,0.02055,0,EUR,0,USD
BTC,,2023-10-23 02:20:59,EARN,0.00000006,0,EUR,0,USD
USDT,,2023-10-23 02:26:21,EARN,0.02055,0,EUR,0,USD
USDT,,2023-10-23 04:56:33,CREDIT,72.994572,68.927830028328611898016997167138810208,EUR,,
BNB,,2023-10-23 04:56:33,EXCHANGE_FEE,-0.00024693,-0.05171073286118980169971671388101983,EUR,,
WBETH,,2023-10-23 04:56:33,DEBIT,-0.0423,-68.870311614730878186968838526912181303,EUR,,
USDT,,2023-10-23 04:56:59,CREDIT,306.9511,289.849952785646836638338054768649669539,EUR,,
BNB,,2023-10-23 04:56:59,EXCHANGE_FEE,-0.00103839,-0.217453966288951841359773371104815864,EUR,,
BTC,,2023-10-23 04:56:59,DEBIT,-0.01,-289.941170915958451369216241737488196412,EUR,,
USDT,,2023-10-23 20:49:03,CREDIT,317,297.373358348968105065666041275797373262,EUR,,
BNB,,2023-10-23 20:49:03,EXCHANGE_FEE,-0.00106805,-0.222777596153846153846153846153846154,EUR,,
BTC,,2023-10-23 20:49:03,DEBIT,-0.01,-297.261949390815370196813495782567947516,EUR,,
USDT,,2023-10-23 20:49:27,CREDIT,49.919458,46.828759849906191369606003752345215745,EUR,,
BNB,,2023-10-23 20:49:27,EXCHANGE_FEE,-0.00016825,-0.035094172138836772983114446529080675,EUR,,
WBETH,,2023-10-23 20:49:27,DEBIT,-0.0286,-46.756975609756097560975609756097560976,EUR,,
BTC,,2023-10-23 20:55:00,EARN,0.00002417,0,EUR,0,USD
USDT,,2023-10-23 20:57:48,CREDIT,956.4826677,897.788721627416928799249530956848029884,EUR,,
BNB,,2023-10-23 20:57:48,EXCHANGE_FEE,-0.00323135,-0.672466042642924086223055295220243674,EUR,,
BTC,,2023-10-23 20:57:48,DEBIT,-0.03031,-897.103846860356138706654170571696344892,EUR,,
USDT,,2023-10-23 21:02:03,CREDIT,152.775384,143.459811804878048780487804878048780428,EUR,,
BNB,,2023-10-23 21:02:03,EXCHANGE_FEE,-0.00051634,-0.107738748780487804878048780487804878,EUR,,
WBETH,,2023-10-23 21:02:03,DEBIT,-0.0877,-143.972795497185741088180112570356472796,EUR,,
USDT,,2023-10-24 02:34:18,EARN,0.02055,0,EUR,0,USD
USDT,,2023-10-25 02:29:03,EARN,0.02055,0,EUR,0,USD
USDT,,2023-10-26 03:29:01,EARN,0.09589,0,EUR,0,USD
USDT,,2023-10-27 02:22:16,EARN,0.09589,0,EUR,0,USD
USDT,,2023-10-28 02:24:11,EARN,0.09589,0,EUR,0,USD
USDT,,2023-10-29 02:24:15,EARN,0.09589,0,EUR,0,USD
USDT,,2023-10-30 02:35:23,EARN,0.09589,0,EUR,0,USD
USDT,,2023-10-31 02:24:22,EARN,0.02055,0,EUR,0,USD
USDT,,2023-11-01 02:31:51,EARN,0.09589,0,EUR,0,USD
USDT,,2023-11-02 03:11:40,EARN,0.09589,0,EUR,0,USD
USDT,,2023-11-03 02:34:13,EARN,0.09589,0,EUR,0,USD
SOL,,2023-11-03 06:07:32,CREDIT,1.28,46.969491525423728813559322033898305084,EUR,,
BNB,,2023-11-03 06:07:32,EXCHANGE_FEE,-0.00016233,-0.035234619849482596425211665098777046,EUR,,
USDT,,2023-11-03 06:07:32,DEBIT,-49.92,-46.961429915333960489181561618062088422,EUR,,
WBETH,,2023-11-03 06:08:35,CREDIT,0.0544,93.866355597365945437441204139228598307,EUR,,
BNB,,2023-11-03 06:08:35,EXCHANGE_FEE,-0.00032426,-0.070382417497648165569143932267168391,EUR,,
USDT,,2023-11-03 06:08:35,DEBIT,-99.975232,-94.05007714016933207902163687676387581,EUR,,
BTC,,2023-11-03 06:08:47,CREDIT,0.00602,195.728718720602069614299153339604891816,EUR,,
BNB,,2023-11-03 06:08:47,EXCHANGE_FEE,-0.0006764,-0.146816342427093132643461900282220132,EUR,,
USDT,,2023-11-03 06:08:47,DEBIT,-208.0211,-195.692474129821260583254938852304797715,EUR,,
USDT,,2023-11-04 03:15:08,EARN,0.09589,0,EUR,0,USD
USDT,,2023-11-05 02:22:34,EARN,0.09589,0,EUR,0,USD
BTC,,2023-11-05 02:30:55,EARN,0.00000004,0,EUR,0,USD
SOL,,2023-11-05 19:39:00,EARN,0.00011893,0,EUR,0,USD
BTC,,2023-11-05 19:39:00,EARN,0.00000003,0,EUR,0,USD
USDT,,2023-11-05 19:40:04,CREDIT,210.8234702,196.86034857294776119402985074626865666,EUR,,
BNB,,2023-11-05 19:40:04,EXCHANGE_FEE,-0.00065015,-0.147472457089552238805970149253731343,EUR,,
BTC,,2023-11-05 19:40:04,DEBIT,-0.00602,-196.795597014925373134328358208955223881,EUR,,
USDT,,2023-11-05 19:40:24,CREDIT,52288,48.824895522388059701492537313432835807,EUR,,
BNB,,2023-11-05 19:40:24,EXCHANGE_FEE,-0.00016111,-0.036544316791044776119402985074626866,EUR,,
SOL,,2023-11-05 19:40:24,DEBIT,-1.28,-48.823880597014925373134328358208955224,EUR,,
USDT,,2023-11-05 19:40:44,CREDIT,104.855322,97.910613173507462686567164179104477584,EUR,,
BNB,,2023-11-05 19:40:44,EXCHANGE_FEE,-0.00032308,-0.073283705970149253731343283582089552,EUR,,
WBETH,,2023-11-05 19:40:44,DEBIT,-0.0544,-97.821044776119402985074626865671641791,EUR,,
USDT,,2023-11-06 02:34:09,EARN,0.02055,0,EUR,0,USD
USDT,,2023-11-07 02:31:55,EARN,0.09589,0,EUR,0,USD
BTC,,2023-11-07 17:37:22,CREDIT,0.00057,18.57973495782567947516401124648547329,EUR,,
BNB,,2023-11-07 17:37:22,EXCHANGE_FEE,-0.00006109,-0.013929321555763823805060918462980319,EUR,,
USDT,,2023-11-07 17:37:22,DEBIT,-19.8106008,-18.566636176194939081537019681349578264,EUR,,
USDT,,2023-11-08 02:23:49,EARN,0.09589,0,EUR,0,USD
BTC,,2023-11-08 19:32:00,LOAN,0.00283873,94.390213277196261682242990654205607477,EUR,,
USDT,,2023-11-08 19:32:22,CREDIT,99.9776644,93.437069532710280373831775700934579429,EUR,,
BTC,,2023-11-08 19:32:22,DEBIT,-0.00281,-93.43491607476635514018691588785046729,EUR,,
USDT,,2023-11-08 19:32:22,EXCHANGE_FEE,-0.09997766,-0.093437065420560747663551401869158878,EUR,,
BTC,,2023-11-08 19:38:00,LOAN,0.01132025,376.891536850467289719626168224299065421,EUR,,
USDT,,2023-11-08 19:38:24,CREDIT,399.7544223,373.602263831775700934579439252336448557,EUR,,
BTC,,2023-11-08 19:38:24,DEBIT,-0.01123,-373.886792149532710280373831775700934579,EUR,,
USDT,,2023-11-08 19:38:24,EXCHANGE_FEE,-0.39975442,-0.373602261682242990654205607476635514,EUR,,
BTC,,2023-11-08 19:39:00,LOAN,0.01406283,468.201816317383177570093457943925233645,EUR,,
USDT,,2023-11-08 19:39:04,CREDIT,499.9080996,467.203831401869158878504672897196261631,EUR,,
BTC,,2023-11-08 19:39:04,DEBIT,-0.01404,-467.441724112149532710280373831775700935,EUR,,
USDT,,2023-11-08 19:39:04,EXCHANGE_FEE,-0.4999081,-0.467203831775700934579439252336448598,EUR,,
BTC,,2023-11-08 20:37:44,LOAN_REPAYMENT,-0.00014181,-4.706721611775700934579439252336448598,EUR,,
BNB,,2023-11-08 20:39:11,CREDIT,0.00001509,0.003469994859813084112149532710280374,EUR,,
USDT,,2023-11-08 20:39:11,DEBIT,-0.00378774,-0.003539943925233644859813084112149533,EUR,,
BNB,,2023-11-08 20:39:13,LOAN_REPAYMENT,-0.00001509,-0.003469994859813084112149532710280374,EUR,,
BTC,,2023-11-08 20:40:33,CREDIT,0.02808,932.646495700934579439252336448598130841,EUR,,
BTC,,2023-11-08 20:40:33,CREDIT,0.00002808,0.932646495700934579439252336448598131,EUR,,
BTC,,2023-11-08 20:40:33,EXCHANGE_FEE,-0.00002808,-0.932646495700934579439252336448598131,EUR,,
USDT,,2023-11-08 20:40:33,DEBIT,-1.01684051,-0.95031823364485981308411214953271028,EUR,,
USDT,,2023-11-08 20:40:33,DEBIT,-997.7826456,-932.507145420560747663551401869158878402,EUR,,
BTC,,2023-11-08 20:40:35,LOAN_REPAYMENT,-0.02808,-932.646495700934579439252336448598130841,EUR,,
BTC,,2023-11-08 20:49:00,LOAN,0.2,6649.957009345794392523364485981308411215,EUR,,
USDT,,2023-11-08 20:52:09,CREDIT,7116.22,6644.463118580765639589169000933706818625,EUR,,
BTC,,2023-11-08 20:52:09,DEBIT,-0.2,-6649.617180205415499533146591970121381886,EUR,,
USDT,,2023-11-08 20:52:09,EXCHANGE_FEE,-7.11622,-6.644463118580765639589169000933706819,EUR,,
BTC,,2023-11-08 23:10:00,LOAN,0.05618,1877.602805981308411214953271028037383178,EUR,,
USDT,,2023-11-08 23:10:04,CREDIT,2007.9898768,1874.873834547152194211017740429505136111,EUR,,
BTC,,2023-11-08 23:10:04,DEBIT,-0.05618,-1877.602805981308411214953271028037383178,EUR,,
USDT,,2023-11-08 23:10:04,EXCHANGE_FEE,-2.00798988,-1.874873837535014005602240896358543418,EUR,,
BTC,,2023-11-08 23:45:49,CREDIT,0.25618,8620.942116977611940298507462686567164179,EUR,,
BTC,,2023-11-08 23:45:49,EXCHANGE_FEE,-0.00025618,-8.620942116977611940298507462686567164,EUR,,
USDT,,2023-11-08 23:45:49,DEBIT,-9223.0418,-8612.187352425373134328358208955223878119,EUR,,
BTC,,2023-11-08 23:46:00,LOAN_REPAYMENT,-0.05612382,-1888.67282224869402985074626865671641791,EUR,,
USDT,,2023-11-09 02:21:47,EARN,0.09589,0,EUR,0,USD
BTC,,2023-11-09 06:06:33,CREDIT,0.00025618,8.771375750467289719626168224299065421,EUR,,
USDT,,2023-11-09 06:06:33,DEBIT,-9.56462565,-8.947841379112149532710280373831775697,EUR,,
BTC,,2023-11-09 06:06:35,LOAN_REPAYMENT,-0.20005618,-6849.745983227102803738317757009345794392,EUR,,
BNB,,2023-11-09 06:08:06,CREDIT,0.00044982,0.104824875700934579439252336448598131,EUR,,
USDT,,2023-11-09 06:08:06,DEBIT,-0.11427163,-0.106795915887850467289719626168224299,EUR,,
BNB,,2023-11-09 06:08:08,LOAN_REPAYMENT,-0.00044982,-0.104824875700934579439252336448598131,EUR,,
USDT,,2023-11-10 03:14:21,EARN,0.09589,0,EUR,0,USD
USDT,,2023-11-11 02:21:51,EARN,0.09589,0,EUR,0,USD
BTC,,2023-11-11 09:03:00,LOAN,0.22,7625.713402061855670103092783505154639175,EUR,,
BTC,,2023-11-11 09:06:48,LOAN_REPAYMENT,-0.22,-7623.727835051546391752577319587628865979,EUR,,
BTC,,2023-11-11 09:07:00,LOAN,0.22,7623.727835051546391752577319587628865979,EUR,,
USDT,,2023-11-11 09:07:45,CREDIT,8127.7966,7625.046294845360824742268041237113401727,EUR,,
BTC,,2023-11-11 09:07:45,DEBIT,-0.22,-7622.294845360824742268041237113402061856,EUR,,
USDT,,2023-11-11 09:07:45,EXCHANGE_FEE,-8.1277966,-7.625046294845360824742268041237113402,EUR,,
USDT,,2023-11-12 02:26:52,EARN,0.09589,0,EUR,0,USD
USDT,,2023-11-13 02:23:50,EARN,0.02055,0,EUR,0,USD
USDT,,2023-11-14 02:26:14,EARN,0.09589,0,EUR,0,USD
USDT,,2023-11-15 02:22:03,EARN,0.09589,0,EUR,0,USD
BTC,,2023-11-15 11:19:23,CREDIT,0.22,7297.06341013824884792626728110599078341,EUR,,
BNB,,2023-11-15 11:19:23,EXCHANGE_FEE,-0.02412631,-5.472781029677419354838709677419354839,EUR,,
USDT,,2023-11-15 11:19:23,DEBIT,-7919.0584,-7298.671336405529953917050691244239631446,EUR,,
BTC,,2023-11-15 11:19:26,LOAN_REPAYMENT,-0.22,-7297.06341013824884792626728110599078341,EUR,,
BNB,,2023-11-15 12:09:49,LOAN_REPAYMENT,-0.00485941,-1.110236472559852670349907918968692449,EUR,,
BTC,,2023-11-15 17:26:00,LOAN,0.24,8057.37785977859778597785977859778597786,EUR,,
USDT,,2023-11-15 17:26:45,CREDIT,8731464,8054.856088560885608856088560885608854123,EUR,,
BNB,,2023-11-15 17:26:45,EXCHANGE_FEE,-0.02597616,-6.030778529032258064516129032258064516,EUR,,
BTC,,2023-11-15 17:26:45,DEBIT,-0.24,-8057.37785977859778597785977859778597786,EUR,,
BTC,,2023-11-15 18:11:56,CREDIT,0.24,8149.528073394495412844036697247706422018,EUR,,
BNB,,2023-11-15 18:11:56,EXCHANGE_FEE,-0.02616263,-6.103333537981651376146788990825688073,EUR,,
USDT,,2023-11-15 18:11:56,DEBIT,-8831.6713146,-8147.929019276129032258064516129032261198,EUR,,
BTC,,2023-11-15 18:11:59,LOAN_REPAYMENT,-0.24,-8149.528073394495412844036697247706422018,EUR,,
BNB,,2023-11-15 18:56:45,LOAN_REPAYMENT,-0.00010183,-0.023822959409594095940959409594095941,EUR,,
USDT,,2023-11-16 05:32:04,EARN,0.09589,0,EUR,0,USD
USDT,,2023-11-17 02:23:46,EARN,0.09589,0,EUR,0,USD
BTC,,2023-11-17 06:42:00,LOAN,0.24,8058.366082949308755760368663594470046083,EUR,,
USDT,,2023-11-17 06:42:22,CREDIT,8741.8248,8056.981382488479262672811059907834101503,EUR,,
BNB,,2023-11-17 06:42:22,EXCHANGE_FEE,-0.02668441,-6.042481744608294930875576036866359447,EUR,,
BTC,,2023-11-17 06:42:22,DEBIT,-0.24,-8058.366082949308755760368663594470046083,EUR,,
BTC,,2023-11-17 17:03:14,CREDIT,0.24,8065.008088235294117647058823529411764706,EUR,,
BNB,,2023-11-17 17:03:14,EXCHANGE_FEE,-0.02704667,-6.027827703676470588235294117647058824,EUR,,
USDT,,2023-11-17 17:03:14,DEBIT,-8811.0754155,-8105.865147654093836246550137994480218773,EUR,,
BTC,,2023-11-17 17:03:17,LOAN_REPAYMENT,-0.24,-8065.008088235294117647058823529411764706,EUR,,
BNB,,2023-11-17 17:24:54,LOAN_REPAYMENT,-0.00057877,-0.128786964154411764705882352941176471,EUR,,
USDT,,2023-11-18 03:15:38,EARN,0.09589,0,EUR,0,USD
USDT,,2023-11-19 03:15:55,EARN,0.09589,0,EUR,0,USD
SOL,,2023-11-19 22:13:00,LOAN,120,6711.19266055045871559633027522935779812,EUR,,
USDT,,2023-11-19 22:13:33,CREDIT,7314,6710.091743119266055045871559633027524412,EUR,,
BNB,,2023-11-19 22:13:33,EXCHANGE_FEE,-0.02235325,-5.033582763761467889908256880733944954,EUR,,
SOL,,2023-11-19 22:13:33,DEBIT,-120,-6711.19266055045871559633027522935779812,EUR,,
SOL,,2023-11-19 23:07:30,CREDIT,120,6820.18348623853211009174311926605504592,EUR,,
BNB,,2023-11-19 23:07:30,EXCHANGE_FEE,-0.022581,-5.102891669724770642201834862385321101,EUR,,
USDT,,2023-11-19 23:07:30,DEBIT,-7416,-6803.669724770642201834862385321100918928,EUR,,
SOL,,2023-11-19 23:07:32,LOAN_REPAYMENT,-120,-6820.18348623853211009174311926605504592,EUR,,
USDT,,2023-11-20 02:36:35,EARN,0.09589,0,EUR,0,USD
BNB,,2023-11-20 07:05:59,LOAN_REPAYMENT,-0.00044906,-0.101509786617781851512373968835930339,EUR,,
USDT,,2023-11-21 02:30:44,EARN,0.09589,0,EUR,0,USD
USDT,,2023-11-22 03:05:00,EARN,0.05479,0,EUR,0,USD
ATOM,,2023-11-22 06:47:00,LOAN,1000,7931.192660550458715596330275229357798,EUR,,
ATOM,,2023-11-22 06:51:19,LOAN_REPAYMENT,-1000,-7931.192660550458715596330275229357798,EUR,,
ATOM,,2023-11-22 06:52:02,CREDIT,0.0117254,0.092996406422018348623853211009174312,EUR,,
USDT,,2023-11-22 06:52:02,DEBIT,-0.10334248,-0.094809614678899082568807339449541284,EUR,,
ATOM,,2023-11-22 06:52:26,LOAN_REPAYMENT,-0.0117254,-0.092996406422018348623853211009174312,EUR,,
USDT,,2023-11-22 06:58:00,CREDIT,8636.78616,7923.65702752293577981651376146788991,EUR,,
ATOM,,2023-11-22 06:58:00,LOAN,1000,7935.779816513761467889908256880733945,EUR,,
USDT,,2023-11-22 06:58:00,EXCHANGE_FEE,-8.63678616,-7.92365702752293577981651376146788991,EUR,,
ATOM,,2023-11-22 06:58:00,DEBIT,-1000,-7935.779816513761467889908256880733945,EUR,,
USDT,,2023-11-22 09:45:06,CREDIT,8.63678616,7.916394280476626947754353803849679193,EUR,,
BNB,,2023-11-22 09:45:06,DEBIT,-0.02748825,-5.956459379010082493125572868927589368,EUR,,
ATOM,,2023-11-22 18:17:37,CREDIT,1000,8102.941176470588235294117647058823529,EUR,,
ATOM,,2023-11-22 18:17:37,EXCHANGE_FEE,-1,-8.102941176470588235294117647058823529,EUR,,
USDT,,2023-11-22 18:17:37,DEBIT,-8819.75272,-8106.390367647058823529411764705882351385,EUR,,
ATOM,,2023-11-22 18:17:40,LOAN_REPAYMENT,-899.226594,-7286.38019549999999999999999999999999963,EUR,,
ATOM,,2023-11-22 18:54:01,CREDIT,1.1526376,9.328101165441176470588235294117647059,EUR,,
USDT,,2023-11-22 18:54:01,DEBIT,-10.34233659,-9.505824071691176470588235294117647057,EUR,,
ATOM,,2023-11-22 18:54:30,LOAN_REPAYMENT,-100.9260436,-816.777402479779411764705882352941176465,EUR,,
ATOM,,2023-11-22 21:45:08,CREDIT,1,8.112029384756657483930211202938475666,EUR,,
BNB,,2023-11-22 21:45:08,DEBIT,-0.028125,-6.109762396694214876033057851239669421,EUR,,
USDT,,2023-11-23 02:21:58,EARN,0.05479,0,EUR,0,USD
USDT,,2023-11-24 03:04:37,EARN,0.05479,0,EUR,0,USD
USDT,,2023-11-24 07:45:38,CREDIT,8811,8.076076993583868010999083409715857012,EUR,,
BNB,,2023-11-24 07:45:38,EXCHANGE_FEE,-0.00002809,-0.006058274060494958753437213565536205,EUR,,
ATOM,,2023-11-24 07:45:38,DEBIT,-1,-8.076076993583868010999083409715857012,EUR,,
BTC,,2023-11-24 12:48:00,LOAN,0.45,15558.119505494505494505494505494505494505,EUR,,
USDT,,2023-11-24 12:48:17,CREDIT,16994.7,15562.91208791208791208791208791208791352,EUR,,
BTC,,2023-11-24 12:48:17,DEBIT,-0.45,-15558.119505494505494505494505494505494505,EUR,,
USDT,,2023-11-24 12:48:17,EXCHANGE_FEE,-16.9947,-15.562912087912087912087912087912087914,EUR,,
BTC,,2023-11-24 15:27:34,CREDIT,0.45,15751.94561243144424131627056672760511883,EUR,,
BTC,,2023-11-24 15:27:34,EXCHANGE_FEE,-0.00045,-15.751945612431444241316270566727605119,EUR,,
USDT,,2023-11-24 15:27:34,DEBIT,-17194.5,-15717.09323583180987202925045703839121669,EUR,,
BTC,,2023-11-24 15:27:37,LOAN_REPAYMENT,-0.44955,-15736.193666819012797074954296160877513711,EUR,,
USDT,,2023-11-24 15:45:06,CREDIT,16.9947,15.548673376029277218664226898444647758,EUR,,
BNB,,2023-11-24 15:45:06,DEBIT,-0.054252,-11.691727904849039341262580054894784995,EUR,,
BTC,,2023-11-24 15:53:02,CREDIT,0.0004528,15.819441316270566727605118829981718464,EUR,,
USDT,,2023-11-24 15:53:02,DEBIT,-17.62327375,-16.125134390996343692870201096892138942,EUR,,
BTC,,2023-11-24 15:53:53,LOAN_REPAYMENT,-0.0004528,-15.819441316270566727605118829981718464,EUR,,
BNB,,2023-11-24 18:45:08,DEBIT,-0.0548513,-11.639996877625570776255707762557077626,EUR,,
BTC,,2023-11-24 18:45:09,CREDIT,0.00045,15.483238356164383561643835616438356164,EUR,,
USDT,,2023-11-25 03:09:33,EARN,0.05479,0,EUR,0,USD
USDT,,2023-11-26 03:13:13,EARN,0.05479,0,EUR,0,USD
USDT,,2023-11-27 03:07:04,EARN,0.05479,0,EUR,0,USD
BTC,,2023-11-27 06:56:00,LOAN,0.44955,15318.381353424657534246575342465753424658,EUR,,
USDT,,2023-11-27 06:56:39,CREDIT,16782.3,15326.301369863013698630136986301369855964,EUR,,
BTC,,2023-11-27 06:56:39,DEBIT,-0.45,-15333.715068493150684931506849315068493151,EUR,,
USDT,,2023-11-27 06:56:39,EXCHANGE_FEE,-16.7823,-15.326301369863013698630136986301369856,EUR,,
USDT,,2023-11-27 09:45:09,CREDIT,16.7823,15.326301369863013698630136986301369856,EUR,,
BNB,,2023-11-27 09:45:09,DEBIT,-0.05487825,-11.474315376712328767123287671232876712,EUR,,
USDT,,2023-11-28 03:04:49,EARN,0.05479,0,EUR,0,USD
BTC,,2023-11-28 16:52:48,CREDIT,0.45,15516.262056414922656960873521383075523203,EUR,,
BTC,,2023-11-28 16:52:48,EXCHANGE_FEE,-0.00045,-15.516262056414922656960873521383075523,EUR,,
USDT,,2023-11-28 16:52:48,DEBIT,-17055,-15504.545454545454545454545454545454547005,EUR,,
BTC,,2023-11-28 16:52:51,LOAN_REPAYMENT,-0.40494194,-13962.633908162329390354868061874431301183,EUR,,
BTC,,2023-11-28 16:54:01,CREDIT,0.00002263,0.78029557852593266606005459508644222,EUR,,
USDT,,2023-11-28 16:54:01,DEBIT,-0.87438336,-0.794893963636363636363636363636363636,EUR,,
BTC,,2023-11-28 16:54:29,LOAN_REPAYMENT,-0.04463069,-1538.892181774704276615104640582347588717,EUR,,
BNB,,2023-11-28 19:45:08,DEBIT,-0.05537326,-11.625361492083712465878070973612374886,EUR,,
BTC,,2023-11-28 19:45:09,CREDIT,0.00045,15.646626933575978161965423111919927207,EUR,,
USDT,,2023-11-29 03:15:50,EARN,0.05479,0,EUR,0,USD
SOL,,2023-11-29 22:44:00,LOAN,100,5406.5633546034639927073837739288969918,EUR,,
USDT,,2023-11-29 22:45:20,CREDIT,1145.8692,1045.501094890510948905109489051094890411,EUR,,
USDT,,2023-11-29 22:45:20,EXCHANGE_FEE,-1.1458692,-1.04550109489051094890510948905109489,EUR,,
SOL,,2023-11-29 22:45:20,DEBIT,-19.32,-1045.324817518248175182481751824817518241,EUR,,
USDT,,2023-11-29 22:46:01,CREDIT,862.9605,787.372718978102189781021897810218978027,EUR,,
USDT,,2023-11-29 22:46:01,EXCHANGE_FEE,-0.8629605,-0.787372718978102189781021897810218978,EUR,,
SOL,,2023-11-29 22:46:01,DEBIT,-14.55,-787.239963503649635036496350364963503644,EUR,,
SOL,,2023-11-29 22:53:00,LOAN,0.18,9.718687329079307201458523245214220602,EUR,,
USDT,,2023-11-29 22:53:46,CREDIT,3925552,3578.443026435733819507748404740200548796,EUR,,
USDT,,2023-11-29 22:53:46,EXCHANGE_FEE,-3.925552,-3.578443026435733819507748404740200549,EUR,,
SOL,,2023-11-29 22:53:46,DEBIT,-66.31,-3580.256426618049225159525979945305378297,EUR,,
SOL,,2023-11-30 00:35:54,CREDIT,100.19,5446.975022789425706472196900638103919788,EUR,,
SOL,,2023-11-30 00:35:54,EXCHANGE_FEE,-0.10019,-5.44697502278942570647219690063810392,EUR,,
USDT,,2023-11-30 00:35:54,DEBIT,-5975.3316,-5446.975022789425706472196900638103922597,EUR,,
SOL,,2023-11-30 00:35:56,LOAN_REPAYMENT,-90.088002,-4897.76521356426618049225159525979945306,EUR,,
USDT,,2023-11-30 01:45:05,CREDIT,5.9343817,5.409646034639927073837739288969917961,EUR,,
BNB,,2023-11-30 01:45:05,DEBIT,-0.01958925,-4.05695688924339106654512306289881495,EUR,,
USDT,,2023-11-30 03:01:48,EARN,0.05479,0,EUR,0,USD
SOL,,2023-11-30 03:45:05,CREDIT,0.10019,5.53282607110300820419325432999088423,EUR,,
BNB,,2023-11-30 03:45:05,DEBIT,-0.01967231,-4.104644517684594348222424794895168642,EUR,,
SOL,,2023-11-30 07:48:21,LOAN_REPAYMENT,-10.09458678,-554.279550159597806215722120658135283364,EUR,,
SOL,,2023-11-30 10:36:00,LOAN,99.99258878,5484.025771093589743589743589743589743555,EUR,,
USDT,,2023-11-30 10:36:51,CREDIT,5985,5480.769230769230769230769230769230769735,EUR,,
USDT,,2023-11-30 10:36:51,EXCHANGE_FEE,-5985,-5.48076923076923076923076923076923077,EUR,,
SOL,,2023-11-30 10:36:51,DEBIT,-100,-5484.4322344322344322344322344322344322,EUR,,
USDT,,2023-11-30 11:04:53,CREDIT,16.955829,15.541548120989917506874427131072410632,EUR,,
BTC,,2023-11-30 11:04:53,DEBIT,-0.00045,-15.528016483516483516483516483516483516,EUR,,
USDT,,2023-11-30 11:04:53,EXCHANGE_FEE,-0.01695583,-0.015541549037580201649862511457378552,EUR,,
SOL,,2023-11-30 11:43:00,LOAN,55,3046.425297891842346471127406049495875335,EUR,,
USDT,,2023-11-30 11:43:58,CREDIT,3322,3044.912923923006416131989000916590284076,EUR,,
USDT,,2023-11-30 11:43:58,EXCHANGE_FEE,-3322,-3.044912923923006416131989000916590284,EUR,,
SOL,,2023-11-30 11:43:58,DEBIT,-55,-3046.425297891842346471127406049495875335,EUR,,
USDT,,2023-11-30 13:45:05,CREDIT,5985,5.48076923076923076923076923076923077,EUR,,
BNB,,2023-11-30 13:45:05,DEBIT,-0.01969425,-4.126414285714285714285714285714285714,EUR,,
USDT,,2023-12-01 03:09:33,EARN,0.05479,0,EUR,0,USD
USDT,,2023-12-01 04:00:25,CREDIT,3.33895583,3.063262229357798165137614678899082569,EUR,,
BNB,,2023-12-01 04:00:25,DEBIT,-0.010974,-2.308365798165137614678899082568807339,EUR,,
SOL,,2023-12-01 07:12:04,CREDIT,55,3082.01834862385321100917431192660550457,EUR,,
SOL,,2023-12-01 07:12:04,EXCHANGE_FEE,-55,-3.082018348623853211009174311926605505,EUR,,
USDT,,2023-12-01 07:12:04,DEBIT,-3362.7,-3085.045871559633027522935779816513762147,EUR,,
SOL,,2023-12-01 07:12:06,LOAN_REPAYMENT,-49.471857,-2772.239472990825688073394495412844036682,EUR,,
SOL,,2023-12-01 07:38:00,LOAN,44.526857,2489.17782624197983501374885426214482128,EUR,,
USDT,,2023-12-01 07:38:25,CREDIT,3050,2798.1651376146788990825688073394495419,EUR,,
USDT,,2023-12-01 07:38:25,EXCHANGE_FEE,-3.05,-2.798165137614678899082568807339449542,EUR,,
SOL,,2023-12-01 07:38:25,DEBIT,-50,-2795.1420714940421631530705774518790101,EUR,,
USDT,,2023-12-01 10:45:06,CREDIT,3.05,2.800734618916437098255280073461891643,EUR,,
SOL,,2023-12-01 10:45:06,CREDIT,55,3.093939393939393939393939393939393939,EUR,,
BNB,,2023-12-01 10:45:06,DEBIT,-0.02097788,-4.406510606060606060606060606060606061,EUR,,
SOL,,2023-12-01 17:09:00,LOAN,64945,3597.045680147058823529411764705882352922,EUR,,
USDT,,2023-12-01 17:09:41,CREDIT,3909.1,3592.922794117647058823529411764705881663,EUR,,
USDT,,2023-12-01 17:09:41,EXCHANGE_FEE,-3.9091,-3.592922794117647058823529411764705882,EUR,,
SOL,,2023-12-01 17:09:41,DEBIT,-65,-3600.091911764705882352941176470588235275,EUR,,
USDT,,2023-12-01 20:45:06,CREDIT,3.9091,3.592922794117647058823529411764705882,EUR,,
BNB,,2023-12-01 20:45:06,DEBIT,-0.01285575,-2.702070689338235294117647058823529412,EUR,,
USDT,,2023-12-02 03:05:15,EARN,0.05479,0,EUR,0,USD
SOL,,2023-12-02 07:02:55,CREDIT,215,12281.47977941176470588235294117647058821,EUR,,
SOL,,2023-12-02 07:02:55,EXCHANGE_FEE,-215,-12.281479779411764705882352941176470588,EUR,,
USDT,,2023-12-02 07:02:55,DEBIT,-13360.1,-12279.503676470588235294117647058823527054,EUR,,
SOL,,2023-12-02 07:02:58,LOAN_REPAYMENT,-214785,-12269.198299632352941176470588235294117622,EUR,,
SOL,,2023-12-02 07:04:03,CREDIT,0.26167696,14.947815316176470588235294117647058823,EUR,,
USDT,,2023-12-02 07:04:03,DEBIT,-16.573765,-15.233239889705882352941176470588235291,EUR,,
SOL,,2023-12-02 07:05:03,LOAN_REPAYMENT,-0.26167696,-15.03680472352941176470588235294117647,EUR,,
SOL,,2023-12-02 10:45:05,CREDIT,215,12.269623161764705882352941176470588235,EUR,,
BNB,,2023-12-02 10:45:05,DEBIT,-0.043602,-9.128367242647058823529411764705882353,EUR,,
USDT,,2023-12-03 02:38:57,EARN,0.05479,0,EUR,0,USD
USDT,,2023-12-04 02:34:01,EARN,0.05479,0,EUR,0,USD
USDT,,2023-12-05 03:17:18,EARN,0.09589,0,EUR,0,USD
USDT,,2023-12-05 07:08:00,EARN,108.74943418,0,EUR,0,USD
BNB,,2023-12-05 07:21:47,CREDIT,435,92.548059149722735674676524953789279113,EUR,,
BNB,,2023-12-05 07:21:47,EXCHANGE_FEE,-0.00032625,-0.069411044362292051756007393715341959,EUR,,
USDT,,2023-12-05 07:21:47,DEBIT,-100.05,-92.458405730129390018484288354898336408,EUR,,
BTC,,2023-12-06 14:31:00,LOAN,0.5,20441.302131603336422613531047265987025023,EUR,,
USDT,,2023-12-06 14:31:22,CREDIT,22067635,20451.932344763670064874884151992585719836,EUR,,
BTC,,2023-12-06 14:31:22,DEBIT,-0.5,-20441.302131603336422613531047265987025023,EUR,,
USDT,,2023-12-06 14:31:22,EXCHANGE_FEE,-22.067635,-20.45193234476367006487488415199258572,EUR,,
BTC,,2023-12-06 23:16:03,CREDIT,0.5,20303.746518105849582172701949860724233984,EUR,,
BTC,,2023-12-06 23:16:03,EXCHANGE_FEE,-0.0005,-20.303746518105849582172701949860724234,EUR,,
USDT,,2023-12-06 23:16:03,DEBIT,-21847.29,-20285.320334261838440111420612813370462807,EUR,,
BTC,,2023-12-06 23:16:05,LOAN_REPAYMENT,-0.4497674,-18263.926563415041782729805013927576601672,EUR,,
BTC,,2023-12-06 23:17:00,CREDIT,0.00052,21.115896378830083565459610027855153203,EUR,,
BTC,,2023-12-06 23:17:00,EXCHANGE_FEE,-0.00000052,-0.021115896378830083565459610027855153,EUR,,
USDT,,2023-12-06 23:17:00,DEBIT,-22.737728,-21.112096564531104921077065923862581233,EUR,,
BTC,,2023-12-06 23:17:03,LOAN_REPAYMENT,-0.00051948,-21.09478048245125348189415041782729805,EUR,,
BTC,,2023-12-06 23:17:11,LOAN_REPAYMENT,-0.04971957,-2018.987092538440111420612813370473537604,EUR,,
BTC,,2023-12-07 02:45:06,CREDIT,0.00050052,20.432811147632311977715877437325905292,EUR,,
BNB,,2023-12-07 02:45:06,DEBIT,-0.07135328,-15.359522968029739776951672862453531599,EUR,,
USDT,,2023-12-07 03:14:53,EARN,0.09589,0,EUR,0,USD
USDT,,2023-12-07 04:00:58,CREDIT,22.067635,20.508954460966542750929368029739776951,EUR,,
BNB,,2023-12-07 04:00:58,DEBIT,-0.071949,-15.569335650557620817843866171003717472,EUR,,
SOL,,2023-12-07 14:30:00,LOAN,59785,3548.833163265306122448979591836734693882,EUR,,
USDT,,2023-12-07 14:30:42,CREDIT,3840,3562.15213358070500927643784786641929472,EUR,,
USDT,,2023-12-07 14:30:42,EXCHANGE_FEE,-3.84,-3.562152133580705009276437847866419295,EUR,,
SOL,,2023-12-07 14:30:42,DEBIT,-60,-3561.59554730983302411873840445269016698,EUR,,
BTC,,2023-12-07 15:23:00,LOAN,0.19948645,8087.147373574211502782931354359925788497,EUR,,
USDT,,2023-12-07 15:23:04,CREDIT,8737998,8105.749536178107606679035250463821891777,EUR,,
BTC,,2023-12-07 15:23:04,DEBIT,-0.2,-8107.966604823747680890538033395176252319,EUR,,
USDT,,2023-12-07 15:23:04,EXCHANGE_FEE,-8.737998,-8.105749536178107606679035250463821892,EUR,,
SOL,,2023-12-07 15:37:24,CREDIT,59.78,3636.108804448563484708063021316033364217,EUR,,
SOL,,2023-12-07 15:37:24,EXCHANGE_FEE,-0.05978,-3.636108804448563484708063021316033364,EUR,,
USDT,,2023-12-07 15:37:24,DEBIT,-3920.3724,-3636.709090909090909090909090909090908815,EUR,,
SOL,,2023-12-07 15:37:27,LOAN_REPAYMENT,-53.752131,-3269.46465016682113067655236329935125115,EUR,,
SOL,,2023-12-07 15:39:02,CREDIT,0.0652007,3.971864699721964782205746061167747915,EUR,,
USDT,,2023-12-07 15:39:02,DEBIT,-4.36485133,-4.045274633920296570898980537534754401,EUR,,
SOL,,2023-12-07 15:40:05,LOAN_REPAYMENT,-6.0332897,-368.595418928637627432808155699721964779,EUR,,
BTC,,2023-12-07 15:59:00,LOAN,0.2,8099.157699443413729128014842300556586271,EUR,,
USDT,,2023-12-07 15:59:22,CREDIT,8726002,8094.621521335807050092764378478664192335,EUR,,
BTC,,2023-12-07 15:59:22,DEBIT,-0.2,-8099.157699443413729128014842300556586271,EUR,,
USDT,,2023-12-07 15:59:22,EXCHANGE_FEE,-8.726002,-8.094621521335807050092764378478664192,EUR,,
USDT,,2023-12-07 17:45:05,CREDIT,3.84,3.559111111111111111111111111111111112,EUR,,
BNB,,2023-12-07 17:45:05,DEBIT,-0.012447,-2.681574310823311748381128584643848289,EUR,,
USDT,,2023-12-07 18:45:11,CREDIT,17464,16.170370370370370370370370370370370372,EUR,,
SOL,,2023-12-07 18:45:11,CREDIT,0.05978,3.626653333333333333333333333333333333,EUR,,
BNB,,2023-12-07 18:45:11,DEBIT,-0.06900383,-14.839018071759259259259259259259259259,EUR,,
USDT,,2023-12-08 03:13:20,EARN,0.09589,0,EUR,0,USD
BTC,,2023-12-08 20:33:09,CREDIT,0.4,16401.511606313834726090993500464252553389,EUR,,
BTC,,2023-12-08 20:33:09,EXCHANGE_FEE,-0.0004,-16.401511606313834726090993500464252553,EUR,,
USDT,,2023-12-08 20:33:09,DEBIT,-17640,-16395.2089136490250696378830083565459678,EUR,,
BTC,,2023-12-08 20:33:12,LOAN_REPAYMENT,-0.39950319,-16381.140518861002785515320334261838440112,EUR,,
BTC,,2023-12-08 22:57:00,LOAN,0.39178319,16166.220836618418604651162790697674418605,EUR,,
USDT,,2023-12-08 22:57:43,CREDIT,17351.4823752,16128.227146922994889516728624535315982098,EUR,,
BTC,,2023-12-08 22:57:43,DEBIT,-0.39188,-16126.09144646840148698884758364312267658,EUR,,
USDT,,2023-12-08 22:57:43,EXCHANGE_FEE,-17.35148237,-16.128227142089587613382899628252788101,EUR,,
BTC,,2023-12-08 23:45:07,CREDIT,0.0004,16.426288372093023255813953488372093023,EUR,,
BNB,,2023-12-08 23:45:07,DEBIT,-0.05543237,-12.308564389767441860465116279069767442,EUR,,
USDT,,2023-12-09 01:45:06,CREDIT,17.35148237,16.125912983271375464684014869888475836,EUR,,
BNB,,2023-12-09 01:45:06,DEBIT,-0.05463075,-12.242162118959107806691449814126394052,EUR,,
USDT,,2023-12-09 02:22:05,EARN,0.09589,0,EUR,0,USD
BTC,,2023-12-09 08:42:59,CREDIT,0.3,12239.52,EUR,,
BTC,,2023-12-09 08:42:59,EXCHANGE_FEE,-0.0003,-12.23952,EUR,,
USDT,,2023-12-09 08:42:59,DEBIT,-13144.5,-12227.441860465116279069767441860465117808,EUR,,
BTC,,2023-12-09 08:43:02,LOAN_REPAYMENT,-0.29990411,-12235.607841424,EUR,,
BNB,,2023-12-09 11:45:14,DEBIT,-0.04111091,-9.258375979236499068901303538175046555,EUR,,
BTC,,2023-12-09 11:45:15,CREDIT,0.0003,12.228508379888268156424581005586592179,EUR,,
USDT,,2023-12-09 12:28:00,LOAN,1992.81464591,1855.634847028753488372093023255813952654,EUR,,
BTC,,2023-12-09 13:47:30,CREDIT,0.0919,3765.255844651162790697674418604651162791,EUR,,
BTC,,2023-12-09 13:47:30,EXCHANGE_FEE,-0.0000919,-3.765255844651162790697674418604651163,EUR,,
USDT,,2023-12-09 13:47:30,DEBIT,-4043.6,-3761.488372093023255813953488372093023726,EUR,,
BTC,,2023-12-09 13:47:32,LOAN_REPAYMENT,-0.09188538,-3764.656845299162790697674418604651162791,EUR,,
BTC,,2023-12-09 23:25:25,CREDIT,0.00255,103.874226301115241635687732342007434944,EUR,,
BNB,,2023-12-09 23:25:25,EXCHANGE_FEE,-0.00035155,-0.077961766728624535315985130111524164,EUR,,
USDT,,2023-12-09 23:25:25,DEBIT,-111.718305,-103.827421003717472118959107806691449813,EUR,,
USDT,,2023-12-09 23:28:13,LOAN_REPAYMENT,-1993.68831925,-1852.870185176579925650557620817843866149,EUR,,
BTC,,2023-12-09 23:43:00,LOAN,0.4,16252.710037174721189591078066914498141264,EUR,,
USDT,,2023-12-09 23:43:15,CREDIT,17484.44,16265.729033457249070631970260223048335457,EUR,,
BTC,,2023-12-09 23:43:15,DEBIT,-0.4,-16252.710037174721189591078066914498141264,EUR,,
USDT,,2023-12-09 23:43:15,EXCHANGE_FEE,-17.48444001,-16.265729042760223048327137546468401495,EUR,,
BTC,,2023-12-10 01:31:41,CREDIT,0.4,16309.484651162790697674418604651162790698,EUR,,
BTC,,2023-12-10 01:31:41,EXCHANGE_FEE,-0.0004,-16.309484651162790697674418604651162791,EUR,,
USDT,,2023-12-10 01:31:41,DEBIT,-17534,-16310.69767441860465116279069767441860669,EUR,,
BTC,,2023-12-10 01:31:45,LOAN_REPAYMENT,-0.38465851,-15683.955161960372093023255813953488372093,EUR,,
USDT,,2023-12-10 02:45:11,CREDIT,17.48444001,16.24947956319702602230483271375464684,EUR,,
BNB,,2023-12-10 02:45:11,DEBIT,-0.055248,-12.327242120930232558139534883720930233,EUR,,
USDT,,2023-12-10 03:08:47,EARN,0.09589,0,EUR,0,USD
BTC,,2023-12-10 04:00:47,CREDIT,0.0000919,3.744359592936802973977695167286245353,EUR,,
BNB,,2023-12-10 04:00:47,DEBIT,-0.01255922,-2.80773268680297397769516728624535316,EUR,,
BTC,,2023-12-10 04:45:05,CREDIT,0.0004,16.342468401486988847583643122676579926,EUR,,
BNB,,2023-12-10 04:45:05,DEBIT,-0.05488475,-12.27663720260223048327137546468401487,EUR,,
BTC,,2023-12-10 10:36:30,LOAN_REPAYMENT,-0.0153429,-622.816079322490706319702602230483271375,EUR,,
ATOM,,2023-12-10 23:21:00,LOAN,200,1962.8252788104089219330855018587360594,EUR,,
USDT,,2023-12-10 23:21:12,CREDIT,2109.78416,1960.765947955390334572490706319702602207,EUR,,
USDT,,2023-12-10 23:21:12,EXCHANGE_FEE,-2.10978416,-1.960765947955390334572490706319702602,EUR,,
ATOM,,2023-12-10 23:21:12,DEBIT,-200,-1962.8252788104089219330855018587360594,EUR,,
ATOM,,2023-12-10 23:24:00,LOAN,100,984.2007434944237918215613382899628253,EUR,,
USDT,,2023-12-10 23:24:01,CREDIT,1057.47825,982.78647769516728624535315985130111523,EUR,,
USDT,,2023-12-10 23:24:01,EXCHANGE_FEE,-1.05747825,-0.982786477695167286245353159851301115,EUR,,
ATOM,,2023-12-10 23:24:01,DEBIT,-100,-984.2007434944237918215613382899628253,EUR,,
ATOM,,2023-12-10 23:25:00,LOAN,100,985.1301115241635687732342007434944238,EUR,,
USDT,,2023-12-10 23:25:49,CREDIT,1059.7,984.851301115241635687732342007434944226,EUR,,
USDT,,2023-12-10 23:25:49,EXCHANGE_FEE,-1.0597,-0.984851301115241635687732342007434944,EUR,,
ATOM,,2023-12-10 23:25:49,DEBIT,-100,-985.1301115241635687732342007434944238,EUR,,
ATOM,,2023-12-10 23:27:00,LOAN,50,492.5650557620817843866171003717472119,EUR,,
USDT,,2023-12-10 23:27:26,CREDIT,530.1,492.657992565055762081784386617100371741,EUR,,
USDT,,2023-12-10 23:27:26,EXCHANGE_FEE,-0.5301,-0.492657992565055762081784386617100372,EUR,,
ATOM,,2023-12-10 23:27:26,DEBIT,-50,-492.5650557620817843866171003717472119,EUR,,
ATOM,,2023-12-10 23:33:00,LOAN,50,493.953488372093023255813953488372093,EUR,,
USDT,,2023-12-10 23:33:59,CREDIT,531.25,493.726765799256505576208178438661710031,EUR,,
USDT,,2023-12-10 23:33:59,EXCHANGE_FEE,-0.53125,-0.49372676579925650557620817843866171,EUR,,
ATOM,,2023-12-10 23:33:59,DEBIT,-50,-493.953488372093023255813953488372093,EUR,,
ATOM,,2023-12-10 23:45:00,LOAN,50,495.8139534883720930232558139534883721,EUR,,
USDT,,2023-12-10 23:45:01,CREDIT,532.96307,495.779600000000000000000000000000000062,EUR,,
USDT,,2023-12-10 23:45:01,EXCHANGE_FEE,-0.53296307,-0.4957796,EUR,,
ATOM,,2023-12-10 23:45:01,DEBIT,-50,-495.8139534883720930232558139534883721,EUR,,
ATOM,,2023-12-11 02:10:18,CREDIT,550.4,5279.138347260909935004642525533890436582,EUR,,
ATOM,,2023-12-11 02:10:18,EXCHANGE_FEE,-0.5504,-5.279138347260909935004642525533890437,EUR,,
USDT,,2023-12-11 02:10:18,DEBIT,-5696.64,-5252.440892221180880974695407685098407004,EUR,,
ATOM,,2023-12-11 02:10:22,LOAN_REPAYMENT,-495.33498,-4750.984534261838440111420612813370473704,EUR,,
USDT,,2023-12-11 02:37:42,EARN,0.09589,0,EUR,0,USD
USDT,,2023-12-11 02:45:06,CREDIT,5.82127548,5.420555121376744186046511627906976742,EUR,,
BNB,,2023-12-11 02:45:06,DEBIT,-0.0182325,-3.918545860465116279069767441860465116,EUR,,
ATOM,,2023-12-11 05:45:34,CREDIT,0.5504,5.100918959107806691449814126394052045,EUR,,
BNB,,2023-12-11 05:45:34,DEBIT,-0.01800634,-3.883579297211895910780669144981412639,EUR,,
ATOM,,2023-12-11 06:50:26,CREDIT,0.4293264,3.946853005013927576601671309192200557,EUR,,
USDT,,2023-12-11 06:50:26,DEBIT,-4.32766079,-4.01825514391829155060352831940575673,EUR,,
ATOM,,2023-12-11 06:50:44,LOAN_REPAYMENT,-55.4943464,-510.166688678180129990714948932219127223,EUR,,
BTC,,2023-12-11 06:54:11,CREDIT,0.0048,187.385894150417827298050139275766016713,EUR,,
BNB,,2023-12-11 06:54:11,EXCHANGE_FEE,-0.00064887,-0.140739119777158774373259052924791086,EUR,,
USDT,,2023-12-11 06:54:11,DEBIT,-201.906288,-187.433525294707520891364902506963788247,EUR,,
BTC,,2023-12-11 18:46:18,CREDIT,0.00488,185.089646840148698884758364312267657993,EUR,,
BNB,,2023-12-11 18:46:18,EXCHANGE_FEE,-0.00062181,-0.138791921654275092936802973977695167,EUR,,
USDT,,2023-12-11 18:46:18,DEBIT,-199.694968,-185.23237978830083565459610027855153196,EUR,,
ETH,,2023-12-11 18:46:32,CREDIT,0.0459,93.220937732342007434944237918215613383,EUR,,
BNB,,2023-12-11 18:46:32,EXCHANGE_FEE,-0.00031238,-0.069725190148698884758364312267657993,EUR,,
USDT,,2023-12-11 18:46:32,DEBIT,-100.117539,-92.866686593314763231197771587743732554,EUR,,
USDT,,2023-12-11 18:51:00,LOAN,18387.37785395,17078.387943529395910780669144981412641182,EUR,,
BTC,,2023-12-11 18:51:33,CREDIT,0.49796,18934.727874094707520891364902506963788301,EUR,,
BTC,,2023-12-11 18:51:33,EXCHANGE_FEE,-0.00049796,-18.934727874094707520891364902506963788,EUR,,
USDT,,2023-12-11 18:51:33,DEBIT,-20424.3323396,-18970.332472301338289962825278810408923907,EUR,,
USDT,,2023-12-11 19:27:26,CREDIT,20135.8485,18685.020418662952646239554317548746521789,EUR,,
BTC,,2023-12-11 19:27:26,DEBIT,-0.49755,-18709.87112395543175487465181058495821727,EUR,,
USDT,,2023-12-11 19:27:26,EXCHANGE_FEE,-20.1358485,-18.685020418662952646239554317548746522,EUR,,
USDT,,2023-12-11 19:27:29,LOAN_REPAYMENT,-18388.62823978,-17063.690866143112349117920148560817087858,EUR,,
BTC,,2023-12-11 19:37:00,LOAN,0.5,18790.748141263940520446096654275092936803,EUR,,
USDT,,2023-12-11 19:37:44,CREDIT,20189415,18742.757103624535315985130111524163575903,EUR,,
BTC,,2023-12-11 19:37:44,DEBIT,-0.5,-18718.927576601671309192200557103064066852,EUR,,
USDT,,2023-12-11 19:37:44,EXCHANGE_FEE,-20.189415,-18.742757103624535315985130111524163576,EUR,,
USDT,,2023-12-11 19:49:00,CREDIT,3611.7024856,3350.466066260872794800371402042711233178,EUR,,
BTC,,2023-12-11 19:49:45,CREDIT,0.65354,24671.01363695450324976787372330547818013,EUR,,
BTC,,2023-12-11 19:49:45,EXCHANGE_FEE,-0.00065354,-24.67101363695450324976787372330547818,EUR,,
USDT,,2023-12-11 19:49:45,DEBIT,-26635.67624,-24709.103186057567316620241411327762289907,EUR,,
BTC,,2023-12-11 19:49:48,LOAN_REPAYMENT,-0.5,-18874.907149489322191272051996285979572888,EUR,,
USDT,,2023-12-11 19:50:03,CREDIT,3647.4019848,3383.244737989972144846796657381615597545,EUR,,
BTC,,2023-12-11 19:50:03,DEBIT,-0.08952,-3381.129671309192200557103064066852367688,EUR,,
USDT,,2023-12-11 19:50:03,EXCHANGE_FEE,-3.64740198,-3.383244733537604456824512534818941503,EUR,,
USDT,,2023-12-11 19:50:05,LOAN_REPAYMENT,-3611.82665449,-3350.245893997688022284122562674094706193,EUR,,
USDT,,2023-12-11 21:35:53,CREDIT,2607.967296,2422.549546795539033457249070631970260863,EUR,,
BTC,,2023-12-11 21:35:53,DEBIT,-0.06336,-2422.470084758364312267657992565055762082,EUR,,
USDT,,2023-12-11 21:35:53,EXCHANGE_FEE,-2.6079673,-2.42254955051115241635687732342007435,EUR,,
BTC,,2023-12-11 21:42:00,LOAN,0.19999354,7652.496310808921933085501858736059479554,EUR,,
USDT,,2023-12-11 21:42:45,CREDIT,8224488,7638.990062453531598513011152416356878118,EUR,,
BTC,,2023-12-11 21:42:45,DEBIT,-0.2,-7639.56877323420074349442379182156133829,EUR,,
USDT,,2023-12-11 21:42:45,EXCHANGE_FEE,-8.224488,-7.638990062453531598513011152416356878,EUR,,
BTC,,2023-12-11 21:45:15,CREDIT,0.00049796,19.010659645353159851301115241635687732,EUR,,
BNB,,2023-12-11 21:45:15,DEBIT,-0.06353692,-14.3288745420074349442379182156133829,EUR,,
BTC,,2023-12-11 21:46:00,LOAN,0.07890204,3012.249634034944237918215613382899628253,EUR,,
BTC,,2023-12-11 21:47:06,LOAN_REPAYMENT,-0.07890204,-3012.249634034944237918215613382899628253,EUR,,
BTC,,2023-12-11 21:49:00,LOAN,0.09950204,3799.227394898513011152416356877323420074,EUR,,
BTC,,2023-12-11 21:50:49,LOAN_REPAYMENT,-0.09950204,-3800.910421969144981412639405204460966543,EUR,,
BTC,,2023-12-11 22:25:00,LOAN,0.02250204,862.810400418959107806691449814126394052,EUR,,
USDT,,2023-12-11 22:25:16,CREDIT,949.47519,881.970680673791821561338289962825279043,EUR,,
BTC,,2023-12-11 22:25:16,DEBIT,-23,-881.90400557620817843866171003717472119,EUR,,
USDT,,2023-12-11 22:25:16,EXCHANGE_FEE,-0.94947519,-0.881970680673791821561338289962825279,EUR,,
BNB,,2023-12-11 23:06:00,LOAN,10,2278.71747211895910780669144981412639405,EUR,,
USDT,,2023-12-11 23:06:12,CREDIT,2451,2277.197676579925650557620817843866169883,EUR,,
USDT,,2023-12-11 23:06:12,EXCHANGE_FEE,-2451,-2.27719767657992565055762081784386617,EUR,,
BNB,,2023-12-11 23:06:12,DEBIT,-10,-2278.71747211895910780669144981412639405,EUR,,
USDT,,2023-12-12 01:45:06,CREDIT,0.94947519,0.881882439485130111524163568773234201,EUR,,
BNB,,2023-12-12 01:45:06,DEBIT,-0.0029175,-0.676230947955390334572490706319702602,EUR,,
BTC,,2023-12-12 02:28:10,EARN,0.00000002,0,EUR,0,USD
USDT,,2023-12-12 02:31:52,EARN,0.09589,0,EUR,0,USD
USDT,,2023-12-12 02:45:06,CREDIT,2451,2.27765325278810408921933085501858736,EUR,,
BNB,,2023-12-12 02:45:06,DEBIT,-0.0075,-1.760199814126394052044609665427509294,EUR,,
BTC,,2023-12-12 06:49:00,LOAN,0.03264,1260.153118662952646239554317548746518106,EUR,,
USDT,,2023-12-12 06:49:38,CREDIT,1357.4538624,1260.024722601002785515320334261838439902,EUR,,
BTC,,2023-12-12 06:49:38,DEBIT,-0.03264,-1260.153118662952646239554317548746518106,EUR,,
USDT,,2023-12-12 06:49:38,EXCHANGE_FEE,-1.35745386,-1.26002472037325905292479108635097493,EUR,,
BTC,,2023-12-12 07:15:00,LOAN,0.01356,525.079301298701298701298701298701298701,EUR,,
USDT,,2023-12-12 07:41:24,CREDIT,567.2826,526.619446128133704735376044568245125197,EUR,,
BTC,,2023-12-12 07:41:24,DEBIT,-0.01356,-527.018024512534818941504178272980501393,EUR,,
USDT,,2023-12-12 07:41:24,EXCHANGE_FEE,-0.5672826,-0.526619446128133704735376044568245125,EUR,,
USDT,,2023-12-12 09:45:07,CREDIT,1.35745386,1.25781498538276181649675625579240037,EUR,,
BNB,,2023-12-12 09:45:07,DEBIT,-0.004059,-0.938385125115848007414272474513438369,EUR,,
USDT,,2023-12-12 10:45:07,CREDIT,0.5672826,0.5252091405,EUR,,
BNB,,2023-12-12 10:45:07,DEBIT,-0.0016935,-0.393236972222222222222222222222222222,EUR,,
BTC,,2023-12-12 22:36:00,LOAN,19,726.140732159406858202038924930491195551,EUR,,
USDT,,2023-12-12 22:36:56,CREDIT,783.78686,725.965327047265987025023169601482854154,EUR,,
BTC,,2023-12-12 22:36:56,DEBIT,-19,-726.140732159406858202038924930491195551,EUR,,
USDT,,2023-12-12 22:36:56,EXCHANGE_FEE,-0.78378686,-0.725965327047265987025023169601482854,EUR,,
BTC,,2023-12-12 23:12:00,LOAN,0.01,382.668767377201112140871177015755329008,EUR,,
BTC,,2023-12-12 23:13:00,LOAN,0.02,765.431139944392956441149212233549582947,EUR,,
BTC,,2023-12-12 23:14:00,LOAN,0.01,382.715569972196478220574606116774791474,EUR,,
BTC,,2023-12-12 23:15:00,LOAN,0.01,383.12066728452270620945319740500463392,EUR,,
USDT,,2023-12-12 23:18:13,CREDIT,207,191.570833333333333333333333333333333341,EUR,,
BTC,,2023-12-12 23:18:13,DEBIT,-5,-192.163611111111111111111111111111111111,EUR,,
USDT,,2023-12-12 23:18:13,EXCHANGE_FEE,-207,-0.191570833333333333333333333333333333,EUR,,
USDT,,2023-12-12 23:19:01,CREDIT,414.75,383.835763888888888888888888888888888904,EUR,,
BTC,,2023-12-12 23:19:01,DEBIT,-0.01,-384.327222222222222222222222222222222222,EUR,,
USDT,,2023-12-12 23:19:01,EXCHANGE_FEE,-0.41475,-0.383835763888888888888888888888888889,EUR,,
BTC,,2023-12-12 23:20:11,LOAN_REPAYMENT,-0.01,-384.303796296296296296296296296296296296,EUR,,
BTC,,2023-12-12 23:22:37,LOAN_REPAYMENT,-5,-192.10991658943466172381835032437442076,EUR,,
BTC,,2023-12-12 23:22:39,LOAN_REPAYMENT,-5,-192.10991658943466172381835032437442076,EUR,,
BTC,,2023-12-12 23:22:41,LOAN_REPAYMENT,-5,-192.10991658943466172381835032437442076,EUR,,
BTC,,2023-12-12 23:22:42,LOAN_REPAYMENT,-5,-192.10991658943466172381835032437442076,EUR,,
BTC,,2023-12-12 23:22:44,LOAN_REPAYMENT,-5,-192.10991658943466172381835032437442076,EUR,,
BTC,,2023-12-12 23:36:00,LOAN,0.01,384.498703703703703703703703703703703704,EUR,,
USDT,,2023-12-12 23:36:32,CREDIT,415.4128,384.487624888888888888888888888888889074,EUR,,
BTC,,2023-12-12 23:36:32,DEBIT,-0.01,-384.498703703703703703703703703703703704,EUR,,
USDT,,2023-12-12 23:36:32,EXCHANGE_FEE,-0.4154128,-0.384487624888888888888888888888888889,EUR,,
USDT,,2023-12-13 01:45:05,CREDIT,0.78378686,0.726255887514365152919369786839666357,EUR,,
BNB,,2023-12-13 01:45:05,DEBIT,-0.002298,-0.534205134383688600556070435588507878,EUR,,
BTC,,2023-12-13 02:29:38,EARN,0.00000005,0,EUR,0,USD
USDT,,2023-12-13 02:33:28,EARN,0.09589,0,EUR,0,USD
USDT,,2023-12-13 02:45:05,CREDIT,1.0371628,0.961828989944341372912801484230055659,EUR,,
BNB,,2023-12-13 02:45:05,DEBIT,-0.00303525,-0.700951287105751391465677179962894249,EUR,,
SOL,,2023-12-13 06:47:50,CREDIT,0.23,13.861873840445269016697588126159554731,EUR,,
BNB,,2023-12-13 06:47:50,EXCHANGE_FEE,-0.00004578,-0.01045041038961038961038961038961039,EUR,,
USDT,,2023-12-13 06:47:50,DEBIT,-14.95,-13.861340445269016697588126159554730977,EUR,,
SOL,,2023-12-13 07:00:20,CREDIT,0.23,13.74239332096474953617810760667903525,EUR,,
BNB,,2023-12-13 07:00:20,EXCHANGE_FEE,-0.00004519,-0.010322435621521335807050092764378479,EUR,,
USDT,,2023-12-13 07:00:20,DEBIT,-14.72,-13.63953290083410565338276181649675625,EUR,,
BTC,,2023-12-13 14:30:00,LOAN,17,651.430074142724745134383688600556070436,EUR,,
USDT,,2023-12-13 14:30:50,CREDIT,413.6969,383.254329230769230769230769230769230601,EUR,,
BTC,,2023-12-13 14:30:50,DEBIT,-0.01,-383.194161260426320667284522706209453197,EUR,,
USDT,,2023-12-13 14:30:50,EXCHANGE_FEE,-0.4136969,-0.383254329230769230769230769230769231,EUR,,
USDT,,2023-12-13 14:47:24,CREDIT,290.08,268.902545454545454545454545454545454627,EUR,,
BTC,,2023-12-13 14:47:24,DEBIT,-7,-268.98461038961038961038961038961038961,EUR,,
USDT,,2023-12-13 14:47:24,EXCHANGE_FEE,-0.29008,-0.268902545454545454545454545454545455,EUR,,
BTC,,2023-12-13 15:32:00,LOAN,15,581.030844155844155844155844155844155844,EUR,,
USDT,,2023-12-13 15:32:40,CREDIT,626.9127,580.722190593141797961075069508804448613,EUR,,
BTC,,2023-12-13 15:32:40,DEBIT,-15,-581.079008341056533827618164967562557924,EUR,,
USDT,,2023-12-13 15:32:40,EXCHANGE_FEE,-0.6269127,-0.580722190593141797961075069508804449,EUR,,
BTC,,2023-12-13 16:26:00,LOAN,0.02,779.01260426320667284522706209453197405,EUR,,
USDT,,2023-12-13 16:26:10,CREDIT,841.1826,779.360746265060240963855421686746988043,EUR,,
BTC,,2023-12-13 16:26:10,DEBIT,-0.02,-779.01260426320667284522706209453197405,EUR,,
USDT,,2023-12-13 16:26:10,EXCHANGE_FEE,-0.8411826,-0.779360746265060240963855421686746988,EUR,,
USDT,,2023-12-13 17:45:06,CREDIT,0.7037769,0.652658410881261595547309833024118738,EUR,,
BNB,,2023-12-13 17:45:06,DEBIT,-0.0021135,-0.49292780148423005565862708719851577,EUR,,
USDT,,2023-12-13 18:45:07,CREDIT,0.6269127,0.581493514591836734693877551020408163,EUR,,
BNB,,2023-12-13 18:45:07,DEBIT,-0.00187425,-0.436067386363636363636363636363636364,EUR,,
BTC,,2023-12-13 19:42:00,LOAN,0.02,786.991176470588235294117647058823529412,EUR,,
USDT,,2023-12-13 19:42:22,CREDIT,856.88,788.219238270469181232750689972401103697,EUR,,
BTC,,2023-12-13 19:42:22,DEBIT,-0.02,-786.991176470588235294117647058823529412,EUR,,
USDT,,2023-12-13 19:42:22,EXCHANGE_FEE,-0.85688,-0.788219238270469181232750689972401104,EUR,,
BNB,,2023-12-13 19:45:06,DEBIT,-0.00251025,-0.584671371783088235294117647058823529,EUR,,
USDT,,2023-12-13 19:45:07,CREDIT,0.8411826,0.773145772058823529411764705882352941,EUR,,
BTC,,2023-12-13 22:39:00,LOAN,0.0286,1136.18117571297148114075436982520699172,EUR,,
USDT,,2023-12-13 22:39:41,CREDIT,1234.507846,1135.701790248390064397424103035878564575,EUR,,
BTC,,2023-12-13 22:39:41,DEBIT,-0.0286,-1136.18117571297148114075436982520699172,EUR,,
USDT,,2023-12-13 22:39:41,EXCHANGE_FEE,-1.23450785,-1.135701793928242870285188592456301748,EUR,,
BTC,,2023-12-13 23:01:00,LOAN,0.0216,853.911786568537258509659613615455381785,EUR,,
USDT,,2023-12-13 23:01:34,CREDIT,927.8496,853.587488500459981600735970561177552685,EUR,,
BTC,,2023-12-13 23:01:34,DEBIT,-0.0216,-853.911786568537258509659613615455381785,EUR,,
USDT,,2023-12-13 23:01:34,EXCHANGE_FEE,-0.9278496,-0.853587488500459981600735970561177553,EUR,,
BTC,,2023-12-14 02:31:02,EARN,0.00000006,0,EUR,0,USD
USDT,,2023-12-14 02:36:23,EARN,0.09589,0,EUR,0,USD
BTC,,2023-12-14 13:29:32,CREDIT,35,1360.638782051282051282051282051282051282,EUR,,
BTC,,2023-12-14 13:29:32,EXCHANGE_FEE,-0.000035,-1.360638782051282051282051282051282051,EUR,,
USDT,,2023-12-14 13:29:32,DEBIT,-1479.45,-1358.872115384615384615384615384615384366,EUR,,
BTC,,2023-12-14 13:29:37,LOAN_REPAYMENT,-0.034965,-1359.278143269230769230769230769230769231,EUR,,
BTC,,2023-12-14 19:42:00,LOAN,15,585.358553230209281164695177434030937216,EUR,,
USDT,,2023-12-14 19:42:14,CREDIT,643.1496,585.213466787989080982711555959963603276,EUR,,
BTC,,2023-12-14 19:42:14,DEBIT,-15,-585.358553230209281164695177434030937216,EUR,,
USDT,,2023-12-14 19:42:14,EXCHANGE_FEE,-0.6431496,-0.585213466787989080982711555959963603,EUR,,
USDT,,2023-12-14 22:45:06,CREDIT,0.6431496,0.585213466787989080982711555959963603,EUR,,
BNB,,2023-12-14 22:45:06,DEBIT,-0.00191475,-0.441002292993630573248407643312101911,EUR,,
USDT,,2023-12-15 02:24:20,EARN,0.02055,0,EUR,0,USD
BTC,,2023-12-15 02:28:54,EARN,0.00000006,0,EUR,0,USD
SOL,,2023-12-15 06:49:00,LOAN,20,1370.4918032786885245901639344262295082,EUR,,
USDT,,2023-12-15 06:49:51,CREDIT,1505,1370.67395264116575591985428051001821549,EUR,,
USDT,,2023-12-15 06:49:51,EXCHANGE_FEE,-1505,-1.370673952641165755919854280510018215,EUR,,
SOL,,2023-12-15 06:49:51,DEBIT,-20,-1370.4918032786885245901639344262295082,EUR,,
SOL,,2023-12-15 09:32:26,CREDIT,20,1435.03649635036496350364963503649635036,EUR,,
SOL,,2023-12-15 09:32:26,EXCHANGE_FEE,-0.02,-1.43503649635036496350364963503649635,EUR,,
USDT,,2023-12-15 09:32:26,DEBIT,-1564,-1427.007299270072992700729927007299269936,EUR,,
SOL,,2023-12-15 09:32:29,LOAN_REPAYMENT,-17.987094,-1290.606817664233576642335766423357664229,EUR,,
SOL,,2023-12-15 09:41:00,LOAN,20.007094,1440.145341625570776255707762557077625564,EUR,,
USDT,,2023-12-15 09:41:32,CREDIT,1735.36,1584.803652968036529680365296803652967308,EUR,,
USDT,,2023-12-15 09:41:32,EXCHANGE_FEE,-1.73536,-1.584803652968036529680365296803652967,EUR,,
SOL,,2023-12-15 09:41:32,DEBIT,-22,-1583.598173515981735159817351598173515974,EUR,,
SOL,,2023-12-15 15:13:07,CREDIT,22.02,1530.501008249312557286892758936755270401,EUR,,
SOL,,2023-12-15 15:13:07,EXCHANGE_FEE,-0.02202,-1.53050100824931255728689275893675527,EUR,,
USDT,,2023-12-15 15:13:07,DEBIT,-1673.52,-1533.778779101741521539871677360219982263,EUR,,
SOL,,2023-12-15 15:13:10,LOAN_REPAYMENT,-21.99798,-1528.970507241063244729605866177818515131,EUR,,
SOL,,2023-12-15 15:20:46,CREDIT,0.02336889,1.61997172383134738771769019248395967,EUR,,
USDT,,2023-12-15 15:20:46,DEBIT,-1.8128028,-1.661597433547204399633363886342804766,EUR,,
SOL,,2023-12-15 15:21:04,LOAN_REPAYMENT,-0.02336889,-1.61997172383134738771769019248395967,EUR,,
BTC,,2023-12-16 03:08:49,EARN,0.00000006,0,EUR,0,USD
USDT,,2023-12-16 03:15:35,EARN,0.09589,0,EUR,0,USD
USDT,,2023-12-17 03:07:11,EARN,0.09589,0,EUR,0,USD
BTC,,2023-12-17 03:14:26,EARN,0.00000006,0,EUR,0,USD
BTC,,2023-12-18 03:06:45,EARN,0.00000006,0,EUR,0,USD
USDT,,2023-12-18 03:17:34,EARN,0.09589,0,EUR,0,USD
BTC,,2023-12-18 11:01:00,LOAN,0.02266,846.852386251145737855178735105407882676,EUR,,
USDT,,2023-12-18 11:01:30,CREDIT,924.4371334,846.652230699615032080659945004582951408,EUR,,
BTC,,2023-12-18 11:01:30,DEBIT,-0.02266,-846.852386251145737855178735105407882676,EUR,,
USDT,,2023-12-18 11:01:30,EXCHANGE_FEE,-0.92443713,-0.846652227585701191567369385884509624,EUR,,
BTC,,2023-12-18 12:25:05,CREDIT,0.02734,1028.82501853211009174311926605504587156,EUR,,
BTC,,2023-12-18 12:25:05,EXCHANGE_FEE,-0.00002734,-1.028825018532110091743119266055045872,EUR,,
USDT,,2023-12-18 12:25:05,DEBIT,-1120.7633836,-1027.606353733798165137614678899082568602,EUR,,
BTC,,2023-12-18 12:25:08,LOAN_REPAYMENT,-0.02731266,-1027.796193513577981651376146788990825688,EUR,,
BTC,,2023-12-18 12:33:00,LOAN,0.05,1880.422089825847846012832263978001833181,EUR,,
USDT,,2023-12-18 12:33:16,CREDIT,2053157,1880.774615765352887259395050412465628346,EUR,,
BTC,,2023-12-18 12:33:16,DEBIT,-0.05,-1880.422089825847846012832263978001833181,EUR,,
USDT,,2023-12-18 12:33:16,EXCHANGE_FEE,-2.053157,-1.880774615765352887259395050412465628,EUR,,
BTC,,2023-12-18 12:41:00,LOAN,0.02,751.447479376718606782768102658111824015,EUR,,
USDT,,2023-12-18 12:41:29,CREDIT,820.32,751.070254812098991750687442713107241156,EUR,,
BTC,,2023-12-18 12:41:29,DEBIT,-0.02,-751.447479376718606782768102658111824015,EUR,,
USDT,,2023-12-18 12:41:29,EXCHANGE_FEE,-0.82032,-0.751070254812098991750687442713107241,EUR,,
BTC,,2023-12-18 14:16:00,LOAN,15,567.000137362637362637362637362637362637,EUR,,
USDT,,2023-12-18 14:16:49,CREDIT,619.35585,566.778663832417582417582417582417582486,EUR,,
BTC,,2023-12-18 14:16:49,DEBIT,-15,-567.000137362637362637362637362637362637,EUR,,
USDT,,2023-12-18 14:16:49,EXCHANGE_FEE,-0.61935585,-0.566778663832417582417582417582417582,EUR,,
BTC,,2023-12-18 14:31:00,LOAN,0.01,379.764318389752973467520585544373284538,EUR,,
USDT,,2023-12-18 14:31:29,CREDIT,415.28,379.950776556776556776556776556776556885,EUR,,
BTC,,2023-12-18 14:31:29,DEBIT,-0.01,-379.764318389752973467520585544373284538,EUR,,
USDT,,2023-12-18 14:31:29,EXCHANGE_FEE,-0.41528,-0.379950776556776556776556776556776557,EUR,,
BTC,,2023-12-18 17:24:00,LOAN,0.01,380.343956043956043956043956043956043956,EUR,,
USDT,,2023-12-18 19:06:20,CREDIT,417,381.753571428571428571428571428571428492,EUR,,
BTC,,2023-12-18 19:06:20,DEBIT,-0.01,-381.711263736263736263736263736263736264,EUR,,
USDT,,2023-12-18 19:06:20,EXCHANGE_FEE,-417,-0.381753571428571428571428571428571428,EUR,,
BTC,,2023-12-18 20:37:00,LOAN,0.01,383.120164986251145737855178735105407883,EUR,,
USDT,,2023-12-18 20:37:17,CREDIT,418.0499,383.065522483959670027497708524289642575,EUR,,
BTC,,2023-12-18 20:37:17,DEBIT,-0.01,-383.120164986251145737855178735105407883,EUR,,
USDT,,2023-12-18 20:37:17,EXCHANGE_FEE,-0.4180499,-0.383065522483959670027497708524289643,EUR,,
BTC,,2023-12-18 20:44:00,LOAN,2,76.803849679193400549954170485792850596,EUR,,
USDT,,2023-12-18 20:44:12,CREDIT,83.76982,76.767246595783684692942254812098991728,EUR,,
BTC,,2023-12-18 20:44:12,DEBIT,-2,-76.803849679193400549954170485792850596,EUR,,
USDT,,2023-12-18 20:44:12,EXCHANGE_FEE,-0.08376982,-0.076767246595783684692942254812098992,EUR,,
BTC,,2023-12-18 21:11:00,LOAN,0.01,388.840421631530705774518790100824931256,EUR,,
USDT,,2023-12-18 21:11:17,CREDIT,424.0241,388.500907754353803849679193400549954375,EUR,,
BTC,,2023-12-18 21:11:17,DEBIT,-0.01,-388.840421631530705774518790100824931256,EUR,,
USDT,,2023-12-18 21:11:17,EXCHANGE_FEE,-0.4240241,-0.388500907754353803849679193400549954,EUR,,
BTC,,2023-12-18 22:03:00,LOAN,0.01,389.416025641025641025641025641025641026,EUR,,
USDT,,2023-12-19 01:49:19,CREDIT,430,393.69413919413919413919413919413919424,EUR,,
BTC,,2023-12-19 01:49:19,DEBIT,-0.01,-393.94880952380952380952380952380952381,EUR,,
USDT,,2023-12-19 01:49:19,EXCHANGE_FEE,-0.43,-0.393694139194139194139194139194139194,EUR,,
USDT,,2023-12-19 03:12:09,EARN,0.09589,0,EUR,0,USD
BTC,,2023-12-19 03:13:59,EARN,0.00000006,0,EUR,0,USD
BTC,,2023-12-20 03:01:56,EARN,0.00000006,0,EUR,0,USD
USDT,,2023-12-20 03:13:13,EARN,0.09589,0,EUR,0,USD
BNB,,2023-12-20 13:09:16,CREDIT,10.02,2374.02559414990859232175502742230347349,EUR,,
BNB,,2023-12-20 13:09:16,EXCHANGE_FEE,-0.007515,-1.780519195612431444241316270566727605,EUR,,
USDT,,2023-12-20 13:09:16,DEBIT,-2599188,-2373.212933698630136986301369863013699686,EUR,,
BNB,,2023-12-20 13:09:19,LOAN_REPAYMENT,-9.0171819,-2136.42920336380255941499085923217550274,EUR,,
BNB,,2023-12-20 13:16:46,CREDIT,346,81.781243144424131627056672760511882998,EUR,,
BNB,,2023-12-20 13:16:46,EXCHANGE_FEE,-0.0002595,-0.061335932358318098720292504570383912,EUR,,
USDT,,2023-12-20 13:16:46,DEBIT,-89.5102,-81.7363004383561643835616438356164384,EUR,,
BNB,,2023-12-20 13:16:49,LOAN_REPAYMENT,-0.3457405,-81.719907212065813528336380255941499086,EUR,,
BNB,,2023-12-20 13:17:04,LOAN_REPAYMENT,-0.9915237,-234.358499402193784277879341864716636198,EUR,,
BTC,,2023-12-20 19:05:00,LOAN,0.1,4022.795620437956204379562043795620437956,EUR,,
USDT,,2023-12-20 19:05:05,CREDIT,4407.05,4021.382907930720145852324521422060162368,EUR,,
BTC,,2023-12-20 19:05:05,DEBIT,-0.1,-4022.795620437956204379562043795620437956,EUR,,
USDT,,2023-12-20 19:05:05,EXCHANGE_FEE,-4.40705001,-4.021382917055606198723792160437556972,EUR,,
BTC,,2023-12-20 19:15:00,LOAN,0.05,2010.43618960802187784867821330902461258,EUR,,
USDT,,2023-12-20 19:15:51,CREDIT,2203.3475,2010.529487237921604375569735642661804065,EUR,,
BTC,,2023-12-20 19:15:51,DEBIT,-0.05,-2010.43618960802187784867821330902461258,EUR,,
USDT,,2023-12-20 19:15:51,EXCHANGE_FEE,-2.2033475,-2.010529487237921604375569735642661804,EUR,,
BTC,,2023-12-21 03:03:56,EARN,0.00000006,0,EUR,0,USD
USDT,,2023-12-21 03:17:45,EARN,0.09589,0,EUR,0,USD
USDT,,2023-12-21 23:03:00,LOAN,6.92097623,6.286081952770208900999091734786557677,EUR,,
USDT,,2023-12-22 03:07:16,EARN,0.09589,0,EUR,0,USD
BTC,,2023-12-22 03:14:26,EARN,0.00000006,0,EUR,0,USD
BTC,,2023-12-23 03:06:39,EARN,0.00000006,0,EUR,0,USD
USDT,,2023-12-23 03:10:31,EARN,0.09589,0,EUR,0,USD
USDT,,2023-12-23 11:34:00,LOAN,6388.5238698,5818.846582047133757961783439490445860524,EUR,,
SOL,,2023-12-23 23:20:00,LOAN,35,3425.728597449908925318761384335154826975,EUR,,
USDT,,2023-12-23 23:20:57,CREDIT,3760.05,3424.453551912568306010928961748633881165,EUR,,
USDT,,2023-12-23 23:20:57,EXCHANGE_FEE,-3.76005,-3.424453551912568306010928961748633881,EUR,,
SOL,,2023-12-23 23:20:57,DEBIT,-35,-3425.728597449908925318761384335154826975,EUR,,
SOL,,2023-12-24 01:27:16,CREDIT,35,3580.57324840764331210191082802547770699,EUR,,
SOL,,2023-12-24 01:27:16,EXCHANGE_FEE,-35,-3.580573248407643312101910828025477707,EUR,,
USDT,,2023-12-24 01:27:16,DEBIT,-3855.25,-3507.96178343949044585987261146496815287,EUR,,
SOL,,2023-12-24 01:27:19,LOAN_REPAYMENT,-31.488084,-3221.296891828935395814376706096451319367,EUR,,
USDT,,2023-12-24 03:07:39,EARN,0.09589,0,EUR,0,USD
BTC,,2023-12-24 03:09:32,EARN,0.00000006,0,EUR,0,USD
SOL,,2023-12-24 08:52:16,CREDIT,0.03595166,3.736416368824065633546034639927073838,EUR,,
USDT,,2023-12-24 08:52:16,DEBIT,-4.18317299,-3.809811466302367941712204007285974501,EUR,,
SOL,,2023-12-24 08:52:33,LOAN_REPAYMENT,-3.51286766,-365.088461181950774840474020054694621696,EUR,,
ATOM,,2023-12-24 11:09:00,LOAN,700,7395.6244302643573381950774840474020058,EUR,,
USDT,,2023-12-24 11:09:03,CREDIT,8110.03984,7392.926016408386508659981768459434826065,EUR,,
USDT,,2023-12-24 11:09:03,EXCHANGE_FEE,-8.11003984,-7.392926016408386508659981768459434826,EUR,,
ATOM,,2023-12-24 11:09:03,DEBIT,-700,-7395.6244302643573381950774840474020058,EUR,,
ATOM,,2023-12-24 11:29:22,CREDIT,700,7490.8925318761384335154826958105646629,EUR,,
ATOM,,2023-12-24 11:29:22,EXCHANGE_FEE,-0.7,-7.490892531876138433515482695810564663,EUR,,
USDT,,2023-12-24 11:29:22,DEBIT,-8225,-7498.383424408014571948998178506375224975,EUR,,
ATOM,,2023-12-24 11:29:24,LOAN_REPAYMENT,-699.3,-7483.401639344262295081967213114754098237,EUR,,
ATOM,,2023-12-24 12:10:31,CREDIT,0.94004382,9.931246185792349726775956284153005465,EUR,,
USDT,,2023-12-24 12:10:31,DEBIT,-11.12362679,-10.140938448806921675774134790528233148,EUR,,
ATOM,,2023-12-24 12:10:49,LOAN_REPAYMENT,-0.94004382,-9.931246185792349726775956284153005465,EUR,,
ATOM,,2023-12-24 12:55:00,LOAN,600,6338.7978142076502732240437158469945358,EUR,,
USDT,,2023-12-24 12:55:44,CREDIT,6948.20982,6334.388005300546448087431693989071035961,EUR,,
USDT,,2023-12-24 12:55:44,EXCHANGE_FEE,-6.94820982,-6.334388005300546448087431693989071036,EUR,,
ATOM,,2023-12-24 12:55:44,DEBIT,-600,-6338.7978142076502732240437158469945358,EUR,,
BTC,,2023-12-24 22:16:30,CREDIT,165,6459.163400182315405651777575205104831358,EUR,,
BTC,,2023-12-24 22:16:30,EXCHANGE_FEE,-0.000165,-6.459163400182315405651777575205104831,EUR,,
USDT,,2023-12-24 22:16:30,DEBIT,-7048.8,-6431.949680948040109389243391066545120319,EUR,,
BTC,,2023-12-24 22:16:33,LOAN_REPAYMENT,-0.164835,-6452.704236782133090246125797629899726527,EUR,,
USDT,,2023-12-25 00:18:54,LOAN_REPAYMENT,-6.92097623,-6.30956029711293260473588342440801457,EUR,,
ATOM,,2023-12-25 00:24:22,CREDIT,602.67,6092.625615314494074749316317228805833934,EUR,,
ATOM,,2023-12-25 00:24:22,EXCHANGE_FEE,-0.60267,-6.092625615314494074749316317228805834,EUR,,
USDT,,2023-12-25 00:24:22,DEBIT,-6688.80229,-6097.897169663023679417122040072859742786,EUR,,
ATOM,,2023-12-25 00:24:25,LOAN_REPAYMENT,-542.384586,-5483.176899489516864175022789425706472054,EUR,,
ATOM,,2023-12-25 00:25:01,CREDIT,0.603858,6.115574644808743169398907103825136612,EUR,,
USDT,,2023-12-25 00:25:01,DEBIT,-6.8252364,-6.227950443391066545123062898814949861,EUR,,
ATOM,,2023-12-25 00:25:22,LOAN_REPAYMENT,-60.286602,-610.55283628415300546448087431693989073,EUR,,
USDT,,2023-12-25 03:05:12,EARN,0.09589,0,EUR,0,USD
BTC,,2023-12-25 03:15:18,EARN,0.00000006,0,EUR,0,USD
BTC,,2023-12-26 00:25:00,CREDIT,0.07,2767.35177111716621253405994550408719346,EUR,,
USDT,,2023-12-26 00:25:28,CREDIT,3046.2061,2766.763033605812897366030881017257040206,EUR,,
BTC,,2023-12-26 00:25:28,DEBIT,-0.07,-2767.35177111716621253405994550408719346,EUR,,
USDT,,2023-12-26 00:25:28,EXCHANGE_FEE,-3.0462061,-2.76676303360581289736603088101725704,EUR,,
USDT,,2023-12-26 00:25:31,DEBIT,-3043.1598939,-2763.996270572207084468664850136239783166,EUR,,
BTC,,2023-12-26 03:04:19,EARN,0.00000006,0,EUR,0,USD
USDT,,2023-12-26 03:14:25,EARN,0.09589,0,EUR,0,USD
BTC,,2023-12-27 00:58:48,CREDIT,0.0727,2792.511139619220308250226654578422484134,EUR,,
BTC,,2023-12-27 00:58:48,EXCHANGE_FEE,-0.0000727,-2.792511139619220308250226654578422484,EUR,,
USDT,,2023-12-27 00:58:48,DEBIT,-3078.9177,-2791.464612227079573889392565729827741278,EUR,,
BTC,,2023-12-27 00:58:52,LOAN_REPAYMENT,-0.06537395,-2511.107064868087035358114233907524932004,EUR,,
BTC,,2023-12-27 03:11:01,EARN,0.00000006,0,EUR,0,USD
USDT,,2023-12-27 03:15:19,EARN,0.09589,0,EUR,0,USD
BTC,,2023-12-27 11:28:00,LOAN,0.04274665,1666.317415109049773755656108597285067873,EUR,,
USDT,,2023-12-27 11:28:21,CREDIT,2151.6625,1949.153088235294117647058823529411765086,EUR,,
BTC,,2023-12-27 11:28:21,DEBIT,-0.05,-1949.061990950226244343891402714932126697,EUR,,
USDT,,2023-12-27 11:28:21,EXCHANGE_FEE,-2.1516625,-1.949153088235294117647058823529411765,EUR,,
USDT,,2023-12-27 11:28:23,LOAN_REPAYMENT,-2149.5108375,-1947.203935147058823529411764705882353321,EUR,,
USDT,,2023-12-28 03:07:01,EARN,0.09589,0,EUR,0,USD
BTC,,2023-12-28 03:15:23,EARN,0.00000006,0,EUR,0,USD
BTC,,2023-12-28 14:30:36,CREDIT,0.5,19276.176735798016230838593327321911632101,EUR,,
BTC,,2023-12-28 14:30:36,EXCHANGE_FEE,-0.0005,-19.276176735798016230838593327321911632,EUR,,
USDT,,2023-12-28 14:30:36,DEBIT,-21382815,-19281.167718665464382326420198376916131952,EUR,,
BTC,,2023-12-28 14:30:39,LOAN_REPAYMENT,-0.44992053,-17345.495306687826871055004508566275924256,EUR,,
BTC,,2023-12-28 18:45:00,LOAN,0.10042053,3854.713383521538461538461538461538461539,EUR,,
BTC,,2023-12-29 03:12:58,EARN,0.00000006,0,EUR,0,USD
USDT,,2023-12-29 03:13:50,EARN,0.09589,0,EUR,0,USD
BTC,,2023-12-29 17:07:06,CREDIT,0.13,4935.33931159420289855072463768115942029,EUR,,
BTC,,2023-12-29 17:07:06,EXCHANGE_FEE,-0.00013,-4.93533931159420289855072463768115942,EUR,,
USDT,,2023-12-29 17:07:06,DEBIT,-5443.75,-4930.9329710144927536231884057971014518,EUR,,
BTC,,2023-12-29 17:07:09,LOAN_REPAYMENT,-0.12987,-4930.40397228260869565217391304347826087,EUR,,
BTC,,2023-12-29 17:26:58,LOAN_REPAYMENT,-0.10042053,-3808.790467058839528558476881233000906618,EUR,,
BTC,,2023-12-29 17:27:10,LOAN_REPAYMENT,-0.00032169,-12.20118839592021758839528558476881233,EUR,,
USDT,,2023-12-29 17:27:10,LOAN_REPAYMENT,-1219.89147202,-1105.975949247506799637352674524025385214,EUR,,
BTC,,2023-12-29 20:06:00,LOAN,118,4505.092232304900181488203266787658802178,EUR,,
USDT,,2023-12-29 20:06:48,CREDIT,5470.5235,4964.177404718693284936479128856624322001,EUR,,
BTC,,2023-12-29 20:06:48,DEBIT,-0.13,-4963.237205081669691470054446460980036298,EUR,,
USDT,,2023-12-29 20:06:48,EXCHANGE_FEE,-5.4705235,-4.964177404718693284936479128856624322,EUR,,
BTC,,2023-12-29 21:22:00,LOAN,0.1,3814.865576748410535876475930971843778383,EUR,,
USDT,,2023-12-29 21:22:16,CREDIT,4201736,3815.909015803814713896457765667574930449,EUR,,
BTC,,2023-12-29 21:22:16,DEBIT,-0.1,-3814.865576748410535876475930971843778383,EUR,,
USDT,,2023-12-29 21:22:16,EXCHANGE_FEE,-4.201736,-3.81590901580381471389645776566757493,EUR,,
ATOM,,2023-12-29 21:29:00,LOAN,600,5956.403269754768392370572207084468665,EUR,,
USDT,,2023-12-29 21:29:37,CREDIT,6559.91015,5956.946564913714804722979109900090826134,EUR,,
USDT,,2023-12-29 21:29:37,EXCHANGE_FEE,-6.55991015,-5.956946564913714804722979109900090826,EUR,,
ATOM,,2023-12-29 21:29:37,DEBIT,-600,-5956.403269754768392370572207084468665,EUR,,
USDT,,2023-12-30 03:15:41,EARN,0.09589,0,EUR,0,USD
BTC,,2023-12-30 16:08:00,LOAN,0.05,1927.643051771117166212534059945504087193,EUR,,
USDT,,2023-12-30 16:08:04,CREDIT,2121.8595,1926.825729427792915531335149863760217858,EUR,,
BTC,,2023-12-30 16:08:04,DEBIT,-0.05,-1927.643051771117166212534059945504087193,EUR,,
USDT,,2023-12-30 16:08:04,EXCHANGE_FEE,-2.1218595,-1.926825729427792915531335149863760218,EUR,,
ATOM,,2023-12-30 16:09:00,LOAN,140,1383.46957311534968210717529518619436876,EUR,,
USDT,,2023-12-30 16:09:34,CREDIT,1523.04018,1383.047749286103542234332425068119890918,EUR,,
USDT,,2023-12-30 16:09:34,EXCHANGE_FEE,-1.52304018,-1.383047749286103542234332425068119891,EUR,,
ATOM,,2023-12-30 16:09:34,DEBIT,-140,-1383.46957311534968210717529518619436876,EUR,,
BTC,,2023-12-30 18:27:00,LOAN,22,847.065880217785843920145190562613430127,EUR,,
USDT,,2023-12-30 18:27:44,CREDIT,933.42524,846.943645622504537205081669691470054631,EUR,,
BTC,,2023-12-30 18:27:44,DEBIT,-22,-847.02994555353901996370235934664246824,EUR,,
USDT,,2023-12-30 18:27:44,EXCHANGE_FEE,-0.93342524,-0.846943645622504537205081669691470055,EUR,,
USDT,,2023-12-30 21:45:04,CREDIT,0.93342524,0.8477128950735694822888283378746594,EUR,,
BNB,,2023-12-30 21:45:04,DEBIT,-0.0022065,-0.633211389645776566757493188010899183,EUR,,
USDT,,2023-12-31 02:41:17,EARN,0.09589,0,EUR,0,USD
BTC,,2023-12-31 02:51:58,EARN,0.00000006,0,EUR,0,USD
BTC,,2023-12-31 09:23:00,LOAN,0.1,3878.563124432334241598546775658492279746,EUR,,
USDT,,2023-12-31 09:23:54,CREDIT,4272403,3878.534785195277020890099909173478654852,EUR,,
BTC,,2023-12-31 09:23:54,DEBIT,-0.1,-3878.563124432334241598546775658492279746,EUR,,
USDT,,2023-12-31 09:23:54,EXCHANGE_FEE,-4.272403,-3.878534785195277020890099909173478655,EUR,,
USDT,,2023-12-31 14:29:41,CREDIT,425,385.896911898274296094459582198001816625,EUR,,
BNB,,2023-12-31 14:29:41,EXCHANGE_FEE,-0.00100774,-0.289343114259763851044504995458673933,EUR,,
BTC,,2023-12-31 14:29:41,DEBIT,-0.01,-385.811444141689373297002724795640326975,EUR,,
BTC,,2023-12-31 23:48:03,CREDIT,0.05,1918.97729336966394187102633969118982743,EUR,,
BTC,,2023-12-31 23:48:03,EXCHANGE_FEE,-0.00005,-1.918977293369663941871026339691189827,EUR,,
USDT,,2023-12-31 23:48:03,DEBIT,-2113.3945,-1919.138802089009990917347865576748410411,EUR,,
BTC,,2023-12-31 23:48:06,LOAN_REPAYMENT,-0.04995,-1917.058316076294277929155313351498637602,EUR,,
ATOM,,2023-12-31 23:48:48,CREDIT,152,1463.396911898274296094459582198001816592,EUR,,
ATOM,,2023-12-31 23:48:48,EXCHANGE_FEE,-152,-1.463396911898274296094459582198001817,EUR,,
USDT,,2023-12-31 23:48:48,DEBIT,-1611.85539,-1463.699381400544959128065395095367847316,EUR,,
ATOM,,2023-12-31 23:48:51,LOAN_REPAYMENT,-136.788714,-1316.948563487738419618528610354223433298,EUR,,
ATOM,,2024-01-01 00:59:00,LOAN,134.940714,1311.378393327272727272727272727272727297,EUR,,
BTC,,2024-01-01 01:06:00,LOAN,0.05,1929.259545454545454545454545454545454545,EUR,,
BNB,,2024-01-01 01:13:04,CREDIT,82,23.469890909090909090909090909090909091,EUR,,
BNB,,2024-01-01 01:13:04,EXCHANGE_FEE,-0.0000615,-0.017602418181818181818181818181818182,EUR,,
USDT,,2024-01-01 01:13:04,DEBIT,-25.83,-23.472425454545454545454545454545454538,EUR,,
USDT,,2024-01-01 01:32:37,CREDIT,425.5,386.74081818181818181818181818181818178,EUR,,
BTC,,2024-01-01 01:32:37,DEBIT,-0.01,-386.773818181818181818181818181818181818,EUR,,
USDT,,2024-01-01 01:32:37,EXCHANGE_FEE,-0.4255,-0.386740818181818181818181818181818182,EUR,,
USDT,,2024-01-01 01:35:18,CREDIT,1278,1161.353454545454545454545454545454545106,EUR,,
BTC,,2024-01-01 01:35:18,DEBIT,-0.03,-1164.182454545454545454545454545454545455,EUR,,
USDT,,2024-01-01 01:35:18,EXCHANGE_FEE,-1278,-1.161353454545454545454545454545454545,EUR,,
USDT,,2024-01-01 01:36:24,CREDIT,426.5,387.572181818181818181818181818181818066,EUR,,
BTC,,2024-01-01 01:36:24,DEBIT,-0.01,-388.060818181818181818181818181818181818,EUR,,
USDT,,2024-01-01 01:36:24,EXCHANGE_FEE,-0.4265,-0.387572181818181818181818181818181818,EUR,,
USDT,,2024-01-01 01:37:19,CREDIT,1609.5,1462.596545454545454545454545454545454106,EUR,,
USDT,,2024-01-01 01:37:19,EXCHANGE_FEE,-1.6095,-1.462596545454545454545454545454545454,EUR,,
ATOM,,2024-01-01 01:37:19,DEBIT,-150,-1463.18181818181818181818181818181818175,EUR,,
ATOM,,2024-01-01 02:45:08,CREDIT,152,1.475821980018165304268846503178928247,EUR,,
BTC,,2024-01-01 02:45:08,CREDIT,0.00005,1.931336512261580381471389645776566757,EUR,,
BNB,,2024-01-01 02:45:08,DEBIT,-0.00893423,-2.531284020163487738419618528610354223,EUR,,
BTC,,2024-01-01 03:03:32,EARN,0.00000006,0,EUR,0,USD
USDT,,2024-01-01 03:11:04,EARN,0.09589,0,EUR,0,USD
USDT,,2024-01-01 04:45:04,CREDIT,3.7395,3.396118119891008174386920980926430516,EUR,,
BNB,,2024-01-01 04:45:04,DEBIT,-0.00888825,-2.493311546321525885558583106267029973,EUR,,
BTC,,2024-01-01 15:56:00,LOAN,0.02495,968.46987669990933816863100634632819583,EUR,,
USDT,,2024-01-01 15:56:29,CREDIT,1070.24975,970.308023572076155938349954669084315417,EUR,,
BTC,,2024-01-01 15:56:29,DEBIT,-25,-970.410698096101541251133272892112420671,EUR,,
USDT,,2024-01-01 15:56:29,EXCHANGE_FEE,-1.07024975,-0.970308023572076155938349954669084315,EUR,,
USDT,,2024-01-01 18:15:51,CREDIT,431.8999,391.568359020852221214868540344514959167,EUR,,
BNB,,2024-01-01 18:15:51,EXCHANGE_FEE,-0.00103456,-0.293719368993653671804170444242973708,EUR,,
BTC,,2024-01-01 18:15:51,DEBIT,-0.01,-390.451042611060743427017225747960108794,EUR,,
BTC,,2024-01-01 18:18:00,LOAN,0.02,781.473436083408884859474161378059836809,EUR,,
USDT,,2024-01-01 18:18:27,CREDIT,430.3802,390.190571169537624660018132366273798696,EUR,,
BTC,,2024-01-01 18:18:27,DEBIT,-0.01,-390.736718041704442429737080689029918404,EUR,,
USDT,,2024-01-01 18:18:27,EXCHANGE_FEE,-0.4303802,-0.390190571169537624660018132366273799,EUR,,
BTC,,2024-01-01 18:19:00,LOAN,0.01,390.736718041704442429737080689029918404,EUR,,
BTC,,2024-01-01 18:20:00,LOAN,0.03,1172.443789664551223934723481414324569356,EUR,,
USDT,,2024-01-01 18:21:09,CREDIT,862.3,781.776971894832275611967361740707162215,EUR,,
BTC,,2024-01-01 18:21:09,DEBIT,-0.02,-781.629193109700815956482320942883046238,EUR,,
USDT,,2024-01-01 18:21:09,EXCHANGE_FEE,-0.8623,-0.781776971894832275611967361740707162,EUR,,
ATOM,,2024-01-01 18:24:00,LOAN,12848,129.062411604714415231187669990933816865,EUR,,
USDT,,2024-01-01 18:24:32,CREDIT,144027,130.577515865820489573889392565729827731,EUR,,
USDT,,2024-01-01 18:24:32,EXCHANGE_FEE,-0.144027,-0.130577515865820489573889392565729828,EUR,,
ATOM,,2024-01-01 18:24:32,DEBIT,-13,-130.589301903898458748866727107887579331,EUR,,
USDT,,2024-01-01 18:45:08,CREDIT,1.07024975,0.971188520871143375680580762250453721,EUR,,
BNB,,2024-01-01 18:45:08,DEBIT,-0.002571,-0.727385548504079782411604714415231188,EUR,,
USDT,,2024-01-01 19:32:52,CREDIT,433.5,393.37568058076225045372050816696914721,EUR,,
BTC,,2024-01-01 19:32:52,DEBIT,-0.01,-393.337023593466424682395644283121597096,EUR,,
USDT,,2024-01-01 19:32:52,EXCHANGE_FEE,-0.4335,-0.393375680580762250453720508166969147,EUR,,
USDT,,2024-01-01 19:51:50,CREDIT,870,789.4736842105263157894736842105263162,EUR,,
BTC,,2024-01-01 19:51:50,DEBIT,-0.02,-789.855535390199637023593466424682395644,EUR,,
USDT,,2024-01-01 19:51:50,EXCHANGE_FEE,-0.87,-0.789473684210526315789473684210526316,EUR,,
BTC,,2024-01-01 22:19:00,LOAN,0.02,788.985662431941923774954627949183303085,EUR,,
USDT,,2024-01-01 22:19:13,CREDIT,869.2154,788.761705989110707803992740471869328904,EUR,,
BTC,,2024-01-01 22:19:13,DEBIT,-0.02,-788.985662431941923774954627949183303085,EUR,,
USDT,,2024-01-01 22:19:13,EXCHANGE_FEE,-0.8692154,-0.788761705989110707803992740471869329,EUR,,
USDT,,2024-01-02 01:45:06,CREDIT,0.8692154,0.788834646781504986400725294650951949,EUR,,
BNB,,2024-01-02 01:45:06,DEBIT,-0.0020865,-0.601396264732547597461468721668177697,EUR,,
BTC,,2024-01-02 03:11:33,EARN,0.00000006,0,EUR,0,USD
USDT,,2024-01-02 03:12:08,EARN,0.09589,0,EUR,0,USD
USDT,,2024-01-02 04:00:39,CREDIT,1.4367072,1.305030768784029038112522686025408349,EUR,,
BNB,,2024-01-02 04:00:39,DEBIT,-0.003444,-0.99750990925589836660617059891107078,EUR,,
BNB,,2024-01-02 04:01:10,DEBIT,-0.00313725,-0.90866375226860254083484573502722323,EUR,,
USDT,,2024-01-02 04:01:11,CREDIT,1.3035,1.184032214156079854809437386569872959,EUR,,
USDT,,2024-01-02 06:32:15,CREDIT,678.4017,615.666456663644605621033544877606527775,EUR,,
BNB,,2024-01-02 06:32:15,EXCHANGE_FEE,-0.00160301,-0.461617467180417044424297370806890299,EUR,,
BTC,,2024-01-02 06:32:15,DEBIT,-15,-615.637262012692656391659111514052583862,EUR,,
BTC,,2024-01-02 06:34:00,LOAN,0.1,4101.989120580235720761559383499546690843,EUR,,
USDT,,2024-01-02 06:34:53,CREDIT,4520427,4102.400205802357207615593834995466909255,EUR,,
BTC,,2024-01-02 06:34:53,DEBIT,-0.1,-4101.989120580235720761559383499546690843,EUR,,
USDT,,2024-01-02 06:34:53,EXCHANGE_FEE,-4.520427,-4.102400205802357207615593834995466909,EUR,,
USDT,,2024-01-02 09:45:05,CREDIT,4.520427,4.109852340599455040871934604904632151,EUR,,
BNB,,2024-01-02 09:45:05,DEBIT,-0.01068825,-3.104349305177111716621253405994550409,EUR,,
BTC,,2024-01-02 12:17:45,DEPOSIT,0.00069513,28.794542504014598540145985401459854015,EUR,,
USDT,,2024-01-03 03:08:41,EARN,0.09589,0,EUR,0,USD
BTC,,2024-01-03 11:55:53,CREDIT,0.1,4003.40238313473877176901924839596700275,EUR,,
BTC,,2024-01-03 11:55:53,EXCHANGE_FEE,-0.0001,-4.003402383134738771769019248395967003,EUR,,
USDT,,2024-01-03 11:55:53,DEBIT,-4374,-4013.717355371900826446280991735537189926,EUR,,
BTC,,2024-01-03 11:55:59,LOAN_REPAYMENT,-0.0899923,-3602.753882837763519706691109074243813016,EUR,,
BTC,,2024-01-03 12:54:00,LOAN,0.0900923,3524.149004605866177818515123739688359303,EUR,,
USDT,,2024-01-03 12:54:41,CREDIT,4277,3924.176901924839596700274977085242897374,EUR,,
BTC,,2024-01-03 12:54:41,DEBIT,-0.1,-3911.709440879926672777268560953253895509,EUR,,
USDT,,2024-01-03 12:54:41,EXCHANGE_FEE,-4277,-3.924176901924839596700274977085242897,EUR,,
BTC,,2024-01-03 13:00:00,LOAN,0.1,3916.051376146788990825688073394495412844,EUR,,
USDT,,2024-01-03 13:00:38,CREDIT,4269.5567505,3920.941566284862385321100917431192659885,EUR,,
BTC,,2024-01-03 13:00:38,DEBIT,-0.1,-3916.051376146788990825688073394495412844,EUR,,
USDT,,2024-01-03 13:00:38,EXCHANGE_FEE,-4.26955674,-3.920941556642201834862385321100917431,EUR,,
USDT,,2024-01-03 15:45:49,CREDIT,4277,3.931383838383838383838383838383838384,EUR,,
BNB,,2024-01-03 15:45:49,DEBIT,-0.0102225,-2.958892768595041322314049586776859504,EUR,,
BTC,,2024-01-03 15:54:05,CREDIT,0.7,27520.866727941176470588235294117647058823,EUR,,
BTC,,2024-01-03 15:54:05,EXCHANGE_FEE,-0.0007,-27.520866727941176470588235294117647059,EUR,,
USDT,,2024-01-03 15:54:05,DEBIT,-29998.5,-27625.113615455381784728610855565777383836,EUR,,
BTC,,2024-01-03 15:54:08,LOAN_REPAYMENT,-0.69516451,-27330.7569052921875,EUR,,
BTC,,2024-01-03 16:06:00,LOAN,0.29586451,11756.865750588899082568807339449541284404,EUR,,
USDT,,2024-01-03 16:06:55,CREDIT,12973.8,11936.372977941176470588235294117647057297,EUR,,
BTC,,2024-01-03 16:06:55,DEBIT,-0.3,-11921.199082568807339449541284403669724771,EUR,,
USDT,,2024-01-03 16:06:55,EXCHANGE_FEE,-12.9738,-11.936372977941176470588235294117647057,EUR,,
USDT,,2024-01-03 16:45:14,CREDIT,4.26955674,3.92454205393939393939393939393939394,EUR,,
BNB,,2024-01-03 16:45:14,DEBIT,-0.01016775,-2.964800123966942148760330578512396694,EUR,,
USDT,,2024-01-04 03:29:44,EARN,0.09589,0,EUR,0,USD
BTC,,2024-01-04 03:31:44,EARN,0.00000006,0,EUR,0,USD
BTC,,2024-01-04 04:02:10,CREDIT,0.0001,3.946415215398716773602199816681943171,EUR,,
BNB,,2024-01-04 04:02:10,DEBIT,-0.01015298,-2.952181343171402383134738771769019248,EUR,,
BTC,,2024-01-04 09:23:03,CREDIT,297,11685.403860933211344922232387923147301006,EUR,,
BTC,,2024-01-04 09:23:03,EXCHANGE_FEE,-0.000297,-11.685403860933211344922232387923147301,EUR,,
USDT,,2024-01-04 09:23:03,DEBIT,-12764763,-11690.327322049405306495882891125343090724,EUR,,
BTC,,2024-01-04 09:23:27,LOAN_REPAYMENT,-0.29587153,-11641.004441084903934126258005489478499543,EUR,,
ATOM,,2024-01-04 09:32:38,CREDIT,50.91,464.658455210237659963436928702010968899,EUR,,
ATOM,,2024-01-04 09:32:38,EXCHANGE_FEE,-0.05091,-0.464658455210237659963436928702010969,EUR,,
USDT,,2024-01-04 09:32:38,DEBIT,-507.67452,-464.51754526508226691042047531992687391,EUR,,
ATOM,,2024-01-04 09:34:41,CREDIT,78.69,718.208089579524680073126142595978062122,EUR,,
ATOM,,2024-01-04 09:34:41,EXCHANGE_FEE,-0.07869,-0.718208089579524680073126142595978062,EUR,,
USDT,,2024-01-04 09:34:41,DEBIT,-784.69668,-717.990289469835466179159049360146252367,EUR,,
ATOM,,2024-01-04 09:35:02,CREDIT,655.4,5981.273857404021937842778793418647166345,EUR,,
ATOM,,2024-01-04 09:35:02,EXCHANGE_FEE,-0.6554,-5.981273857404021937842778793418647166,EUR,,
USDT,,2024-01-04 09:35:02,DEBIT,-6535.6488,-5980.058911151736745886654478976234004337,EUR,,
ATOM,,2024-01-04 09:35:05,LOAN_REPAYMENT,-706.439646,-6447.068944848263254113345521023765996326,EUR,,
BTC,,2024-01-04 15:05:00,LOAN,0.09906853,3952.870569497257769652650822669104204753,EUR,,
BTC,,2024-01-04 15:09:00,LOAN,0.1,3993.522374429223744292237442922374429224,EUR,,
USDT,,2024-01-04 15:09:22,CREDIT,4364832,3993.781382084095063985374771480804388023,EUR,,
BTC,,2024-01-04 15:09:22,DEBIT,-0.1,-3993.522374429223744292237442922374429224,EUR,,
USDT,,2024-01-04 15:09:22,EXCHANGE_FEE,-4.364832,-3.993781382084095063985374771480804388,EUR,,
BTC,,2024-01-04 15:09:35,LOAN_REPAYMENT,-0.09906853,-3956.323911568127853881278538812785388128,EUR,,
ATOM,,2024-01-04 15:10:31,CREDIT,0.30613984,2.854320263254113345521023765996343693,EUR,,
USDT,,2024-01-04 15:10:31,DEBIT,-3.18491506,-2.91416816733089579524680073126142596,EUR,,
ATOM,,2024-01-04 15:10:48,LOAN_REPAYMENT,-78.08149384,-727.99930271297989031078610603290676418,EUR,,
BTC,,2024-01-04 16:58:00,LOAN,0.14906853,5983.955217378904109589041095890410958904,EUR,,
USDT,,2024-01-04 16:58:04,CREDIT,6587.3881898,6021.895505013515981735159817351598176464,EUR,,
BTC,,2024-01-04 16:58:04,DEBIT,-0.15,-6021.346575342465753424657534246575342466,EUR,,
USDT,,2024-01-04 16:58:04,EXCHANGE_FEE,-6.58738819,-6.021895505196347031963470319634703199,EUR,,
BTC,,2024-01-04 21:14:00,LOAN,0.1,4054.176416819012797074954296160877513711,EUR,,
USDT,,2024-01-04 21:14:50,CREDIT,4432296,4055.510325411334552102376599634369287482,EUR,,
BTC,,2024-01-04 21:14:50,DEBIT,-0.1,-4054.176416819012797074954296160877513711,EUR,,
USDT,,2024-01-04 21:14:50,EXCHANGE_FEE,-4.432296,-4.055510325411334552102376599634369287,EUR,,
USDT,,2024-01-04 21:52:00,LOAN,2085.78810789,1908.477053014524680073126142595978062375,EUR,,
BTC,,2024-01-04 21:54:00,LOAN,0.01,406.213528336380255941499085923217550274,EUR,,
BTC,,2024-01-04 21:55:00,LOAN,0.01,406.281901279707495429616087751371115174,EUR,,
BTC,,2024-01-04 21:56:00,LOAN,0.01,406.281901279707495429616087751371115174,EUR,,
BTC,,2024-01-04 21:57:00,LOAN,0.01,406.281901279707495429616087751371115174,EUR,,
BTC,,2024-01-04 21:58:00,LOAN,0.01,406.331261425959780621572212065813528336,EUR,,
BTC,,2024-01-04 21:58:43,LOAN_REPAYMENT,-0.01,-406.331261425959780621572212065813528336,EUR,,
BTC,,2024-01-04 21:58:52,LOAN_REPAYMENT,-0.01,-406.331261425959780621572212065813528336,EUR,,
BTC,,2024-01-04 21:59:00,LOAN,0.02,812.662522851919561243144424131627056673,EUR,,
USDT,,2024-01-04 22:02:21,CREDIT,445,407.170932358318098720292504570383912295,EUR,,
BTC,,2024-01-04 22:02:21,DEBIT,-0.01,-407.373467520585544373284537968892955169,EUR,,
USDT,,2024-01-04 22:02:21,EXCHANGE_FEE,-445,-0.407170932358318098720292504570383912,EUR,,
USDT,,2024-01-04 22:02:23,LOAN_REPAYMENT,-444555,-406.763761425959780621572212065813528383,EUR,,
USDT,,2024-01-04 22:17:19,CREDIT,447,409.409506398537477148080438756855575727,EUR,,
BTC,,2024-01-04 22:17:19,DEBIT,-0.01,-409.107404021937842778793418647166361974,EUR,,
USDT,,2024-01-04 22:17:19,EXCHANGE_FEE,-447,-0.409409506398537477148080438756855576,EUR,,
USDT,,2024-01-04 22:17:21,LOAN_REPAYMENT,-446553,-409.000096892138939670932358318098720151,EUR,,
BTC,,2024-01-05 03:05:56,EARN,0.00000006,0,EUR,0,USD
USDT,,2024-01-05 03:14:41,EARN,0.09589,0,EUR,0,USD
USDT,,2024-01-05 04:03:28,CREDIT,892,0.816171846435100548446069469835466179,EUR,,
BNB,,2024-01-05 04:03:28,DEBIT,-0.0020775,-0.613860384263494967978042086001829826,EUR,,
USDT,,2024-01-05 07:09:46,LOAN_REPAYMENT,-1194.89585184,-1094.226970549450549450549450549450549551,EUR,,
BTC,,2024-01-05 07:10:16,LOAN_REPAYMENT,-0.02,-802.015018315018315018315018315018315018,EUR,,
BTC,,2024-01-05 07:10:18,LOAN_REPAYMENT,-0.01,-401.007509157509157509157509157509157509,EUR,,
ATOM,,2024-01-05 10:38:00,LOAN,500,4871.55963302752293577981651376146789,EUR,,
USDT,,2024-01-05 10:39:02,CREDIT,5315,4881.022935779816513761467889908256879905,EUR,,
USDT,,2024-01-05 10:39:02,EXCHANGE_FEE,-5315,-4.88102293577981651376146788990825688,EUR,,
ATOM,,2024-01-05 10:39:02,DEBIT,-500,-4871.55963302752293577981651376146789,EUR,,
ATOM,,2024-01-05 11:44:01,CREDIT,502,4872.623853211009174311926605504587156212,EUR,,
ATOM,,2024-01-05 11:44:01,EXCHANGE_FEE,-502,-4.872623853211009174311926605504587156,EUR,,
USDT,,2024-01-05 11:44:01,DEBIT,-5407216,-4965.7093724770642201834862385321100909,EUR,,
ATOM,,2024-01-05 11:44:03,LOAN_REPAYMENT,-500.34246,-4856.535070458715596330275229357798165385,EUR,,
USDT,,2024-01-05 13:05:00,LOAN,28246.12460914,25916.013504811310724106324472960586624047,EUR,,
BTC,,2024-01-05 13:05:12,CREDIT,1.12366,45303.066780934922089825847846012832263978,EUR,,
BTC,,2024-01-05 13:05:12,EXCHANGE_FEE,-0.00112366,-45.303066780934922089825847846012832264,EUR,,
USDT,,2024-01-05 13:05:12,DEBIT,-49411.8360766,-45335.699278347021081576535288725939516002,EUR,,
BTC,,2024-01-05 13:05:15,LOAN_REPAYMENT,-0.36907888,-14880.306452194317140238313473877176901925,EUR,,
BTC,,2024-01-05 13:15:00,LOAN,0.00154254,62.258285860861594867094408799266727773,EUR,,
USDT,,2024-01-05 13:30:25,CREDIT,33076.55,30459.638040478380864765409383624655030262,EUR,,
BTC,,2024-01-05 13:30:25,DEBIT,-755,-30481.426770929162833486660533578656853726,EUR,,
USDT,,2024-01-05 13:30:25,EXCHANGE_FEE,-33.07655,-30.45963804047838086476540938362465503,EUR,,
USDT,,2024-01-05 13:30:28,LOAN_REPAYMENT,-28246.52974613,-26011.753703657893284268629254829806821786,EUR,,
BTC,,2024-01-05 13:34:16,CREDIT,0.00156,63.023355371900826446280991735537190083,EUR,,
BTC,,2024-01-05 13:34:16,EXCHANGE_FEE,-0.00000156,-0.06302335537190082644628099173553719,EUR,,
USDT,,2024-01-05 13:34:16,DEBIT,-68.3995572,-62.872320254545454545454545454545454551,EUR,,
BTC,,2024-01-05 13:34:18,LOAN_REPAYMENT,-0.00154255,-62.318382582644628099173553719008264463,EUR,,
BTC,,2024-01-05 13:55:00,LOAN,0.89998411,36281.436413357836846929422548120989917507,EUR,,
USDT,,2024-01-05 13:55:38,CREDIT,39544.2,36282.07534372135655362053162236480294186,EUR,,
BTC,,2024-01-05 13:55:38,DEBIT,-0.9,-36282.076993583868010999083409715857011915,EUR,,
USDT,,2024-01-05 13:55:38,EXCHANGE_FEE,-39.5442,-36.282075343721356553620531622364802942,EUR,,
BTC,,2024-01-05 16:34:45,CREDIT,0.0069,273.794392335766423357664233576642335766,EUR,,
BTC,,2024-01-05 16:34:45,EXCHANGE_FEE,-0.0000069,-0.273794392335766423357664233576642336,EUR,,
USDT,,2024-01-05 16:34:45,DEBIT,-299805,-273.818252737226277372262773722627737163,EUR,,
BTC,,2024-01-05 16:35:05,CREDIT,894,35415.83447080291970802919708029197080292,EUR,,
BTC,,2024-01-05 16:35:05,EXCHANGE_FEE,-0.000894,-35.415834470802919708029197080291970803,EUR,,
USDT,,2024-01-05 16:35:05,DEBIT,-38844.249024,-35477.274884145985401459854014598540137763,EUR,,
BTC,,2024-01-05 16:35:13,LOAN_REPAYMENT,-0.80985289,-32082.344404856113138686131386861313868613,EUR,,
BTC,,2024-01-05 16:35:48,LOAN_REPAYMENT,-0.0008991,-35.617871110401459854014598540145985401,EUR,,
BTC,,2024-01-05 16:36:04,LOAN_REPAYMENT,-0.08923692,-3535.123028416423357664233576642335766423,EUR,,
BTC,,2024-01-05 19:49:00,LOAN,0.04998981,2000.712025387740164684354986276303751144,EUR,,
USDT,,2024-01-05 19:49:09,CREDIT,2186729,2002.667638609332113449222323879231472722,EUR,,
BTC,,2024-01-05 19:49:09,DEBIT,-0.05,-2001.11985361390667886550777676120768527,EUR,,
USDT,,2024-01-05 19:49:09,EXCHANGE_FEE,-2.186729,-2.002667638609332113449222323879231473,EUR,,
BTC,,2024-01-05 19:51:00,LOAN,0.85,33907.122140896614821591948764867337602928,EUR,,
USDT,,2024-01-05 19:51:48,CREDIT,37047.2011728,33928.864020103202195791399817017383343701,EUR,,
BTC,,2024-01-05 19:51:48,DEBIT,-0.85,-33907.122140896614821591948764867337602928,EUR,,
USDT,,2024-01-05 19:51:48,EXCHANGE_FEE,-37.04720115,-33.928863999222323879231473010064043911,EUR,,
BTC,,2024-01-05 20:54:23,CREDIT,0.9,36353.684354986276303751143641354071363221,EUR,,
BTC,,2024-01-05 20:54:23,EXCHANGE_FEE,-0.0009,-36.353684354986276303751143641354071363,EUR,,
USDT,,2024-01-05 20:54:23,DEBIT,-39483,-36123.513266239707227813357731015553522307,EUR,,
BTC,,2024-01-05 20:54:30,LOAN_REPAYMENT,-0.80998778,-32717.822317240073193046660567246111619397,EUR,,
USDT,,2024-01-05 20:58:00,LOAN,34687.26415398,31738.529632663601462522851919561243148039,EUR,,
BTC,,2024-01-05 21:01:12,CREDIT,0.03005,1208.161762122598353156450137236962488564,EUR,,
BTC,,2024-01-05 21:01:12,EXCHANGE_FEE,-0.00003005,-1.208161762122598353156450137236962489,EUR,,
USDT,,2024-01-05 21:01:12,DEBIT,-1318.4734995,-1208.600707875000000000000000000000000439,EUR,,
BTC,,2024-01-05 21:01:15,LOAN_REPAYMENT,-0.03005,-1208.161762122598353156450137236962488564,EUR,,
USDT,,2024-01-05 21:05:00,LOAN,5540.1833203,5073.854989588563586459286367795059468621,EUR,,
BTC,,2024-01-05 21:05:42,CREDIT,0.99747,40012.568212912087912087912087912087912088,EUR,,
BTC,,2024-01-05 21:05:42,EXCHANGE_FEE,-0.00099747,-40.012568212912087912087912087912087912,EUR,,
USDT,,2024-01-05 21:05:42,DEBIT,-43709.7837555,-40030.643677269441903019213174748398896346,EUR,,
BTC,,2024-01-05 21:05:45,LOAN_REPAYMENT,-0.05995444,-2405.015810166666666666666666666666666667,EUR,,
BTC,,2024-01-05 21:09:00,LOAN,0.00039974,15.982073331015553522415370539798719122,EUR,,
BTC,,2024-01-05 21:16:00,LOAN,0.00039974,16.021827894602012808783165599268069533,EUR,,
BTC,,2024-01-05 21:16:43,LOAN_REPAYMENT,-0.00039974,-16.021827894602012808783165599268069533,EUR,,
USDT,,2024-01-06 03:07:58,EARN,0.06369655,0,EUR,0,USD
BTC,,2024-01-06 03:15:00,EARN,0.00000006,0,EUR,0,USD
USDT,,2024-01-07 03:07:06,EARN,0.09589,0,EUR,0,USD
BTC,,2024-01-07 03:08:36,EARN,0.00000006,0,EUR,0,USD
BTC,,2024-01-07 14:01:27,LOAN_REPAYMENT,-0.00039974,-16.255895659706959706959706959706959707,EUR,,
USDT,,2024-01-07 14:28:54,CREDIT,45488.0650613,41697.392972858333333333333333333333348496,EUR,,
BTC,,2024-01-07 14:28:54,DEBIT,-1.02559,-41677.648421245421245421245421245421245422,EUR,,
USDT,,2024-01-07 14:28:54,EXCHANGE_FEE,-45.48806505,-41.697392962500000000000000000000000015,EUR,,
USDT,,2024-01-07 14:28:57,LOAN_REPAYMENT,-40251.572295,-36897.274603750000000000000000000000013417,EUR,,
BTC,,2024-01-07 14:29:06,LOAN_REPAYMENT,-0.00000043,-0.017474223443223443223443223443223443,EUR,,
BTC,,2024-01-08 03:10:51,EARN,0.00000006,0,EUR,0,USD
USDT,,2024-01-08 03:12:17,EARN,0.09589,0,EUR,0,USD
BTC,,2024-01-08 14:02:00,LOAN,0.99999017,41115.564751414899451553930530164533820841,EUR,,
USDT,,2024-01-08 14:02:11,CREDIT,44917.757919,41061.804271158904109589041095890410979004,EUR,,
BTC,,2024-01-08 14:02:11,DEBIT,-1,-41115.968921389396709323583180987202925046,EUR,,
USDT,,2024-01-08 14:02:11,EXCHANGE_FEE,-44.91775792,-41.061804272073059360730593607305936093,EUR,,
BTC,,2024-01-08 14:31:20,CREDIT,1,41135.525114155251141552511415525114155251,EUR,,
BTC,,2024-01-08 14:31:20,EXCHANGE_FEE,-1,-41.135525114155251141552511415525114155,EUR,,
USDT,,2024-01-08 14:31:20,DEBIT,-45075,-41205.54794520547945205479452054794522565,EUR,,
BTC,,2024-01-08 14:31:24,LOAN_REPAYMENT,-0.899105,-36985.156307762557077625570776255707762557,EUR,,
BTC,,2024-01-08 14:32:32,CREDIT,0.00101,41.612424292237442922374429223744292237,EUR,,
BTC,,2024-01-08 14:32:32,EXCHANGE_FEE,-0.00000101,-0.041612424292237442922374429223744292,EUR,,
USDT,,2024-01-08 14:32:32,DEBIT,-45.4883901,-41.583450675890410958904109589041095911,EUR,,
BTC,,2024-01-08 14:32:35,LOAN_REPAYMENT,-0.00100899,-41.570811867945205479452054794520547945,EUR,,
BTC,,2024-01-08 14:32:49,LOAN_REPAYMENT,-0.09987748,-4114.994133662831050228310502283105022831,EUR,,
BTC,,2024-01-08 21:39:00,LOAN,0.89998248,38764.028940523835616438356164383561643835,EUR,,
USDT,,2024-01-08 21:39:10,CREDIT,42395805,38756.347767123287671232876712328767142259,EUR,,
BTC,,2024-01-08 21:39:10,DEBIT,-0.9,-38764.783561643835616438356164383561643835,EUR,,
USDT,,2024-01-08 21:39:10,EXCHANGE_FEE,-42.395805,-38.756347767123287671232876712328767142,EUR,,
BTC,,2024-01-09 00:39:51,CREDIT,0.9,38064.703467153284671532846715328467153285,EUR,,
BTC,,2024-01-09 00:39:51,EXCHANGE_FEE,-0.0009,-38.064703467153284671532846715328467153,EUR,,
USDT,,2024-01-09 00:39:51,DEBIT,-41616,-38043.484931506849315068493150684931525472,EUR,,
BTC,,2024-01-09 00:39:54,LOAN_REPAYMENT,-0.80951842,-34237.865120553832116788321167883211678832,EUR,,
USDT,,2024-01-09 03:01:53,EARN,0.09589,0,EUR,0,USD
BTC,,2024-01-09 03:12:10,EARN,0.00000006,0,EUR,0,USD
BTC,,2024-01-09 06:50:26,CREDIT,0.0009,38.454476712328767123287671232876712329,EUR,,
BTC,,2024-01-09 06:50:26,EXCHANGE_FEE,-0.0000009,-0.038454476712328767123287671232876712,EUR,,
USDT,,2024-01-09 06:50:26,DEBIT,-42.086952,-38.474008175342465753424657534246575361,EUR,,
BTC,,2024-01-09 06:50:29,LOAN_REPAYMENT,-0.0008991,-38.416022235616438356164383561643835616,EUR,,
BTC,,2024-01-09 06:50:35,LOAN_REPAYMENT,-0.08957036,-3827.090358594337899543378995433789954338,EUR,,
BTC,,2024-01-09 09:45:07,CREDIT,0.0000009,0.03829233455210237659963436928702011,EUR,,
BNB,,2024-01-09 09:45:07,DEBIT,-0.00010441,-0.029003838208409506398537477148080439,EUR,,
USDT,,2024-01-09 22:16:00,LOAN,40712.10436166,37278.418636651862637362637362637362623494,EUR,,
BTC,,2024-01-09 22:16:32,CREDIT,1,41871.932234432234432234432234432234432234,EUR,,
BTC,,2024-01-09 22:16:32,EXCHANGE_FEE,-1,-41.871932234432234432234432234432234432,EUR,,
USDT,,2024-01-09 22:16:32,DEBIT,-45757.01,-41897.83360714285714285714285714285712727,EUR,,
USDT,,2024-01-10 00:30:25,CREDIT,45877.96077,42012.784587912087912087912087912087915953,EUR,,
BTC,,2024-01-10 00:30:25,DEBIT,-0.99901,-42020.730046794871794871794871794871794872,EUR,,
USDT,,2024-01-10 00:30:25,EXCHANGE_FEE,-45.87796079,-42.012784606227106227106227106227106231,EUR,,
USDT,,2024-01-10 00:30:28,LOAN_REPAYMENT,-40713.78090242,-37283.68214507326007326007326007326007669,EUR,,
BTC,,2024-01-10 03:01:40,EARN,0.00000006,0,EUR,0,USD
USDT,,2024-01-10 03:16:21,EARN,0.09589,0,EUR,0,USD
BTC,,2024-01-10 21:14:00,LOAN,0.99999788,42039.152885939360730593607305936073059361,EUR,,
USDT,,2024-01-10 21:14:30,CREDIT,46052.9670281,42057.504135251141552511415525114155231795,EUR,,
BTC,,2024-01-10 21:14:30,DEBIT,-1,-42039.24200913242009132420091324200913242,EUR,,
USDT,,2024-01-10 21:14:30,EXCHANGE_FEE,-46.05296702,-42.057504127853881278538812785388127835,EUR,,
BTC,,2024-01-10 21:18:12,CREDIT,1,41632.682481751824817518248175182481751825,EUR,,
BTC,,2024-01-10 21:18:12,EXCHANGE_FEE,-1,-41.632682481751824817518248175182481752,EUR,,
USDT,,2024-01-10 21:18:12,DEBIT,-45620,-41615.76277372262773722627737226277371064,EUR,,
BTC,,2024-01-10 21:18:15,LOAN_REPAYMENT,-0.89922508,-37437.152235267883211678832116788321167883,EUR,,
USDT,,2024-01-10 21:22:00,LOAN,48230.87144034,44033.243999002646575342465753424657549663,EUR,,
BTC,,2024-01-10 21:22:41,CREDIT,1.18642,49551.671003652968036529680365296803652968,EUR,,
BTC,,2024-01-10 21:22:41,EXCHANGE_FEE,-0.00118642,-49.551671003652968036529680365296803653,EUR,,
USDT,,2024-01-10 21:22:41,DEBIT,-54138.8308323,-49396.743460127737226277372262773722622995,EUR,,
BTC,,2024-01-10 21:22:44,LOAN_REPAYMENT,-0.10077411,-4208.902028291780821917808219178082191781,EUR,,
BTC,,2024-01-10 21:28:00,LOAN,0.00000561,0.234391993521897810218978102189781022,EUR,,
USDT,,2024-01-10 21:40:20,CREDIT,53516.0068,48877.30183102189781021897810218978101057,EUR,,
BTC,,2024-01-10 21:40:20,DEBIT,-1.18424,-49049.870161313868613138686131386861313869,EUR,,
USDT,,2024-01-10 21:40:20,EXCHANGE_FEE,-53.5160068,-48.877301831021897810218978102189781011,EUR,,
USDT,,2024-01-10 21:40:24,LOAN_REPAYMENT,-48231.54361471,-44050.889742996998175182481751824817508039,EUR,,
USDT,,2024-01-10 21:47:00,LOAN,35607.56190061,32485.402504032791058394160583941605833178,EUR,,
BTC,,2024-01-10 21:47:13,CREDIT,0.89566,37141.827076277372262773722627737226277372,EUR,,
BTC,,2024-01-10 21:47:13,EXCHANGE_FEE,-0.00089566,-37.141827076277372262773722627737226277,EUR,,
USDT,,2024-01-10 21:47:13,DEBIT,-40838.7328271,-37257.891381220155109489051094890510941751,EUR,,
BTC,,2024-01-10 21:47:15,LOAN_REPAYMENT,-0.00000562,-0.233053913503649635036496350364963504,EUR,,
BTC,,2024-01-10 22:13:00,LOAN,0.10524128,4426.799041066666666666666666666666666667,EUR,,
USDT,,2024-01-10 23:25:17,CREDIT,47017.8706447,42899.517011587591240875912408759124083473,EUR,,
BTC,,2024-01-10 23:25:17,DEBIT,-1,-42814.264840182648401826484018264840182648,EUR,,
USDT,,2024-01-10 23:25:17,EXCHANGE_FEE,-47.01787062,-42.899516989051094890510948905109489047,EUR,,
USDT,,2024-01-10 23:25:20,LOAN_REPAYMENT,-35609.0607511,-32490.018933485401459854014598540145982282,EUR,,
BTC,,2024-01-11 03:12:57,EARN,0.00000006,0,EUR,0,USD
USDT,,2024-01-11 03:16:00,EARN,0.09589,0,EUR,0,USD
BTC,,2024-01-11 06:52:42,CREDIT,0.1,4180.037340619307832422586520947176684882,EUR,,
BTC,,2024-01-11 06:52:42,EXCHANGE_FEE,-0.0001,-4.180037340619307832422586520947176685,EUR,,
USDT,,2024-01-11 06:52:42,DEBIT,-4587601,-4178.142987249544626593806921675774136478,EUR,,
BTC,,2024-01-11 06:52:44,LOAN_REPAYMENT,-0.0999,-4175.857303278688524590163934426229508197,EUR,,
BTC,,2024-01-11 06:53:01,CREDIT,0.0054,225.722016393442622950819672131147540984,EUR,,
BTC,,2024-01-11 06:53:01,EXCHANGE_FEE,-0.0000054,-0.225722016393442622950819672131147541,EUR,,
USDT,,2024-01-11 06:53:01,DEBIT,-247.690278,-225.58313114754098360655737704918032796,EUR,,
BTC,,2024-01-11 06:53:03,LOAN_REPAYMENT,-0.00534254,-223.32016693752276867030965391621129326,EUR,,
BTC,,2024-01-11 12:14:00,LOAN,0.99994794,42878.114048437192342752962625341841385597,EUR,,
USDT,,2024-01-11 12:14:11,CREDIT,47013.9488475,42856.835777119416590701914311759343686697,EUR,,
BTC,,2024-01-11 12:14:11,DEBIT,-1,-42880.346399270738377392889699179580674567,EUR,,
USDT,,2024-01-11 12:14:11,EXCHANGE_FEE,-47.01394885,-42.856835779398359161349134001823154079,EUR,,
BTC,,2024-01-11 12:35:58,CREDIT,1,43076.636280765724703737465815861440291705,EUR,,
BTC,,2024-01-11 12:35:58,EXCHANGE_FEE,-1,-43.076636280765724703737465815861440292,EUR,,
USDT,,2024-01-11 12:35:58,DEBIT,-47220,-43044.66727438468550592525068368277121642,EUR,,
BTC,,2024-01-11 12:36:01,LOAN_REPAYMENT,-0.89984689,-38762.377188908204193254329990884229717411,EUR,,
BTC,,2024-01-11 12:40:00,LOAN,0.90084689,38846.480544080856882406563354603463992708,EUR,,
USDT,,2024-01-11 12:40:35,CREDIT,47291.99,43153.401996353691886964448495897903354427,EUR,,
BTC,,2024-01-11 12:40:35,DEBIT,-1,-43122.178669097538742023701002734731084777,EUR,,
USDT,,2024-01-11 12:40:35,EXCHANGE_FEE,-47.29199001,-43.153402005478577939835916134913400164,EUR,,
BTC,,2024-01-11 14:05:05,CREDIT,1,43713.979871912168344007319304666056724611,EUR,,
BTC,,2024-01-11 14:05:05,EXCHANGE_FEE,-1,-43.713979871912168344007319304666056725,EUR,,
USDT,,2024-01-11 14:05:05,DEBIT,-47700,-43681.3186813186813186813186813186813227,EUR,,
BTC,,2024-01-11 14:05:09,LOAN_REPAYMENT,-0.89917869,-39306.679155912351326623970722781335773101,EUR,,
BTC,,2024-01-11 17:23:16,CREDIT,0.00198,83.26522595978062157221206581352833638,EUR,,
BTC,,2024-01-11 17:23:16,EXCHANGE_FEE,-0.00000198,-0.083265225959780621572212065813528336,EUR,,
USDT,,2024-01-11 17:23:16,DEBIT,-91.17108,-83.279031301645338208409506398537477132,EUR,,
BTC,,2024-01-11 17:23:18,LOAN_REPAYMENT,-0.00197802,-83.181960733820840950639853747714808044,EUR,,
BTC,,2024-01-11 17:23:34,LOAN_REPAYMENT,-0.09979672,-4196.765879214625228519195612431444241316,EUR,,
USDT,,2024-01-11 18:36:00,LOAN,41237.43590084,37621.635179972551094890510948905109481827,EUR,,
BTC,,2024-01-11 18:36:34,CREDIT,1,42478.38503649635036496350364963503649635,EUR,,
BTC,,2024-01-11 18:36:34,EXCHANGE_FEE,-1,-42.478385036496350364963503649635036496,EUR,,
USDT,,2024-01-11 18:36:34,DEBIT,-46556.23,-42474.064212591240875912408759124087583085,EUR,,
BTC,,2024-01-11 18:55:00,LOAN,0.00097541,41.419272696532846715328467153284671533,EUR,,
USDT,,2024-01-11 19:18:41,CREDIT,46392.6861864,42290.507006745670009115770282588878782119,EUR,,
BTC,,2024-01-11 19:18:41,DEBIT,-1,-42283.810391978122151321786690975387420237,EUR,,
USDT,,2024-01-11 19:18:41,EXCHANGE_FEE,-46.39268618,-42.290507000911577028258887876025524179,EUR,,
USDT,,2024-01-11 19:18:44,LOAN_REPAYMENT,-41239.56795464,-37593.042802771194165907019143117593456081,EUR,,
BTC,,2024-01-11 19:43:00,LOAN,1,42489.845031905195989061075660893345487694,EUR,,
USDT,,2024-01-11 19:43:47,CREDIT,46600,42440.8014571948998178506375227686703268,EUR,,
BTC,,2024-01-11 19:43:47,DEBIT,-1,-42489.845031905195989061075660893345487694,EUR,,
USDT,,2024-01-11 19:43:47,EXCHANGE_FEE,-46.6,-42.440801457194899817850637522768670327,EUR,,
BTC,,2024-01-11 22:01:02,CREDIT,1,41983.184713375796178343949044585987261146,EUR,,
BTC,,2024-01-11 22:01:02,EXCHANGE_FEE,-1,-41.983184713375796178343949044585987261,EUR,,
USDT,,2024-01-11 22:01:02,DEBIT,-46165.1757311,-42006.529327661510464058234758871701546903,EUR,,
BTC,,2024-01-11 22:01:05,LOAN_REPAYMENT,-0.89986415,-37779.162826394904458598726114649681528662,EUR,,
BTC,,2024-01-11 22:05:46,CREDIT,2,84.37564266180492251595259799453053783,EUR,,
BTC,,2024-01-11 22:05:46,EXCHANGE_FEE,-0.000002,-0.084375642661804922515952597994530538,EUR,,
USDT,,2024-01-11 22:05:46,DEBIT,-92.58042,-84.240600545950864422202001819836214741,EUR,,
BTC,,2024-01-11 22:05:48,LOAN_REPAYMENT,-0.001998,-84.291267019143117593436645396536007293,EUR,,
BTC,,2024-01-11 22:06:05,LOAN_REPAYMENT,-0.09911724,-4181.540411932178669097538742023701002735,EUR,,
BTC,,2024-01-12 03:09:25,EARN,0.00000006,0,EUR,0,USD
USDT,,2024-01-12 03:11:34,EARN,0.09589,0,EUR,0,USD
BNB,,2024-01-12 04:00:19,DEBIT,-0.00022247,-0.063119018049225159525979945305378304,EUR,,
BTC,,2024-01-12 04:00:20,CREDIT,0.00000198,0.083051830993618960802187784867821331,EUR,,
BTC,,2024-01-12 12:42:00,LOAN,0.99997941,41965.906261014455626715462031107044830741,EUR,,
USDT,,2024-01-12 12:42:53,CREDIT,45779.91,41846.352833638025594149908592321755005662,EUR,,
BTC,,2024-01-12 12:42:53,DEBIT,-1,-41897.474839890210430009149130832570905764,EUR,,
USDT,,2024-01-12 12:42:53,EXCHANGE_FEE,-45.77990999,-41.846352824497257769652650822669104183,EUR,,
BTC,,2024-01-12 15:16:33,CREDIT,0.99998,41166.314305378304466727438468550592525068,EUR,,
BTC,,2024-01-12 15:16:33,EXCHANGE_FEE,-0.00099998,-41.166314305378304466727438468550592525,EUR,,
USDT,,2024-01-12 15:16:33,DEBIT,-45184.0916495,-41168.185600433226982680036463081130351067,EUR,,
BTC,,2024-01-12 15:16:36,LOAN_REPAYMENT,-0.89996146,-37048.837301833181403828623518687329079307,EUR,,
BTC,,2024-01-12 15:17:05,LOAN_REPAYMENT,-0.09901856,-4076.310689239744758432087511394712853236,EUR,,
BTC,,2024-01-12 15:23:00,LOAN,1,40966.815693430656934306569343065693430657,EUR,,
USDT,,2024-01-12 15:23:39,CREDIT,44844.266144,40850.387563991978122151321786690975372786,EUR,,
BTC,,2024-01-12 15:23:39,DEBIT,-1,-40966.815693430656934306569343065693430657,EUR,,
USDT,,2024-01-12 15:23:39,EXCHANGE_FEE,-44.84426614,-40.850387560348222424794895168641750213,EUR,,
BTC,,2024-01-12 16:55:06,CREDIT,1,39559.196347031963470319634703196347031963,EUR,,
BTC,,2024-01-12 16:55:06,EXCHANGE_FEE,-1,-39.559196347031963470319634703196347032,EUR,,
USDT,,2024-01-12 16:55:06,DEBIT,-43381.2855401,-39594.34516616988117001828153564899452228,EUR,,
BTC,,2024-01-12 16:55:39,LOAN_REPAYMENT,-0.89989956,-35599.303386647671232876712328767123287671,EUR,,
BTC,,2024-01-12 16:56:21,LOAN_REPAYMENT,-0.09910044,-3920.33376403726027397260273972602739726,EUR,,
BTC,,2024-01-12 16:56:37,CREDIT,0.00203,80.305168584474885844748858447488584475,EUR,,
BTC,,2024-01-12 16:56:37,EXCHANGE_FEE,-0.00000203,-0.080305168584474885844748858447488584,EUR,,
USDT,,2024-01-12 16:56:37,DEBIT,-88.2380303,-80.535350324085923217550274223034734931,EUR,,
BTC,,2024-01-12 16:56:42,LOAN_REPAYMENT,-0.00200725,-79.40519686757990867579908675799086758,EUR,,
BTC,,2024-01-13 00:11:42,CREDIT,0.00116,45.582104395604395604395604395604395604,EUR,,
BNB,,2024-01-13 00:11:42,EXCHANGE_FEE,-0.00012568,-0.034152073924977127172918572735590119,EUR,,
USDT,,2024-01-13 00:11:42,DEBIT,-49.7836388,-45.58029493794871794871794871794871796,EUR,,
BNB,,2024-01-13 00:14:45,CREDIT,117,31.767694419030192131747483989021043001,EUR,,
BNB,,2024-01-13 00:14:45,EXCHANGE_FEE,-0.00008775,-0.023825770814272644098810612991765782,EUR,,
USDT,,2024-01-13 00:14:45,DEBIT,-34.7373,-31.77207576395242451967063129002744739,EUR,,
BTC,,2024-01-13 01:15:54,CREDIT,0.0047,183.09926007326007326007326007326007326,EUR,,
BNB,,2024-01-13 01:15:54,EXCHANGE_FEE,-0.00051534,-0.137480630769230769230769230769230769,EUR,,
USDT,,2024-01-13 01:15:54,DEBIT,-200.00004,-183.131904758241758241758241758241758174,EUR,,
USDT,,2024-01-13 03:02:20,EARN,0.09589,0,EUR,0,USD
BTC,,2024-01-13 03:13:51,EARN,0.00000006,0,EUR,0,USD
BTC,,2024-01-14 03:03:59,EARN,0.00000006,0,EUR,0,USD
USDT,,2024-01-14 03:11:06,EARN,0.09589,0,EUR,0,USD
USDT,,2024-01-15 03:02:24,EARN,0.09589,0,EUR,0,USD
BTC,,2024-01-15 03:04:32,EARN,0.00000006,0,EUR,0,USD
BTC,,2024-01-16 03:01:10,EARN,0.00000006,0,EUR,0,USD
USDT,,2024-01-16 03:07:59,EARN,0.09589,0,EUR,0,USD
USDT,,2024-01-17 03:04:57,EARN,0.09589,0,EUR,0,USD
BTC,,2024-01-17 03:06:59,EARN,0.00000006,0,EUR,0,USD
USDT,,2024-01-18 03:11:26,EARN,0.09589,0,EUR,0,USD
BTC,,2024-01-18 03:15:47,EARN,0.00000006,0,EUR,0,USD
BTC,,2024-01-18 21:03:00,LOAN,1,37602.497695852534562211981566820276497696,EUR,,
USDT,,2024-01-18 21:03:31,CREDIT,40878.95,37597.33106451612903225806451612903227841,EUR,,
BTC,,2024-01-18 21:03:31,DEBIT,-1,-37602.497695852534562211981566820276497696,EUR,,
USDT,,2024-01-18 21:03:31,EXCHANGE_FEE,-40.87895,-37.597331064516129032258064516129032278,EUR,,
ETH,,2024-01-18 21:12:56,CREDIT,0.0205,46.138968692449355432780847145488029466,EUR,,
BNB,,2024-01-18 21:12:56,EXCHANGE_FEE,-0.00012134,-0.034543911418047882136279926335174954,EUR,,
USDT,,2024-01-18 21:12:56,DEBIT,-50.1635,-46.098686003683241252302025782688766118,EUR,,
BTC,,2024-01-18 21:21:42,CREDIT,0.0043,161.154022099447513812154696132596685083,EUR,,
BNB,,2024-01-18 21:21:42,EXCHANGE_FEE,-0.00042439,-0.120865177808471454880294659300184162,EUR,,
USDT,,2024-01-18 21:21:42,DEBIT,-175.44,-161.320795580110497237569060773480663027,EUR,,
SOL,,2024-01-18 21:21:48,CREDIT,0.26,22.348987108655616942909760589318600368,EUR,,
BNB,,2024-01-18 21:21:48,EXCHANGE_FEE,-0.00005889,-0.016771720165745856353591160220994475,EUR,,
USDT,,2024-01-18 21:21:48,DEBIT,-24.31,-22.353559852670349907918968692449355439,EUR,,
USDT,,2024-01-19 03:02:25,EARN,0.09589,0,EUR,0,USD
BTC,,2024-01-19 03:15:09,EARN,0.00000006,0,EUR,0,USD
USDT,,2024-01-19 04:02:14,CREDIT,40.87895,37.523720004595588235294117647058823515,EUR,,
BNB,,2024-01-19 04:02:14,DEBIT,-0.09906225,-28.325612109375,EUR,,
BTC,,2024-01-19 06:43:48,CREDIT,1,38008.288868445262189512419503219871205152,EUR,,
BTC,,2024-01-19 06:43:48,EXCHANGE_FEE,-1,-38.008288868445262189512419503219871205,EUR,,
USDT,,2024-01-19 06:43:48,DEBIT,-41380,-38018.58877644894204231830726770929162114,EUR,,
BTC,,2024-01-19 06:43:55,LOAN_REPAYMENT,-0.8998849,-34203.085227551977920883164673413063477461,EUR,,
BTC,,2024-01-19 06:44:45,CREDIT,0.00103,39.148537534498620055197792088316467341,EUR,,
BTC,,2024-01-19 06:44:45,EXCHANGE_FEE,-0.00000103,-0.039148537534498620055197792088316467,EUR,,
USDT,,2024-01-19 06:44:45,DEBIT,-42.608937,-39.147695843514259429622815087396504132,EUR,,
BTC,,2024-01-19 06:44:48,LOAN_REPAYMENT,-0.00102897,-39.109388996964121435142594296228150874,EUR,,
BTC,,2024-01-19 06:45:03,LOAN_REPAYMENT,-0.09909932,-3767.225550224839006439742410303587856486,EUR,,
BTC,,2024-01-19 19:01:00,LOAN,0.98998422,37961.054105336029411764705882352941176471,EUR,,
USDT,,2024-01-19 19:01:20,CREDIT,41332.4234561,37951.370434415349264705882352941176460863,EUR,,
BTC,,2024-01-19 19:01:20,DEBIT,-0.99,-37961.659191176470588235294117647058823529,EUR,,
USDT,,2024-01-19 19:01:20,EXCHANGE_FEE,-41.33242347,-37.951370447178308823529411764705882343,EUR,,
BTC,,2024-01-19 20:09:26,CREDIT,0.99,38173.763636363636363636363636363636363636,EUR,,
BTC,,2024-01-19 20:09:26,EXCHANGE_FEE,-0.00099,-38.173763636363636363636363636363636364,EUR,,
USDT,,2024-01-19 20:09:26,DEBIT,-41580,-38143.63636363636363636363636363636365114,EUR,,
BTC,,2024-01-19 20:09:29,LOAN_REPAYMENT,-0.89040926,-34333.608718049954086317722681359044995409,EUR,,
BTC,,2024-01-19 20:20:27,CREDIT,0.00099,38.249869301470588235294117647058823529,EUR,,
BTC,,2024-01-19 20:20:27,EXCHANGE_FEE,-0.00000099,-0.038249869301470588235294117647058824,EUR,,
USDT,,2024-01-19 20:20:27,DEBIT,-41.6842272,-38.293552469117647058823529411764705895,EUR,,
BTC,,2024-01-19 20:20:30,LOAN_REPAYMENT,-0.00098901,-38.211619432169117647058823529411764706,EUR,,
BTC,,2024-01-19 20:20:36,LOAN_REPAYMENT,-0.09858855,-3809.090052647977941176470588235294117647,EUR,,
BTC,,2024-01-20 03:00:55,EARN,0.00000006,0,EUR,0,USD
USDT,,2024-01-20 03:02:00,EARN,0.09589,0,EUR,0,USD
BTC,,2024-01-21 03:01:11,EARN,0.00000006,0,EUR,0,USD
USDT,,2024-01-21 03:11:25,EARN,0.09589,0,EUR,0,USD
BTC,,2024-01-21 11:39:00,LOAN,1,38335.032139577594123048668503213957759412,EUR,,
USDT,,2024-01-21 11:39:45,CREDIT,41762,38341.274196510560146923783287419651041212,EUR,,
BTC,,2024-01-21 11:39:45,DEBIT,-1,-38335.032139577594123048668503213957759412,EUR,,
USDT,,2024-01-21 11:39:45,EXCHANGE_FEE,-41762,-38.341274196510560146923783287419651041,EUR,,
USDT,,2024-01-22 03:04:53,EARN,0.09589,0,EUR,0,USD
BTC,,2024-01-22 03:15:55,EARN,0.00000006,0,EUR,0,USD
BTC,,2024-01-22 19:44:39,CREDIT,1.00005,36259.264574517019319227230910763569457222,EUR,,
BTC,,2024-01-22 19:44:39,EXCHANGE_FEE,-0.00100005,-36.259264574517019319227230910763569457,EUR,,
USDT,,2024-01-22 19:44:39,DEBIT,-39595.7674201,-36386.579646676991720331186752529898802919,EUR,,
BTC,,2024-01-22 19:44:42,LOAN_REPAYMENT,-0.89997745,-32630.888926202851885924563017479300827967,EUR,,
BTC,,2024-01-22 19:45:39,LOAN_REPAYMENT,-0.0990725,-3601.439265188419117647058823529411764706,EUR,,
BTC,,2024-01-22 19:46:02,CREDIT,0.00101,36.715068841911764705882352941176470588,EUR,,
BTC,,2024-01-22 19:46:02,EXCHANGE_FEE,-0.00000101,-0.036715068841911764705882352941176471,EUR,,
USDT,,2024-01-22 19:46:02,DEBIT,-40.048419,-36.776080351930147058823529411764705901,EUR,,
BTC,,2024-01-22 19:46:05,LOAN_REPAYMENT,-0.00099295,-36.095274857996323529411764705882352941,EUR,,
SOL,,2024-01-22 19:52:43,CREDIT,0.47,36.135569852941176470588235294117647059,EUR,,
BNB,,2024-01-22 19:52:43,EXCHANGE_FEE,-0.00009658,-0.027142708272058823529411764705882353,EUR,,
USDT,,2024-01-22 19:52:43,DEBIT,-39.3578,-36.141891525735294117647058823529411783,EUR,,
WBETH,,2024-01-22 19:53:08,CREDIT,0.0334,73.31821875,EUR,,
BNB,,2024-01-22 19:53:08,EXCHANGE_FEE,-0.00019584,-0.0550386,EUR,,
USDT,,2024-01-22 19:53:08,DEBIT,-79.845038,-73.320935170772058823529411764705882391,EUR,,
BTC,,2024-01-22 19:53:30,CREDIT,0.0058,212.023371323529411764705882352941176471,EUR,,
BNB,,2024-01-22 19:53:30,EXCHANGE_FEE,-0.00056574,-0.158994779227941176470588235294117647,EUR,,
USDT,,2024-01-22 19:53:30,DEBIT,-230.623834,-211.779662269669117647058823529411764814,EUR,,
USDT,,2024-01-23 03:47:44,EARN,0.09589,0,EUR,0,USD
BTC,,2024-01-23 03:55:12,EARN,0.00000006,0,EUR,0,USD
BTC,,2024-01-23 09:46:35,CREDIT,0.00497,178.955402113970588235294117647058823529,EUR,,
BNB,,2024-01-23 09:46:35,EXCHANGE_FEE,-0.00048897,-0.134318441084558823529411764705882353,EUR,,
USDT,,2024-01-23 09:46:35,DEBIT,-195.0725497,-179.151187187720588235294117647058823564,EUR,,
EUR,,2024-01-23 18:26:47,CREDIT,92.2,92.2,EUR,,
BNB,,2024-01-23 18:26:47,EXCHANGE_FEE,-0.00025154,-0.069111950507848568790397045244690674,EUR,,
USDT,,2024-01-23 18:26:47,DEBIT,-99.8987,-92.150324376731301939058171745152354599,EUR,,
EUR,,2024-01-23 18:27:11,DEBIT,-52.5,-52.5,EUR,,
BTC,,2024-01-23 19:03:00,LOAN,0.49998396,18028.987631836011080332409972299168975069,EUR,,
BTC,,2024-01-23 19:03:45,LOAN_REPAYMENT,-0.49998396,-18028.987631836011080332409972299168975069,EUR,,
BTC,,2024-01-23 19:06:00,LOAN,0.49998396,18053.940219520147874306839186691312384473,EUR,,
USDT,,2024-01-23 19:06:41,CREDIT,19532.5,18019.317405355493998153277931671283470575,EUR,,
BTC,,2024-01-23 19:06:41,DEBIT,-0.5,-18054.519408502772643253234750462107208872,EUR,,
USDT,,2024-01-23 19:06:41,EXCHANGE_FEE,-19.5325,-18.019317405355493998153277931671283471,EUR,,
BTC,,2024-01-23 19:47:23,CREDIT,0.5,18097.762915129151291512915129151291512915,EUR,,
BTC,,2024-01-23 19:47:23,EXCHANGE_FEE,-0.0005,-18.097762915129151291512915129151291513,EUR,,
USDT,,2024-01-23 19:47:23,DEBIT,-19640,-18103.58671586715867158671586715867158244,EUR,,
BTC,,2024-01-23 19:47:39,LOAN_REPAYMENT,-0.44986389,-16283.060050595479704797047970479704797048,EUR,,
BTC,,2024-01-24 03:28:02,EARN,0.00000006,0,EUR,0,USD
USDT,,2024-01-24 03:30:29,EARN,0.09589,0,EUR,0,USD
BTC,,2024-01-24 07:45:00,LOAN,0.45036389,16568.53087134548802946593001841620626151,EUR,,
USDT,,2024-01-24 07:45:40,CREDIT,19998205,18399.82176427255985267034990791896870092,EUR,,
BTC,,2024-01-24 07:45:40,DEBIT,-0.5,-18394.604051565377532228360957642725598526,EUR,,
USDT,,2024-01-24 07:45:40,EXCHANGE_FEE,-19.998205,-18.399821764272559852670349907918968701,EUR,,
BTC,,2024-01-24 10:42:33,CREDIT,0.5005,18519.920151515151515151515151515151515151,EUR,,
BTC,,2024-01-24 10:42:33,EXCHANGE_FEE,-0.0005005,-18.519920151515151515151515151515151515,EUR,,
USDT,,2024-01-24 10:42:33,DEBIT,-20175155,-18515.197343434343434343434343434343424265,EUR,,
BTC,,2024-01-24 10:42:41,LOAN_REPAYMENT,-0.45031418,-16662.902410979063360881542699724517906336,EUR,,
BTC,,2024-01-24 11:30:31,CREDIT,0.00048924,18.082206880956761729530818767249310028,EUR,,
USDT,,2024-01-24 11:30:31,DEBIT,-20.06672326,-18.44957058513707451701931922723091077,EUR,,
BTC,,2024-01-24 11:30:41,LOAN_REPAYMENT,-0.05017456,-1854.441121087764489420423183072677092916,EUR,,
BTC,,2024-01-24 21:12:00,LOAN,1,36426.902573529411764705882352941176470588,EUR,,
USDT,,2024-01-24 21:12:17,CREDIT,39647.72,36419.054566176470588235294117647058807204,EUR,,
BTC,,2024-01-24 21:12:17,DEBIT,-1,-36426.902573529411764705882352941176470588,EUR,,
USDT,,2024-01-24 21:12:17,EXCHANGE_FEE,-39.64771999,-36.419054556990808823529411764705882337,EUR,,
USDT,,2024-01-25 03:01:54,EARN,0.09589,0,EUR,0,USD
BTC,,2024-01-25 03:08:18,EARN,0.00000006,0,EUR,0,USD
BTC,,2024-01-26 03:09:50,EARN,0.00000006,0,EUR,0,USD
USDT,,2024-01-26 03:12:18,EARN,0.09589,0,EUR,0,USD
BTC,,2024-01-26 11:02:57,CREDIT,0.1299,4880.209033149171270718232044198895027624,EUR,,
BTC,,2024-01-26 11:02:57,EXCHANGE_FEE,-0.0001299,-4.880209033149171270718232044198895028,EUR,,
USDT,,2024-01-26 11:02:57,DEBIT,-5301219,-4878.97641850828729281767955801104972117,EUR,,
BTC,,2024-01-26 11:04:02,CREDIT,0.05282,1984.39292633517495395948434622467771639,EUR,,
BTC,,2024-01-26 11:04:02,EXCHANGE_FEE,-0.00005282,-1.984392926335174953959484346224677716,EUR,,
USDT,,2024-01-26 11:04:02,DEBIT,-2155.5842,-1983.891719981583793738489871086556168377,EUR,,
BTC,,2024-01-26 11:05:13,CREDIT,0.81728,30681.210466298342541436464088397790055249,EUR,,
BTC,,2024-01-26 11:05:13,EXCHANGE_FEE,-0.00081728,-30.681210466298342541436464088397790055,EUR,,
USDT,,2024-01-26 11:05:13,DEBIT,-33353.1968,-30693.540406924493554327808471454880310752,EUR,,
BTC,,2024-01-26 11:05:16,LOAN_REPAYMENT,-0.89999512,-33786.38862490386740331491712707182320442,EUR,,
BTC,,2024-01-26 12:16:17,CREDIT,0.00107,40.692149218031278748850045998160073597,EUR,,
BTC,,2024-01-26 12:16:17,EXCHANGE_FEE,-0.00000107,-0.040692149218031278748850045998160074,EUR,,
USDT,,2024-01-26 12:16:17,DEBIT,-44.2582602,-40.699684356872125114995400183992640316,EUR,,
BTC,,2024-01-26 12:16:19,LOAN_REPAYMENT,-0.00106893,-40.651457068813247470101195952161913523,EUR,,
BTC,,2024-01-26 12:16:33,LOAN_REPAYMENT,-0.09898709,-3764.48358592401103955841766329346826127,EUR,,
BTC,,2024-01-26 13:10:00,LOAN,1.07585221,40758.126021712430939226519337016574585635,EUR,,
USDT,,2024-01-26 13:10:17,CREDIT,44282.7984413,40751.591862095046040515653775322283630943,EUR,,
BTC,,2024-01-26 13:10:17,DEBIT,-1.07587,-40758.799987016574585635359116022099447514,EUR,,
USDT,,2024-01-26 13:10:17,EXCHANGE_FEE,-44.28279844,-40.751591860898710865561694290976058953,EUR,,
BTC,,2024-01-26 15:45:07,CREDIT,0.00000107,0.040754071244239631336405529953917051,EUR,,
BNB,,2024-01-26 15:45:07,DEBIT,-0.00010994,-0.030672753364055299539170506912442396,EUR,,
BTC,,2024-01-26 16:06:35,CREDIT,1.08,41404.37569060773480662983425414364640884,EUR,,
BTC,,2024-01-26 16:06:35,EXCHANGE_FEE,-0.00108,-41.404375690607734806629834254143646409,EUR,,
USDT,,2024-01-26 16:06:35,DEBIT,-44971.2,-41397.521767955801104972375690607734787333,EUR,,
BTC,,2024-01-26 16:06:40,LOAN_REPAYMENT,-1.07585641,-41245.521285915285451197053406998158379374,EUR,,
BTC,,2024-01-26 19:03:00,LOAN,1.1,42642.179889298892988929889298892988929889,EUR,,
USDT,,2024-01-26 19:03:08,CREDIT,46221516,42626.982975276752767527675276752767505844,EUR,,
BTC,,2024-01-26 19:03:08,DEBIT,-1.1,-42642.179889298892988929889298892988929889,EUR,,
USDT,,2024-01-26 19:03:08,EXCHANGE_FEE,-46.22151601,-42.626982984499077490774907749077490753,EUR,,
USDT,,2024-01-27 03:01:38,EARN,0.09589,0,EUR,0,USD
BTC,,2024-01-27 03:07:48,EARN,0.00000006,0,EUR,0,USD
BTC,,2024-01-28 03:00:40,EARN,0.00000006,0,EUR,0,USD
USDT,,2024-01-28 03:10:19,EARN,0.09589,0,EUR,0,USD
BTC,,2024-01-28 04:03:01,CREDIT,1.1,42957.760147601476014760147601476014760148,EUR,,
BTC,,2024-01-28 04:03:01,EXCHANGE_FEE,-0.0011,-42.95776014760147601476014760147601476,EUR,,
USDT,,2024-01-28 04:03:01,DEBIT,-46475,-42865.041512915129151291512915129151304375,EUR,,
BTC,,2024-01-28 04:03:04,LOAN_REPAYMENT,-0.98996859,-38660.757493526568265682656826568265682657,EUR,,
BTC,,2024-01-28 08:08:31,CREDIT,0.00117,45.702239944649446494464944649446494465,EUR,,
BTC,,2024-01-28 08:08:31,EXCHANGE_FEE,-0.00000117,-0.045702239944649446494464944649446494,EUR,,
USDT,,2024-01-28 08:08:31,DEBIT,-49.5449019,-45.705629059040590405904059040590405893,EUR,,
BTC,,2024-01-28 08:08:34,LOAN_REPAYMENT,-0.00116883,-45.65653770470479704797047970479704797,EUR,,
BTC,,2024-01-28 08:08:48,LOAN_REPAYMENT,-0.10891198,-4254.291831458856088560885608856088560886,EUR,,
BNB,,2024-01-28 11:45:05,DEBIT,-0.0001215,-0.03440929362880886426592797783933518,EUR,,
BTC,,2024-01-28 11:45:06,CREDIT,0.00000117,0.045831157894736842105263157894736842,EUR,,
BTC,,2024-01-28 18:08:00,LOAN,0.9999794,38816.6750144,EUR,,
USDT,,2024-01-28 18:08:19,CREDIT,42125,38821.002304147465437788018433179723509875,EUR,,
BTC,,2024-01-28 18:08:19,DEBIT,-1,-38817.474654377880184331797235023041474654,EUR,,
USDT,,2024-01-28 18:08:19,EXCHANGE_FEE,-42125,-38.82100230414746543778801843317972351,EUR,,
BTC,,2024-01-29 01:36:51,CREDIT,1,38986.774193548387096774193548387096774194,EUR,,
BTC,,2024-01-29 01:36:51,EXCHANGE_FEE,-1,-38.986774193548387096774193548387096774,EUR,,
USDT,,2024-01-29 01:36:51,DEBIT,-42290,-38973.06082949308755760368663594470046843,EUR,,
BTC,,2024-01-29 01:36:55,LOAN_REPAYMENT,-0.89999607,-35087.943556170967741935483870967741935484,EUR,,
USDT,,2024-01-29 03:09:09,EARN,0.09589,0,EUR,0,USD
BTC,,2024-01-29 03:12:04,EARN,0.00000006,0,EUR,0,USD
BTC,,2024-01-29 06:49:16,CREDIT,0.00101,39.272806457564575645756457564575645756,EUR,,
BTC,,2024-01-29 06:49:16,EXCHANGE_FEE,-0.00000101,-0.039272806457564575645756457564575646,EUR,,
USDT,,2024-01-29 06:49:16,DEBIT,-42.5988811,-39.286071435119926199261992619926199242,EUR,,
BTC,,2024-01-29 06:49:18,LOAN_REPAYMENT,-0.00100899,-39.233533651107011070110701107011070111,EUR,,
BTC,,2024-01-29 06:49:33,LOAN_REPAYMENT,-0.09898553,-3848.950061177675276752767527675276752768,EUR,,
BTC,,2024-01-29 09:45:05,CREDIT,0.00000101,0.039413159057301293900184842883548983,EUR,,
BNB,,2024-01-29 09:45:05,DEBIT,-0.0001044,-0.029752070240295748613678373382624769,EUR,,
BTC,,2024-01-29 11:01:00,LOAN,0.99998059,39083.770019945841035120147874306839186691,EUR,,
USDT,,2024-01-29 11:01:19,CREDIT,42307.58,39097.365288354898336414048059149722733329,EUR,,
BTC,,2024-01-29 11:01:19,DEBIT,-1,-39084.52865064695009242144177449168207024,EUR,,
USDT,,2024-01-29 11:01:19,EXCHANGE_FEE,-42.30758001,-39.097365297596118299445471349353049905,EUR,,
BTC,,2024-01-29 15:51:10,CREDIT,1,39311.964782205746061167747914735866543095,EUR,,
BTC,,2024-01-29 15:51:10,EXCHANGE_FEE,-1,-39.311964782205746061167747914735866543,EUR,,
USDT,,2024-01-29 15:51:10,DEBIT,-42420,-39265.99444444444444444444444444444443816,EUR,,
BTC,,2024-01-29 15:51:13,LOAN_REPAYMENT,-0.89980515,-35373.10836764735866543095458758109360519,EUR,,
BTC,,2024-01-29 16:20:29,CREDIT,1,39.780722222222222222222222222222222222,EUR,,
BTC,,2024-01-29 16:20:29,EXCHANGE_FEE,-0.000001,-0.039780722222222222222222222222222222,EUR,,
USDT,,2024-01-29 16:20:29,DEBIT,-42874,-39.686238703703703703703703703703703697,EUR,,
BTC,,2024-01-29 16:20:31,LOAN_REPAYMENT,-0.000999,-39.7409415,EUR,,
BTC,,2024-01-29 16:20:36,LOAN_REPAYMENT,-0.09918318,-3945.578532696666666666666666666666666667,EUR,,
BTC,,2024-01-29 17:05:00,LOAN,0.99998833,39952.53374849,EUR,,
USDT,,2024-01-29 17:05:56,CREDIT,43153.1,39952.578416666666666666666666666666652282,EUR,,
BTC,,2024-01-29 17:05:56,DEBIT,-1,-39953,EUR,,
USDT,,2024-01-29 17:05:56,EXCHANGE_FEE,-43.15309999,-39.952578407408333333333333333333333319,EUR,,
BTC,,2024-01-29 19:45:09,CREDIT,0.000001,0.039853117483811285846438482886216466,EUR,,
BNB,,2024-01-29 19:45:09,DEBIT,-0.000104,-0.029841554116558741905642923219241443,EUR,,
BTC,,2024-01-30 02:37:51,CREDIT,0.49207,19863.225666666666666666666666666666666667,EUR,,
BTC,,2024-01-30 02:37:51,EXCHANGE_FEE,-0.00049207,-19.863225666666666666666666666666666667,EUR,,
USDT,,2024-01-30 02:37:51,DEBIT,-21476.39515,-19830.466435826408125577100646352723909915,EUR,,
BTC,,2024-01-30 02:38:05,CREDIT,0.50793,20503441,EUR,,
BTC,,2024-01-30 02:38:05,EXCHANGE_FEE,-0.00050793,-20.503441,EUR,,
USDT,,2024-01-30 02:38:05,DEBIT,-22168.60485,-20469.625900277008310249307479224376726,EUR,,
BTC,,2024-01-30 02:38:09,LOAN_REPAYMENT,-0.89954286,-36311.546782,EUR,,
USDT,,2024-01-30 03:09:13,EARN,0.09589,0,EUR,0,USD
BTC,,2024-01-30 03:10:56,EARN,0.00000006,0,EUR,0,USD
BTC,,2024-01-30 07:53:00,LOAN,0.89691186,35947.124860099630314232902033271719038817,EUR,,
USDT,,2024-01-30 07:53:15,CREDIT,43208.1729083,39921.636281356293900184842883548983377159,EUR,,
BTC,,2024-01-30 07:53:15,DEBIT,-0.99637,-39933.284856839186691312384473197781885398,EUR,,
USDT,,2024-01-30 07:53:15,EXCHANGE_FEE,-43.20817291,-39.921636282926987060998151571164510179,EUR,,
BTC,,2024-01-30 11:01:43,CREDIT,1,40153.518005540166204986149584487534626039,EUR,,
BTC,,2024-01-30 11:01:43,EXCHANGE_FEE,-1,-40.153518005540166204986149584487534626,EUR,,
USDT,,2024-01-30 11:01:43,DEBIT,-43520,-40176.6352723915050784856879039704524672,EUR,,
BTC,,2024-01-30 11:01:46,LOAN_REPAYMENT,-0.99737646,-40048.173644911911357340720221606648199446,EUR,,
BTC,,2024-01-30 12:56:00,LOAN,0.93515,37429.887733856088560885608856088560885608,EUR,,
USDT,,2024-01-30 12:56:50,CREDIT,40595.459996,37449.686343173431734317343173431734308205,EUR,,
BTC,,2024-01-30 12:56:50,DEBIT,-0.93515,-37429.887733856088560885608856088560885608,EUR,,
USDT,,2024-01-30 12:56:50,EXCHANGE_FEE,-40.59546,-37.449686346863468634686346863468634677,EUR,,
ATOM,,2024-01-30 13:00:00,LOAN,952.08446,8406.273400977859778597785977859778597983,EUR,,
USDT,,2024-01-30 13:00:04,CREDIT,9116.64376,8417.953610341643582640812557710064633092,EUR,,
USDT,,2024-01-30 13:00:04,EXCHANGE_FEE,-9.11664376,-8.417953610341643582640812557710064633,EUR,,
ATOM,,2024-01-30 13:00:04,DEBIT,-953.24,-8416.476051660516605166051660516605166249,EUR,,
BTC,,2024-01-31 03:02:42,EARN,0.00000006,0,EUR,0,USD
USDT,,2024-01-31 03:06:49,EARN,0.09589,0,EUR,0,USD
ATOM,,2024-01-31 10:43:06,CREDIT,955,8082.195009242144177449168207024029575195,EUR,,
ATOM,,2024-01-31 10:43:06,EXCHANGE_FEE,-955,-8.082195009242144177449168207024029575,EUR,,
USDT,,2024-01-31 10:43:06,DEBIT,-8743025,-8076.389544824399260628465804066543435088,EUR,,
ATOM,,2024-01-31 10:43:10,LOAN_REPAYMENT,-858.781656,-7267.896140473197781885397412199630314533,EUR,,
ATOM,,2024-01-31 11:57:46,CREDIT,5.3,44.983933518005540166204986149584487533,EUR,,
ATOM,,2024-01-31 11:57:46,EXCHANGE_FEE,-0.0053,-0.044983933518005540166204986149584488,EUR,,
USDT,,2024-01-31 11:57:46,DEBIT,-48.7812,-45.01563368421052631578947368421052631,EUR,,
ATOM,,2024-01-31 11:57:48,LOAN_REPAYMENT,-5.2947,-44.938949584487534626038781163434903045,EUR,,
ATOM,,2024-01-31 11:58:04,LOAN_REPAYMENT,-95.21563169,-808.145970909030470914127423822714681404,EUR,,
ATOM,,2024-01-31 13:45:08,CREDIT,955,8.049285714285714285714285714285714285,EUR,,
BNB,,2024-01-31 13:45:08,DEBIT,-0.02162359,-6.031686187557603686635944700460829493,EUR,,
ATOM,,2024-01-31 14:45:06,CREDIT,0.0053,0.044389328426862925482980680772769089,EUR,,
BNB,,2024-01-31 14:45:06,DEBIT,-0.00012036,-0.033483775528978840846366145354185833,EUR,,
BTC,,2024-01-31 15:32:04,CREDIT,0.94,37293.077460901563937442502299908003679853,EUR,,
BTC,,2024-01-31 15:32:04,EXCHANGE_FEE,-0.00094,-37.29307746090156393744250229990800368,EUR,,
USDT,,2024-01-31 15:32:04,DEBIT,-40546.9,-37283.005105795768169273229070837166529864,EUR,,
BTC,,2024-01-31 15:32:07,LOAN_REPAYMENT,-0.93518427,-37102.020660985832566697332106715731370746,EUR,,
BTC,,2024-01-31 16:35:00,LOAN,935,37370.845940959409594095940959409594095941,EUR,,
USDT,,2024-01-31 16:35:44,CREDIT,40526.85505,37378.920368071955719557195571955719568411,EUR,,
BTC,,2024-01-31 16:35:44,DEBIT,-935,-37370.845940959409594095940959409594095941,EUR,,
USDT,,2024-01-31 16:35:44,EXCHANGE_FEE,-40.52685505,-37.378920368071955719557195571955719568,EUR,,
BTC,,2024-01-31 20:14:00,LOAN,0.05,1983.141998149861239592969472710453283996,EUR,,
USDT,,2024-01-31 20:14:57,CREDIT,2145.4255,1984.072037326549491211840888066604995978,EUR,,
BTC,,2024-01-31 20:14:57,DEBIT,-0.05,-1983.141998149861239592969472710453283996,EUR,,
USDT,,2024-01-31 20:14:57,EXCHANGE_FEE,-2.1454255,-1.984072037326549491211840888066604996,EUR,,
BTC,,2024-01-31 20:20:00,LOAN,0.20775,8236.597562442183163737280296022201665125,EUR,,
USDT,,2024-01-31 20:20:29,CREDIT,8912475,8234.566781423290203327171903881700557214,EUR,,
BTC,,2024-01-31 20:20:29,DEBIT,-0.20775,-8236.597562442183163737280296022201665125,EUR,,
USDT,,2024-01-31 20:20:29,EXCHANGE_FEE,-8.912475,-8.234566781423290203327171903881700557,EUR,,
BTC,,2024-02-01 03:02:37,EARN,0.00000006,0,EUR,0,USD
USDT,,2024-02-01 03:10:08,EARN,0.09589,0,EUR,0,USD
BTC,,2024-02-01 07:34:14,CREDIT,1193,46687.231288229842446709916589434661723818,EUR,,
BTC,,2024-02-01 07:34:14,EXCHANGE_FEE,-0.001193,-46.687231288229842446709916589434661724,EUR,,
USDT,,2024-02-01 07:34:14,DEBIT,-50422145,-46688.382826227988878591288229842446711038,EUR,,
BTC,,2024-02-01 07:34:30,LOAN_REPAYMENT,-1.0736924,-42018.210738654309545875810936051899907322,EUR,,
BTC,,2024-02-01 21:03:00,LOAN,0.8818854,34936.702170171270718232044198895027624309,EUR,,
USDT,,2024-02-01 21:03:57,CREDIT,43036,39620.067034990791896869244935543278067516,EUR,,
BTC,,2024-02-01 21:03:57,DEBIT,-1,-39615.920810313075506445672191528545119705,EUR,,
USDT,,2024-02-01 21:03:57,EXCHANGE_FEE,-43036,-39.620067034990791896869244935543278068,EUR,,
BTC,,2024-02-02 00:20:29,CREDIT,1001,39904.58413063477460901563937442502299908,EUR,,
BTC,,2024-02-02 00:20:29,EXCHANGE_FEE,-0.001001,-39.904584130634774609015639374425022999,EUR,,
USDT,,2024-02-02 00:20:29,DEBIT,-43393.35,-39904.31707451701931922723091076356947806,EUR,,
BTC,,2024-02-02 00:20:32,LOAN_REPAYMENT,-0.999999,-39864.679546504139834406623735050597976081,EUR,,
BTC,,2024-02-02 03:00:50,EARN,0.00000006,0,EUR,0,USD
USDT,,2024-02-02 03:04:42,EARN,0.02055,0,EUR,0,USD
BTC,,2024-02-02 11:48:00,LOAN,1,39641.130514705882352941176470588235294118,EUR,,
USDT,,2024-02-02 11:48:09,CREDIT,43153.43,39655.146428308823529411764705882352958946,EUR,,
BTC,,2024-02-02 11:48:09,DEBIT,-1,-39641.130514705882352941176470588235294118,EUR,,
USDT,,2024-02-02 11:48:09,EXCHANGE_FEE,-43.15343,-39.655146428308823529411764705882352959,EUR,,
USDT,,2024-02-03 03:01:21,EARN,0.02055,0,EUR,0,USD
BTC,,2024-02-03 03:04:50,EARN,0.00000006,0,EUR,0,USD
BTC,,2024-02-04 03:00:45,EARN,0.00000006,0,EUR,0,USD
USDT,,2024-02-04 03:07:28,EARN,0.02055,0,EUR,0,USD
BTC,,2024-02-05 03:03:11,EARN,0.00000006,0,EUR,0,USD
USDT,,2024-02-05 03:06:10,EARN,0.02055,0,EUR,0,USD
ATOM,,2024-02-05 14:23:00,LOAN,988.99198769,8403.66934791335195530726256983240223462,EUR,,
USDT,,2024-02-05 14:23:41,CREDIT,9039.0431,8409.508254674115456238361266294227189126,EUR,,
USDT,,2024-02-05 14:23:41,EXCHANGE_FEE,-9.0390431,-8.409508254674115456238361266294227189,EUR,,
ATOM,,2024-02-05 14:23:41,DEBIT,-990,-8412.23463687150837988826815642458100557,EUR,,
BTC,,2024-02-06 03:04:57,EARN,0.00000006,0,EUR,0,USD
USDT,,2024-02-06 03:05:31,EARN,0.09589,0,EUR,0,USD
ATOM,,2024-02-06 15:33:51,CREDIT,991,8478.86312849162011173184357541899441374,EUR,,
ATOM,,2024-02-06 15:33:51,EXCHANGE_FEE,-991,-8.478863128491620111731843575418994414,EUR,,
USDT,,2024-02-06 15:33:51,DEBIT,-9117.2,-8480.52402234636871508379888268156424199,EUR,,
ATOM,,2024-02-06 15:33:54,LOAN_REPAYMENT,-891.058365,-7623.7758994273743016759776536312849165,EUR,,
ATOM,,2024-02-06 19:48:17,CREDIT,8.02,68.315479069767441860465116279069767442,EUR,,
ATOM,,2024-02-06 19:48:17,EXCHANGE_FEE,-0.00802,-0.068315479069767441860465116279069767,EUR,,
USDT,,2024-02-06 19:48:17,DEBIT,-73.45518,-68.303067839999999999999999999999999995,EUR,,
ATOM,,2024-02-06 19:48:19,LOAN_REPAYMENT,-8.01198,-68.247163590697674418604651162790697675,EUR,,
ATOM,,2024-02-06 19:48:34,LOAN_REPAYMENT,-98.87380405,-842.22085924265116279069767441860465117,EUR,,
USDT,,2024-02-06 22:37:00,EARN,42.15056501,0,EUR,0,USD
ETH,,2024-02-06 22:40:00,LOAN,5,11068.58736059479553903345724907063197026,EUR,,
USDT,,2024-02-06 22:40:05,CREDIT,11911.45,11077.094479069767441860465116279069767165,EUR,,
ETH,,2024-02-06 22:40:05,DEBIT,-5,-11068.58736059479553903345724907063197026,EUR,,
USDT,,2024-02-06 22:40:05,EXCHANGE_FEE,-11.91145,-11.077094479069767441860465116279069767,EUR,,
ATOM,,2024-02-06 22:45:06,CREDIT,0.00802,0.068263255813953488372093023255813953,EUR,,
BNB,,2024-02-06 22:45:06,DEBIT,-0.00018171,-0.051243910325581395348837209302325581,EUR,,
BTC,,2024-02-07 03:01:22,EARN,0.00000006,0,EUR,0,USD
ETH,,2024-02-07 16:41:48,CREDIT,5001,11126.737437325905292479108635097493036212,EUR,,
ETH,,2024-02-07 16:41:48,EXCHANGE_FEE,-0.005001,-11.126737437325905292479108635097493036,EUR,,
USDT,,2024-02-07 16:41:48,DEBIT,-11980.3956,-11120.521338272980501392757660167130917373,EUR,,
ETH,,2024-02-07 16:41:52,LOAN_REPAYMENT,-4.995999,-11115.610699888579387186629526462395543175,EUR,,
BTC,,2024-02-07 17:41:48,CREDIT,1001,40528.854196843082636954503249767873723306,EUR,,
BTC,,2024-02-07 17:41:48,EXCHANGE_FEE,-0.001001,-40.528854196843082636954503249767873723,EUR,,
USDT,,2024-02-07 17:41:48,DEBIT,-43663.62,-40509.460635097493036211699164345403917519,EUR,,
BTC,,2024-02-07 17:41:51,LOAN_REPAYMENT,-0.999999,-40488.325342646239554317548746518105849583,EUR,,
BTC,,2024-02-07 17:44:46,CREDIT,0.00116,46.81731970260223048327137546468401487,EUR,,
BTC,,2024-02-07 17:44:46,EXCHANGE_FEE,-0.00000116,-0.046817319702602230483271375464684015,EUR,,
USDT,,2024-02-07 17:44:46,DEBIT,-50.4300372,-46.830569860817843866171003717472118949,EUR,,
BTC,,2024-02-07 17:44:48,LOAN_REPAYMENT,-0.00114331,-46.143715335501858736059479553903345725,EUR,,
ETH,,2024-02-07 17:45:01,CREDIT,0.00425162,9.501640384586815227483751160631383473,EUR,,
USDT,,2024-02-07 17:45:01,DEBIT,-10.46581375,-9.709787464252553389043639740018570106,EUR,,
ETH,,2024-02-07 17:45:26,LOAN_REPAYMENT,-0.00425162,-9.501640384586815227483751160631383473,EUR,,
BTC,,2024-02-07 20:20:00,LOAN,1.10869447,45387.357442037325905292479108635097493036,EUR,,
USDT,,2024-02-07 20:20:31,CREDIT,48840.89292,45293.358675439703153988868274582560293765,EUR,,
BTC,,2024-02-07 20:20:31,DEBIT,-1.10871,-45387.993203899721448467966573816155988858,EUR,,
USDT,,2024-02-07 20:20:31,EXCHANGE_FEE,-48.84089292,-45.293358675439703153988868274582560294,EUR,,
BTC,,2024-02-08 00:01:17,CREDIT,1109,45664.885612244897959183673469387755102041,EUR,,
BTC,,2024-02-08 00:01:17,EXCHANGE_FEE,-0.001109,-45.664885612244897959183673469387755102,EUR,,
USDT,,2024-02-08 00:01:17,DEBIT,-49251.0772945,-45682.887000714795918367346938775510217148,EUR,,
BTC,,2024-02-08 00:01:19,LOAN_REPAYMENT,-0.99802233,-41095.198861962244897959183673469387755102,EUR,,
BTC,,2024-02-08 04:44:18,EARN,0.00000006,0,EUR,0,USD
BTC,,2024-02-08 06:37:16,CREDIT,0.00082,33.832204448563484708063021316033364226,EUR,,
BTC,,2024-02-08 06:37:16,EXCHANGE_FEE,-0.00000082,-0.033832204448563484708063021316033364,EUR,,
USDT,,2024-02-08 06:37:16,DEBIT,-36.5031528,-33.823774021723818350324374420759962915,EUR,,
BTC,,2024-02-08 06:37:18,LOAN_REPAYMENT,-0.00081918,-33.798372244114921223354958294717330862,EUR,,
BTC,,2024-02-08 06:37:34,LOAN_REPAYMENT,-0.10986116,-4532.738080580908248378127896200185356812,EUR,,
BTC,,2024-02-08 13:23:00,LOAN,0.99236249,41265.21758951579925650557620817843866171,EUR,,
USDT,,2024-02-08 13:23:21,CREDIT,44400.7277007,41252.237437165232342007434944237918195311,EUR,,
BTC,,2024-02-08 13:23:21,DEBIT,-0.99237,-41265.529876394052044609665427509293680297,EUR,,
USDT,,2024-02-08 13:23:21,EXCHANGE_FEE,-44.4007277,-41.252237436514869888475836431226765779,EUR,,
BTC,,2024-02-08 13:51:33,CREDIT,993,41486.874920930232558139534883720930232558,EUR,,
BTC,,2024-02-08 13:51:33,EXCHANGE_FEE,-0.000993,-41.486874920930232558139534883720930233,EUR,,
USDT,,2024-02-08 13:51:33,DEBIT,-44585.7,-41462.62724651162790697674418604651162687,EUR,,
BTC,,2024-02-08 13:51:36,LOAN_REPAYMENT,-0.89335365,-37323.717157811162790697674418604651162791,EUR,,
BTC,,2024-02-08 14:58:00,LOAN,0.90134665,37713.624300600278551532033426183844011142,EUR,,
USDT,,2024-02-08 14:58:23,CREDIT,45027.99,41808.718662952646239554317548746518083733,EUR,,
BTC,,2024-02-08 14:58:23,DEBIT,-1,-41841.420612813370473537604456824512534819,EUR,,
USDT,,2024-02-08 14:58:23,EXCHANGE_FEE,-45.02799,-41.808718662952646239554317548746518084,EUR,,
BTC,,2024-02-08 15:21:37,CREDIT,1.0004,42097.71443268337975858867223769730733519,EUR,,
BTC,,2024-02-08 15:21:37,EXCHANGE_FEE,-0.0010004,-42.097714432683379758588672237697307335,EUR,,
USDT,,2024-02-08 15:21:37,DEBIT,-45318.12,-42117.211895910780669144981412639405203956,EUR,,
BTC,,2024-02-08 15:21:40,LOAN_REPAYMENT,-0.89947781,-37850.819656053017641597028783658310120705,EUR,,
BTC,,2024-02-08 16:05:46,CREDIT,0.00097,40.875601857010213556174558960074280409,EUR,,
BTC,,2024-02-08 16:05:46,EXCHANGE_FEE,-0.00000097,-0.04087560185701021355617455896007428,EUR,,
USDT,,2024-02-08 16:05:46,DEBIT,-43.9944567,-40.887041542750929368029739776951672862,EUR,,
BTC,,2024-02-08 16:05:48,LOAN_REPAYMENT,-0.00096903,-40.834726255153203342618384401114206128,EUR,,
BTC,,2024-02-08 16:06:04,LOAN_REPAYMENT,-0.09991262,-4210.297397536861652739090064995357474466,EUR,,
BTC,,2024-02-09 04:00:52,EARN,0.00000006,0,EUR,0,USD
BTC,,2024-02-09 12:34:00,LOAN,1.06166083,46535.374015056545961002785515320334261838,EUR,,
USDT,,2024-02-09 12:34:30,CREDIT,50118.043356,46534.859197771587743732590529247910838893,EUR,,
BTC,,2024-02-09 12:34:30,DEBIT,-1.06167,-46535.775960167130919220055710306406685237,EUR,,
USDT,,2024-02-09 12:34:30,EXCHANGE_FEE,-50.11804336,-46.5348592014856081708449396471680594,EUR,,
USDT,,2024-02-09 12:37:52,CREDIT,270.2256358,250.880792234373259052924791086350974828,EUR,,
BTC,,2024-02-09 12:37:52,DEBIT,-0.00571,-250.930748096564531104921077065923862581,EUR,,
USDT,,2024-02-09 12:37:52,EXCHANGE_FEE,-0.27022564,-0.250880796133704735376044568245125348,EUR,,
BTC,,2024-02-09 14:12:42,CREDIT,1062,46845.981408711770157553290083410565338276,EUR,,
BTC,,2024-02-09 14:12:42,EXCHANGE_FEE,-0.001062,-46.845981408711770157553290083410565338,EUR,,
USDT,,2024-02-09 14:12:42,DEBIT,-50673.33,-46919.750000000000000000000000000000003754,EUR,,
BTC,,2024-02-09 14:12:46,LOAN_REPAYMENT,-0.9553021,-42139.420354334569045412418906394810009267,EUR,,
USDT,,2024-02-09 17:39:51,CREDIT,4748537,4400.868396663577386468952734012974975176,EUR,,
BTC,,2024-02-09 17:39:51,DEBIT,-0.1,-4401.390176088971269694161260426320667284,EUR,,
USDT,,2024-02-09 17:39:51,EXCHANGE_FEE,-4.748537,-4.400868396663577386468952734012974975,EUR,,
BTC,,2024-02-09 17:44:00,LOAN,0.8270441,36433.959994683039851714550509731232622799,EUR,,
USDT,,2024-02-09 17:44:16,CREDIT,39564.415494,36704.337265518072289156626506024096377439,EUR,,
BTC,,2024-02-09 17:44:16,DEBIT,-0.83268,-36682.239566635773864689527340129749768304,EUR,,
USDT,,2024-02-09 17:44:16,EXCHANGE_FEE,-39.5644155,-36.704337271084337349397590361445783124,EUR,,
BTC,,2024-02-09 18:24:55,CREDIT,1.02317,45637.976791203703703703703703703703703704,EUR,,
BTC,,2024-02-09 18:24:55,EXCHANGE_FEE,-0.00102317,-45.637976791203703703703703703703703704,EUR,,
USDT,,2024-02-09 18:24:55,DEBIT,-49234.9404,-45587.907777777777777777777777777777781425,EUR,,
BTC,,2024-02-09 18:24:58,LOAN_REPAYMENT,-0.93340992,-41634.274133955555555555555555555555555556,EUR,,
USDT,,2024-02-09 19:33:00,EARN,0.00382705,0,EUR,0,USD
BTC,,2024-02-09 19:33:00,EARN,0.00000188,0,EUR,0,USD
BTC,,2024-02-09 19:35:00,LOAN,0.99999032,44146.507842852592592592592592592592592592,EUR,,
USDT,,2024-02-09 19:35:52,CREDIT,53711.3281499,49782.443961157314814814814814814814822772,EUR,,
BTC,,2024-02-09 19:35:52,DEBIT,-1.12873,-49829.970151574074074074074074074074074074,EUR,,
USDT,,2024-02-09 19:35:52,EXCHANGE_FEE,-53.71132815,-49.782443961250000000000000000000000008,EUR,,
BTC,,2024-02-10 13:49:06,CREDIT,1,43773.179297597042513863216266173752310536,EUR,,
BTC,,2024-02-10 13:49:06,EXCHANGE_FEE,-1,-43.773179297597042513863216266173752311,EUR,,
USDT,,2024-02-10 13:49:06,DEBIT,-47318,-43775.709796672828096118299445471349375878,EUR,,
BTC,,2024-02-10 13:49:11,LOAN_REPAYMENT,-0.89997525,-39394.777981649722735674676524953789279113,EUR,,
BTC,,2024-02-10 14:10:46,CREDIT,0.00103,45.049363216266173752310536044362292052,EUR,,
BTC,,2024-02-10 14:10:46,EXCHANGE_FEE,-0.00000103,-0.045049363216266173752310536044362292,EUR,,
USDT,,2024-02-10 14:10:46,DEBIT,-48.7174653,-45.025383826247689463955637707948244006,EUR,,
BTC,,2024-02-10 14:10:49,LOAN_REPAYMENT,-0.00102897,-45.00431385304990757855822550831792976,EUR,,
BTC,,2024-02-10 14:11:04,LOAN_REPAYMENT,-0.09901177,-4330.502125646025878003696857670979667283,EUR,,
SOL,,2024-02-10 15:04:00,LOAN,131.48,13177.163770794824399260628465804066543425,EUR,,
USDT,,2024-02-10 15:04:27,CREDIT,14254.4212,13174.141589648798521256931608133086879949,EUR,,
USDT,,2024-02-10 15:04:27,EXCHANGE_FEE,-14.2544212,-13.17414158964879852125693160813308688,EUR,,
SOL,,2024-02-10 15:04:27,DEBIT,-131.48,-13177.163770794824399260628465804066543425,EUR,,
SOL,,2024-02-10 18:52:43,CREDIT,131.5,13278.707294552169898430286241920590951078,EUR,,
SOL,,2024-02-10 18:52:43,EXCHANGE_FEE,-0.1315,-13.278707294552169898430286241920590951,EUR,,
USDT,,2024-02-10 18:52:43,DEBIT,-14376895,-13275.064635272391505078485687903970449009,EUR,,
SOL,,2024-02-10 18:52:45,LOAN_REPAYMENT,-118.318752,-11947.6811807202216066481994459833795014,EUR,,
SOL,,2024-02-10 19:00:04,CREDIT,0.11476095,11.5767625,EUR,,
USDT,,2024-02-10 19:00:04,DEBIT,-12.7839254,-11.804178578024007386888273314866112647,EUR,,
SOL,,2024-02-10 19:00:39,LOAN_REPAYMENT,-13.16450895,-1327.998709868421052631578947368421052633,EUR,,
BTC,,2024-02-10 23:22:00,LOAN,1.19988702,52978.213847577839335180055401662049861496,EUR,,
USDT,,2024-02-10 23:22:50,CREDIT,57356.29991,52960.572400738688827331486611265004603088,EUR,,
BTC,,2024-02-10 23:22:50,DEBIT,-1.1999,-52944.662369344413665743305632502308402586,EUR,,
USDT,,2024-02-10 23:22:50,EXCHANGE_FEE,-57.35629992,-52.960572409972299168975069252077562313,EUR,,
BTC,,2024-02-11 03:20:45,CREDIT,0.44856,19931.956195013850415512465373961218836565,EUR,,
BTC,,2024-02-11 03:20:45,EXCHANGE_FEE,-0.00044856,-19.931956195013850415512465373961218837,EUR,,
USDT,,2024-02-11 03:20:45,DEBIT,-21553308,-19901.484764542936288088642659279778388197,EUR,,
BTC,,2024-02-11 03:22:42,CREDIT,0.75144,33369.08437008310249307479224376731301939,EUR,,
BTC,,2024-02-11 03:22:42,EXCHANGE_FEE,-0.00075144,-33.369084370083102493074792243767313019,EUR,,
USDT,,2024-02-11 03:22:42,DEBIT,-36106692,-33339.512465373961218836565096952908578623,EUR,,
BTC,,2024-02-11 03:22:44,LOAN_REPAYMENT,-1.0793237,-47929.367092422899353647276084949215143121,EUR,,
BTC,,2024-02-11 08:31:17,CREDIT,0.00111,49.363667867036011080332409972299168975,EUR,,
BTC,,2024-02-11 08:31:17,EXCHANGE_FEE,-0.00000111,-0.049363667867036011080332409972299169,EUR,,
USDT,,2024-02-11 08:31:17,DEBIT,-53.4168186,-49.277507933579335793357933579335793346,EUR,,
BTC,,2024-02-11 08:31:20,LOAN_REPAYMENT,-0.00110889,-49.314304199168975069252077562326869806,EUR,,
BTC,,2024-02-11 08:31:35,LOAN_REPAYMENT,-0.11946323,-5312.741628867867036011080332409972299169,EUR,,
BTC,,2024-02-11 20:32:00,LOAN,1.11767693,49801.41774343041474654377880184331797235,EUR,,
USDT,,2024-02-11 20:32:24,CREDIT,54030.2187593,49797.436644516129032258064516129032258811,EUR,,
BTC,,2024-02-11 20:32:24,DEBIT,-1.11769,-49802.000116129032258064516129032258064516,EUR,,
USDT,,2024-02-11 20:32:24,EXCHANGE_FEE,-54.03021878,-49.797436663594470046082949308755760369,EUR,,
BTC,,2024-02-12 00:26:16,CREDIT,1118,50089.432214022140221402214022140221402214,EUR,,
BTC,,2024-02-12 00:26:16,EXCHANGE_FEE,-0.001118,-50.089432214022140221402214022140221402,EUR,,
USDT,,2024-02-12 00:26:16,DEBIT,-54335359,-50124.869926199261992619926199261992607696,EUR,,
BTC,,2024-02-12 00:26:19,LOAN_REPAYMENT,-1.00619444,-45080.239889540221402214022140221402214022,EUR,,
BTC,,2024-02-12 07:10:45,CREDIT,0.00082,36.488366051660516605166051660516605166,EUR,,
BTC,,2024-02-12 07:10:45,EXCHANGE_FEE,-0.00000082,-0.036488366051660516605166051660516605,EUR,,
USDT,,2024-02-12 07:10:45,DEBIT,-39.5413102,-36.477223431734317343173431734317343165,EUR,,
BTC,,2024-02-12 07:10:48,LOAN_REPAYMENT,-0.00081955,-36.468341948339483394833948339483394834,EUR,,
BTC,,2024-02-12 07:11:03,LOAN_REPAYMENT,-0.11067144,-4924.658553883394833948339483394833948339,EUR,,
BTC,,2024-02-12 13:36:00,LOAN,0.99998425,44471.908655756731662024141132776230269266,EUR,,
USDT,,2024-02-12 13:36:19,CREDIT,47894.24,44470.046425255338904363974001857010190032,EUR,,
BTC,,2024-02-12 13:36:19,DEBIT,-1,-44472.609099350046425255338904363974001857,EUR,,
USDT,,2024-02-12 13:36:19,EXCHANGE_FEE,-47.89424,-44.47004642525533890436397400185701019,EUR,,
USDT,,2024-02-12 14:57:00,LOAN,41663.21355297,38648.621106651205936920222634508348791126,EUR,,
BTC,,2024-02-12 14:57:35,CREDIT,1.95026,88307.012958441558441558441558441558441559,EUR,,
BTC,,2024-02-12 14:57:35,EXCHANGE_FEE,-0.00195026,-88.307012958441558441558441558441558442,EUR,,
USDT,,2024-02-12 14:57:35,DEBIT,-95107.6284131,-88226.000383209647495361781076066790345799,EUR,,
BTC,,2024-02-12 14:57:37,LOAN_REPAYMENT,-0.99998697,-45279.020396287012987012987012987012987013,EUR,,
USDT,,2024-02-12 15:17:48,CREDIT,46375.226982,43142.752982325278810408921933085501880803,EUR,,
BTC,,2024-02-12 15:17:48,DEBIT,-0.9483,-42992.652303903345724907063197026022304833,EUR,,
USDT,,2024-02-12 15:17:48,EXCHANGE_FEE,-46.37522698,-43.142752980464684014869888475836431249,EUR,,
USDT,,2024-02-12 15:17:51,LOAN_REPAYMENT,-41666.29283943,-38762.043803224377323420074349442379201982,EUR,,
BTC,,2024-02-12 15:23:00,LOAN,0.85997723,39044.020253089693593314763231197771587744,EUR,,
USDT,,2024-02-12 15:23:37,CREDIT,42054946,39087.280358402971216341689879294336135054,EUR,,
BTC,,2024-02-12 15:23:37,DEBIT,-0.86,-39045.054038997214484679665738161559888579,EUR,,
USDT,,2024-02-12 15:23:37,EXCHANGE_FEE,-42.054946,-39.087280358402971216341689879294336135,EUR,,
BTC,,2024-02-12 15:39:34,CREDIT,0.94252,43349.163960631383472609099350046425255339,EUR,,
BTC,,2024-02-12 15:39:34,EXCHANGE_FEE,-0.00094252,-43.349163960631383472609099350046425255,EUR,,
USDT,,2024-02-12 15:39:34,DEBIT,-46675.4848652,-43381.764484740204271123491179201485626156,EUR,,
BTC,,2024-02-12 15:39:37,LOAN_REPAYMENT,-0.8599784,-39552.8420237251624883936861652739090065,EUR,,
BTC,,2024-02-12 15:49:00,LOAN,0.73519092,33936.95897001894150417827298050139275766,EUR,,
USDT,,2024-02-12 15:49:46,CREDIT,40611.6891011,37708.160725255338904363974001857010193609,EUR,,
BTC,,2024-02-12 15:49:46,DEBIT,-0.81679,-37703.633114948932219127205199628597957289,EUR,,
USDT,,2024-02-12 15:49:46,EXCHANGE_FEE,-40.6116891,-37.708160724233983286908077994428969339,EUR,,
BTC,,2024-02-12 17:27:57,CREDIT,0.7352,34125.537875810936051899907321594068582021,EUR,,
BTC,,2024-02-12 17:27:57,EXCHANGE_FEE,-0.0007352,-34.125537875810936051899907321594068582,EUR,,
USDT,,2024-02-12 17:27:57,DEBIT,-36834.2552,-34171.537956626506024096385542168674691251,EUR,,
BTC,,2024-02-12 17:28:00,LOAN_REPAYMENT,-0.66101979,-30682.339336650695088044485634847080630213,EUR,,
USDT,,2024-02-12 17:31:00,LOAN,29630.02719751,27460.636883697868396663577386468952723688,EUR,,
BTC,,2024-02-12 17:31:23,CREDIT,0.66339,30878.806337349397590361445783132530120482,EUR,,
BTC,,2024-02-12 17:31:23,EXCHANGE_FEE,-0.00066339,-30.87880633734939759036144578313253012,EUR,,
USDT,,2024-02-12 17:31:23,DEBIT,-33366.9082965,-30923.918717794253938832252085264133445277,EUR,,
USDT,,2024-02-13 14:21:33,CREDIT,32438,30289.587686567164179104477611940298498748,EUR,,
BTC,,2024-02-13 14:21:33,DEBIT,-662,-30186.230466417910447761194029850746268656,EUR,,
USDT,,2024-02-13 14:21:33,EXCHANGE_FEE,-32438,-30.289587686567164179104477611940298499,EUR,,
USDT,,2024-02-13 14:21:36,LOAN_REPAYMENT,-29658.8006711,-27694.458462473041044776119402985074618898,EUR,,
BTC,,2024-02-13 14:35:46,CREDIT,0.00000482,0.220589413246268656716417910447761194,EUR,,
USDT,,2024-02-13 14:35:46,DEBIT,-0.24132722,-0.225118675373134328358208955223880597,EUR,,
BTC,,2024-02-13 14:36:04,LOAN_REPAYMENT,-0.07417644,-3394.717297986940298507462686567164179104,EUR,,
ATOM,,2024-02-13 16:07:00,LOAN,2147.74,20275.306716417910447761194029850746268016,EUR,,
USDT,,2024-02-13 16:07:36,CREDIT,21722.58552,20263.605895522388059701492537313432839387,EUR,,
USDT,,2024-02-13 16:07:36,EXCHANGE_FEE,-21.72258552,-20.263605895522388059701492537313432839,EUR,,
ATOM,,2024-02-13 16:07:36,DEBIT,-2147.74,-20275.306716417910447761194029850746268016,EUR,,
ATOM,,2024-02-13 17:33:45,CREDIT,2150,20076.02611940298507462686567164179104545,EUR,,
ATOM,,2024-02-13 17:33:45,EXCHANGE_FEE,-2.15,-20.076026119402985074626865671641791045,EUR,,
USDT,,2024-02-13 17:33:45,DEBIT,-21520.32058,-20074.9259141791044776119402985074626901,EUR,,
ATOM,,2024-02-13 17:33:48,LOAN_REPAYMENT,-1934.994618,-18068.373252033582089552238805970149254338,EUR,,
ATOM,,2024-02-13 22:17:00,LOAN,2025.244618,19382.593216153127917833800186741363212345,EUR,,
USDT,,2024-02-13 22:17:23,CREDIT,22929.49222,21430.832597777777777777777777777777768486,EUR,,
USDT,,2024-02-13 22:17:23,EXCHANGE_FEE,-22.92949222,-21.430832597777777777777777777777777768,EUR,,
ATOM,,2024-02-13 22:17:23,DEBIT,-2238.1,-21419.724556489262371615312791783380019109,EUR,,
ATOM,,2024-02-13 22:58:41,CREDIT,2241,21593.949579831932773109243697478991595741,EUR,,
ATOM,,2024-02-13 22:58:41,EXCHANGE_FEE,-2241,-21.593949579831932773109243697478991596,EUR,,
USDT,,2024-02-13 22:58:41,DEBIT,-23127.12,-21615.543529411764705882352941176470578864,EUR,,
ATOM,,2024-02-13 22:58:44,LOAN_REPAYMENT,-2016.883692,-19434.397480336134453781512605042016805915,EUR,,
ATOM,,2024-02-13 23:06:18,CREDIT,1.76239818,16.949300890756302521008403361344537815,EUR,,
USDT,,2024-02-13 23:06:18,DEBIT,-18.51451715,-17.304417989869281045751633986928104568,EUR,,
ATOM,,2024-02-13 23:06:33,LOAN_REPAYMENT,-223.63770618,-2150.764121058823529411764705882352941157,EUR,,
BTC,,2024-02-14 12:05:00,LOAN,0.45,21695.264705882352941176470588235294117647,EUR,,
USDT,,2024-02-14 12:05:39,CREDIT,23227.0605,21687.264705882352941176470588235294126018,EUR,,
BTC,,2024-02-14 12:05:39,DEBIT,-0.45,-21695.264705882352941176470588235294117647,EUR,,
USDT,,2024-02-14 12:05:39,EXCHANGE_FEE,-23.2270605,-21.687264705882352941176470588235294126,EUR,,
BTC,,2024-02-14 12:19:33,CREDIT,0.45,21672.907563025210084033613445378151260504,EUR,,
BTC,,2024-02-14 12:19:33,EXCHANGE_FEE,-0.00045,-21.672907563025210084033613445378151261,EUR,,
USDT,,2024-02-14 12:19:33,DEBIT,-23205.5075858,-21667.140602987861811391223155929038290343,EUR,,
BTC,,2024-02-14 12:19:36,LOAN_REPAYMENT,-0.40499872,-19505.555159341176470588235294117647058824,EUR,,
BTC,,2024-02-14 14:00:00,LOAN,0.40544872,19576.737482031746031746031746031746031746,EUR,,
USDT,,2024-02-14 14:00:46,CREDIT,23267.7045,21725.214285714285714285714285714285722672,EUR,,
BTC,,2024-02-14 14:00:46,DEBIT,-0.45,-21727.857142857142857142857142857142857143,EUR,,
USDT,,2024-02-14 14:00:46,EXCHANGE_FEE,-23.2677045,-21.725214285714285714285714285714285723,EUR,,
BTC,,2024-02-14 14:31:31,CREDIT,0.45,21728.312966417910447761194029850746268657,EUR,,
BTC,,2024-02-14 14:31:31,EXCHANGE_FEE,-0.00045,-21.728312966417910447761194029850746269,EUR,,
USDT,,2024-02-14 14:31:31,DEBIT,-23323.5,-21778.753264925373134328358208955223874331,EUR,,
BTC,,2024-02-14 14:31:34,LOAN_REPAYMENT,-0.44955,-21706.584653451492537313432835820895522388,EUR,,
BTC,,2024-02-14 14:48:30,CREDIT,0.00092,44.458287686567164179104477611940298507,EUR,,
BTC,,2024-02-14 14:48:30,EXCHANGE_FEE,-0.00000092,-0.044458287686567164179104477611940299,EUR,,
USDT,,2024-02-14 14:48:30,DEBIT,-47.61736,-44.463598283582089552238805970149253719,EUR,,
BTC,,2024-02-14 14:48:33,LOAN_REPAYMENT,-0.00090131,-43.555107907369402985074626865671641791,EUR,,
BTC,,2024-02-15 11:09:00,LOAN,0.43998223,21430.661832843854748603351955307262569832,EUR,,
USDT,,2024-02-15 11:09:45,CREDIT,22984.0072,21421.77952253258845437616387337057727948,EUR,,
BTC,,2024-02-15 11:09:45,DEBIT,-0.44,-21431.527374301675977653631284916201117318,EUR,,
USDT,,2024-02-15 11:09:45,EXCHANGE_FEE,-22.98400719,-21.421779513212290502793296089385474859,EUR,,
BTC,,2024-02-15 16:13:20,CREDIT,0.44044,21205.405410780669144981412639405204460966,EUR,,
BTC,,2024-02-15 16:13:20,EXCHANGE_FEE,-0.00044044,-21.205405410780669144981412639405204461,EUR,,
USDT,,2024-02-15 16:13:20,DEBIT,-22819.2727884,-21207.502591449814126394052044609665427255,EUR,,
BTC,,2024-02-15 16:13:23,LOAN_REPAYMENT,-0.39587438,-19059.750975482342007434944237918215613383,EUR,,
BTC,,2024-02-15 16:13:34,LOAN_REPAYMENT,-0.00043956,-21.16303696840148698884758364312267658,EUR,,
BTC,,2024-02-15 16:13:49,LOAN_REPAYMENT,-0.04367189,-2102.624948926115241635687732342007434944,EUR,,
BNB,,2024-02-15 16:16:00,LOAN,55,18225.650557620817843866171003717472118945,EUR,,
USDT,,2024-02-15 16:16:17,CREDIT,19563.5,18199.873141263940520446096654275092946112,EUR,,
USDT,,2024-02-15 16:16:17,EXCHANGE_FEE,-19.5635,-18.199873141263940520446096654275092946,EUR,,
BNB,,2024-02-15 16:16:17,DEBIT,-55,-18225.650557620817843866171003717472118945,EUR,,
BNB,,2024-02-15 23:16:00,LOAN,6,1971.086350974930362116991643454038997212,EUR,,
USDT,,2024-02-15 23:18:40,CREDIT,2122.2,1970.614285714285714285714285714285713376,EUR,,
USDT,,2024-02-15 23:18:40,EXCHANGE_FEE,-2.1222,-1.970614285714285714285714285714285713,EUR,,
BNB,,2024-02-15 23:18:40,DEBIT,-6,-1970.871985157699443413729128014842300558,EUR,,
BNB,,2024-02-20 17:00:55,CREDIT,61.9,19880.216666666666666666666666666666666687,EUR,,
BNB,,2024-02-20 17:00:55,EXCHANGE_FEE,-0.046425,-14.9101625,EUR,,
USDT,,2024-02-20 17:00:55,DEBIT,-21479.3,-19880.285444444444444444444444444444453991,EUR,,
BNB,,2024-02-20 17:00:58,LOAN_REPAYMENT,-55.6852086,-17884.232828700000000000000000000000000019,EUR,,
BNB,,2024-02-20 17:01:31,CREDIT,408,131036,EUR,,
BNB,,2024-02-20 17:01:31,EXCHANGE_FEE,-0.000306,-0.098277,EUR,,
USDT,,2024-02-20 17:01:31,DEBIT,-142.0248,-131.45184266666666666666666666666666673,EUR,,
BNB,,2024-02-20 17:01:34,LOAN_REPAYMENT,-0.407694,-130.937723,EUR,,
BNB,,2024-02-20 17:01:48,LOAN_REPAYMENT,-6.16375437,-1979.592445165000000000000000000000000002,EUR,,
BNB,,2024-02-21 16:14:00,LOAN,49.99538797,17165.391531050416281221091581868640148015,EUR,,
USDT,,2024-02-21 16:14:25,CREDIT,18560,17169.28769657724329324699352451433857984,EUR,,
USDT,,2024-02-21 16:14:25,EXCHANGE_FEE,-18.56,-17.16928769657724329324699352451433858,EUR,,
BNB,,2024-02-21 16:14:25,DEBIT,-50,-17166.97502312673450508788159111933395005,EUR,,
BNB,,2024-02-21 21:06:04,CREDIT,50.01,17342.505735430157261794634597594819611465,EUR,,
BNB,,2024-02-21 21:06:04,EXCHANGE_FEE,-0.0375075,-13.006879301572617946345975948196114709,EUR,,
USDT,,2024-02-21 21:06:04,DEBIT,-18753.75,-17348.519888991674375578168362627197044271,EUR,,
BNB,,2024-02-21 21:06:06,LOAN_REPAYMENT,-45.0087624,-15608.172766778908418131359851988899167432,EUR,,
BNB,,2024-02-21 23:09:46,CREDIT,77,26.69736598890942698706099815157116451,EUR,,
BNB,,2024-02-21 23:09:46,EXCHANGE_FEE,-0.00005775,-0.020023024491682070240295748613678373,EUR,,
USDT,,2024-02-21 23:09:46,DEBIT,-28.8827,-26.693807763401109057301293900184842891,EUR,,
BNB,,2024-02-21 23:09:48,LOAN_REPAYMENT,-0.07694225,-26.677342964417744916820702402957486137,EUR,,
BNB,,2024-02-21 23:10:04,LOAN_REPAYMENT,-4.96277002,-1719.861251755452865064695009242144177451,EUR,,
BNB,,2024-02-22 07:22:00,LOAN,52.04703992,18251.514100359409594095940959409594095955,EUR,,
USDT,,2024-02-22 07:52:28,CREDIT,4738.3665,4370.312570756457564575645756457564576957,EUR,,
USDT,,2024-02-22 07:52:28,EXCHANGE_FEE,-4.7383665,-4.370312570756457564575645756457564577,EUR,,
BNB,,2024-02-22 07:52:28,DEBIT,-12453,-4369.118966789667896678966789667896678961,EUR,,
USDT,,2024-02-22 07:53:01,CREDIT,15065.8975,13897.039585101476014760147601476014760537,EUR,,
USDT,,2024-02-22 07:53:01,EXCHANGE_FEE,-15.0658975,-13.897039585101476014760147601476014761,EUR,,
BNB,,2024-02-22 07:53:01,DEBIT,-39595,-13891.854612546125461254612546125461254593,EUR,,
BNB,,2024-02-23 23:22:00,LOAN,3,1039.630314232902033271719038817005545287,EUR,,
USDT,,2024-02-23 23:22:51,CREDIT,1125,1039.5332717190388170055452865064695005,EUR,,
USDT,,2024-02-23 23:22:51,EXCHANGE_FEE,-1125,-1.0395332717190388170055452865064695,EUR,,
BNB,,2024-02-23 23:22:51,DEBIT,-3,-1039.630314232902033271719038817005545287,EUR,,
BNB,,2024-02-24 00:47:39,CREDIT,55.5,19336.343490304709141274238227146814404439,EUR,,
BNB,,2024-02-24 00:47:39,EXCHANGE_FEE,-0.041625,-14.502257617728531855955678670360110803,EUR,,
USDT,,2024-02-24 00:47:39,DEBIT,-20951.25,-19341.698753462603878116343490304709151044,EUR,,
BNB,,2024-02-24 00:47:41,LOAN_REPAYMENT,-55.42237214,-19309.29774318079409048938134810710987997,EUR,,
BNB,,2024-02-24 08:40:00,LOAN,10,3518.76155268022181146025878003696857671,EUR,,
USDT,,2024-02-24 08:41:12,CREDIT,3809,3519.628650646950092421441774491682068804,EUR,,
USDT,,2024-02-24 08:41:12,EXCHANGE_FEE,-3809,-3.519628650646950092421441774491682069,EUR,,
BNB,,2024-02-24 08:41:12,DEBIT,-10,-3518.76155268022181146025878003696857671,EUR,,
USDT,,2024-02-24 11:45:06,CREDIT,3809,3.516378762696214219759926131117266853,EUR,,
BNB,,2024-02-24 11:45:06,DEBIT,-0.0075,-2.634833795013850415512465373961218837,EUR,,
BNB,,2024-02-24 13:31:00,LOAN,40,14046.9067405355493998153277931671283472,EUR,,
USDT,,2024-02-24 13:31:14,CREDIT,15220,14050.7442289935364727608494921514312167,EUR,,
USDT,,2024-02-24 13:31:14,EXCHANGE_FEE,-15.22,-14.050744228993536472760849492151431217,EUR,,
BNB,,2024-02-24 13:31:14,DEBIT,-40,-14046.9067405355493998153277931671283472,EUR,,
BNB,,2024-02-25 11:19:31,CREDIT,50.12,17800.937892791127541589648798521256931605,EUR,,
BNB,,2024-02-25 11:19:31,EXCHANGE_FEE,-0.03759,-13.350703419593345656192236598890942699,EUR,,
USDT,,2024-02-25 11:19:31,DEBIT,-19271.14,-17794.219759926131117266851338873499533711,EUR,,
BNB,,2024-02-25 11:19:34,LOAN_REPAYMENT,-45.10529932,-16019.884912830683918669131238447319778185,EUR,,
BNB,,2024-02-25 11:20:28,CREDIT,125,44.268236380424746075715604801477377655,EUR,,
BNB,,2024-02-25 11:20:28,EXCHANGE_FEE,-0.00009375,-0.033201177285318559556786703601108033,EUR,,
USDT,,2024-02-25 11:20:28,DEBIT,-48,-44.321329639889196675900277008310249296,EUR,,
BNB,,2024-02-25 11:20:30,LOAN_REPAYMENT,-0.12490625,-44.235035203139427516158818097876269621,EUR,,
BNB,,2024-02-25 11:20:36,LOAN_REPAYMENT,-4.97527043,-1761.971579614219759926131117266851338872,EUR,,
BNB,,2024-02-25 18:11:00,LOAN,49.99815975,17831.291986925207756232686980609418282556,EUR,,
USDT,,2024-02-25 18:11:48,CREDIT,19310,17846.58040665434380776340110905730129904,EUR,,
USDT,,2024-02-25 18:11:48,EXCHANGE_FEE,-19.31,-17.846580406654343807763401109057301299,EUR,,
BNB,,2024-02-25 18:11:48,DEBIT,-50,-17831.94829178208679593721144967682363805,EUR,,
BNB,,2024-02-26 04:03:36,CREDIT,50.5,17955.036968576709796672828096118299445451,EUR,,
BNB,,2024-02-26 04:03:36,EXCHANGE_FEE,-0.037875,-13.466277726432532347504621072088724584,EUR,,
USDT,,2024-02-26 04:03:36,DEBIT,-19745.5,-18249.075785582255083179297597042513868472,EUR,,
BNB,,2024-02-26 04:03:39,LOAN_REPAYMENT,-50.08377165,-17807.048940623844731977818853974121996283,EUR,,
BNB,,2024-02-26 13:31:00,LOAN,41.59311354,15126.476195159999999999999999999999999985,EUR,,
USDT,,2024-02-26 13:31:52,CREDIT,16569,15270.967741935483870967741935483870967971,EUR,,
USDT,,2024-02-26 13:31:52,EXCHANGE_FEE,-16569,-15.270967741935483870967741935483870968,EUR,,
BNB,,2024-02-26 13:31:52,DEBIT,-42,-15274.451612903225806451612903225806451598,EUR,,
BNB,,2024-02-27 16:10:43,CREDIT,42,15106.451612903225806451612903225806451598,EUR,,
BNB,,2024-02-27 16:10:43,EXCHANGE_FEE,-0.0315,-11.329838709677419354838709677419354839,EUR,,
USDT,,2024-02-27 16:10:43,DEBIT,-16367.4,-15085.161290322580645161290322580645161517,EUR,,
BNB,,2024-02-27 16:10:46,LOAN_REPAYMENT,-41.79252926,-15031.829072548387096774193548387096774179,EUR,,
BNB,,2024-02-28 06:46:00,LOAN,43.82402926,16099.969087420313942751615881809787626978,EUR,,
USDT,,2024-02-28 06:46:23,CREDIT,17503.2,16161.772853185595567867036011080332405786,EUR,,
USDT,,2024-02-28 06:46:23,EXCHANGE_FEE,-17.5032,-16.161772853185595567867036011080332406,EUR,,
BNB,,2024-02-28 06:46:23,DEBIT,-44,-16164.616805170821791320406278855032317652,EUR,,
BNB,,2024-02-28 09:39:56,CREDIT,44,16905.777777777777777777777777777777777768,EUR,,
BNB,,2024-02-28 09:39:56,EXCHANGE_FEE,-33,-12.679333333333333333333333333333333333,EUR,,
USDT,,2024-02-28 09:39:56,DEBIT,-18339.2,-16980.740740740740740740740740740740742099,EUR,,
BNB,,2024-02-28 09:39:59,LOAN_REPAYMENT,-43.85404522,-16849.698707862222222222222222222222222212,EUR,,
BNB,,2024-02-28 16:11:00,LOAN,22,8423.118081180811808118081180811808118088,EUR,,
USDT,,2024-02-28 16:11:56,CREDIT,9123.4,8424.837084870848708487084870848708489509,EUR,,
USDT,,2024-02-28 16:11:56,EXCHANGE_FEE,-9.1234,-8.42483708487084870848708487084870849,EUR,,
BNB,,2024-02-28 16:11:56,DEBIT,-22,-8423.118081180811808118081180811808118088,EUR,,
BNB,,2024-02-28 17:31:27,CREDIT,22.05,8132.104972375690607734806629834254143645,EUR,,
BNB,,2024-02-28 17:31:27,EXCHANGE_FEE,-0.0165375,-6.099078729281767955801104972375690608,EUR,,
USDT,,2024-02-28 17:31:27,DEBIT,-8974.35,-8184.870909090909090909090909090909093167,EUR,,
BNB,,2024-02-28 17:31:34,LOAN_REPAYMENT,-22.00753412,-8116.443430702025782688766114180478821362,EUR,,
BNB,,2024-02-28 17:57:00,LOAN,25555,9756.357281105990783410138248847926267285,EUR,,
USDT,,2024-02-28 17:57:59,CREDIT,10510.7715,9688.105222375690607734806629834254143162,EUR,,
USDT,,2024-02-28 17:57:59,EXCHANGE_FEE,-10.5107715,-9.688105222375690607734806629834254143,EUR,,
BNB,,2024-02-28 17:57:59,DEBIT,-25555,-9700.772211981566820276497695852534562221,EUR,,
BNB,,2024-02-28 18:19:46,CREDIT,25.8,9702.082872928176795580110497237569060771,EUR,,
BNB,,2024-02-28 18:19:46,EXCHANGE_FEE,-0.01935,-7.276562154696132596685082872928176796,EUR,,
USDT,,2024-02-28 18:19:46,DEBIT,-10469.64,-9631.103856221198156682027649769585255193,EUR,,
BNB,,2024-02-28 18:19:49,LOAN_REPAYMENT,-25.56375158,-9613.241719849171270718232044198895027622,EUR,,
BNB,,2024-02-28 18:52:00,LOAN,25,9432.488479262672811059907834101382488475,EUR,,
USDT,,2024-02-28 18:52:51,CREDIT,10212.5,9413.179097605893186003683241252302025312,EUR,,
USDT,,2024-02-28 18:52:51,EXCHANGE_FEE,-10.2125,-9.413179097605893186003683241252302025,EUR,,
BNB,,2024-02-28 18:52:51,DEBIT,-25,-9418.202764976958525345622119815668202775,EUR,,
USDT,,2024-02-28 20:23:02,CREDIT,9.1234,8.393192272309107635694572217111315545,EUR,,
BNB,,2024-02-28 20:23:02,DEBIT,-0.0165,-6.168660220994475138121546961325966851,EUR,,
USDT,,2024-02-28 21:23:04,CREDIT,10.5107715,9.669522999080036798528058877644894202,EUR,,
BNB,,2024-02-28 21:23:04,DEBIT,-0.01916625,-7.201537706991720331186752529898804048,EUR,,
USDT,,2024-02-28 22:23:02,CREDIT,10.2125,9.403775322283609576427255985267034987,EUR,,
BNB,,2024-02-28 22:23:02,DEBIT,-0.01875,-7.117575966850828729281767955801104972,EUR,,
BNB,,2024-02-29 19:33:44,CREDIT,25.12,9402.255955678670360110803324099722991698,EUR,,
BNB,,2024-02-29 19:33:44,EXCHANGE_FEE,-0.01884,-7.051691966759002770083102493074792244,EUR,,
USDT,,2024-02-29 19:33:44,DEBIT,-10178624,-9398.544783010156971375807940904893811047,EUR,,
BNB,,2024-02-29 19:33:47,LOAN_REPAYMENT,-22.60006875,-8459.061743767313019390581717451523545714,EUR,,
BNB,,2024-02-29 20:14:16,CREDIT,0.0105695,3.973291133209990749306197964847363552,EUR,,
USDT,,2024-02-29 20:14:16,DEBIT,-4.37680615,-4.049152454852125693160813308687615529,EUR,,
BNB,,2024-02-29 20:14:33,LOAN_REPAYMENT,-2.51166075,-944.184624401017576318223866790009250694,EUR,,
USDT,,2024-02-29 21:41:00,LOAN,10871.32721214,10057.484786831922365988909426987061003396,EUR,,
BNB,,2024-02-29 21:41:48,CREDIT,30,11116.35859519408502772643253234750462106,EUR,,
BNB,,2024-02-29 21:41:48,EXCHANGE_FEE,-0.0225,-8.337268946395563770794824399260628466,EUR,,
USDT,,2024-02-29 21:41:48,DEBIT,-12018,-11118.316081330868761552680221811460264578,EUR,,
BNB,,2024-02-29 22:07:00,LOAN,0.0325,12.047828096118299445471349353049907579,EUR,,
USDT,,2024-02-29 22:19:31,CREDIT,11970989,11085.069370027752081406105457909343201947,EUR,,
USDT,,2024-02-29 22:19:31,EXCHANGE_FEE,-11.970989,-11.085069370027752081406105457909343202,EUR,,
BNB,,2024-02-29 22:19:31,DEBIT,-30.01,-11085.099907493061979648473635522664199814,EUR,,
USDT,,2024-02-29 22:19:33,LOAN_REPAYMENT,-10872.84604092,-10068.195085070231267345050878815911194436,EUR,,
USDT,,2024-03-01 01:45:09,CREDIT,11.970989,11.053544783010156971375807940904893811,EUR,,
BNB,,2024-03-01 01:45:09,DEBIT,-0.0225075,-8.410281717451523545706371191135734072,EUR,,
BNB,,2024-03-01 10:23:32,CREDIT,0.03257241,12.285613995652173913043478260869565217,EUR,,
USDT,,2024-03-01 10:23:32,DEBIT,-13.54299536,-12.552350329037037037037037037037037039,EUR,,
BNB,,2024-03-01 10:23:48,LOAN_REPAYMENT,-0.03257241,-12.285613995652173913043478260869565217,EUR,,
SOL,,2024-03-01 10:26:00,LOAN,35,4351.850138760407030527289546716003700285,EUR,,
USDT,,2024-03-01 10:26:29,CREDIT,4700.5,4352.636910268270120259019426456984274294,EUR,,
USDT,,2024-03-01 10:26:29,EXCHANGE_FEE,-4.7005,-4.352636910268270120259019426456984274,EUR,,
SOL,,2024-03-01 10:26:29,DEBIT,-35,-4351.850138760407030527289546716003700285,EUR,,
USDT,,2024-03-01 13:45:07,CREDIT,4.7005,4.348288621646623496762257169287696578,EUR,,
BNB,,2024-03-01 13:45:07,DEBIT,-0.0086625,-3.268671369102682701202590194264569843,EUR,,
SOL,,2024-03-01 17:10:25,CREDIT,35.05,4210.203413284132841328413284132841328406,EUR,,
SOL,,2024-03-01 17:10:25,EXCHANGE_FEE,-0.03505,-4.210203413284132841328413284132841328,EUR,,
USDT,,2024-03-01 17:10:25,DEBIT,-4562809,-4209.233394833948339483394833948339482368,EUR,,
SOL,,2024-03-01 17:10:27,LOAN_REPAYMENT,-35.00136866,-4204.361820312361623616236162361623616229,EUR,,
SOL,,2024-03-01 20:45:07,CREDIT,0.03505,4.230573800738007380073800738007380074,EUR,,
BNB,,2024-03-01 20:45:07,DEBIT,-0.00845932,-3.180048800738007380073800738007380074,EUR,,
ATOM,,2024-03-02 17:27:00,LOAN,900,9946.4944649446494464944649446494464949,EUR,,
USDT,,2024-03-02 17:27:13,CREDIT,10773.65645,9948.736260562730627306273062730627309135,EUR,,
USDT,,2024-03-02 17:27:13,EXCHANGE_FEE,-10.77365645,-9.948736260562730627306273062730627309,EUR,,
ATOM,,2024-03-02 17:27:13,DEBIT,-900,-9946.4944649446494464944649446494464949,EUR,,
USDT,,2024-03-02 20:45:07,CREDIT,10.77365645,9.948736260562730627306273062730627309,EUR,,
BNB,,2024-03-02 20:45:07,DEBIT,-0.01981875,-7.471888145756457564575645756457564576,EUR,,
ATOM,,2024-03-03 00:25:52,CREDIT,901,10190.276752767527675276752767527675276663,EUR,,
ATOM,,2024-03-03 00:25:52,EXCHANGE_FEE,-901,-10.190276752767527675276752767527675277,EUR,,
USDT,,2024-03-03 00:25:52,DEBIT,-11046.26,-10200.467029520295202952029520295202954964,EUR,,
ATOM,,2024-03-03 00:25:55,LOAN_REPAYMENT,-810.627309,-9168.164952343173431734317343173431734237,EUR,,
ATOM,,2024-03-03 03:45:08,CREDIT,901,10.11547047970479704797047970479704797,EUR,,
BNB,,2024-03-03 03:45:08,DEBIT,-0.02015762,-7.638324715129151291512915129151291513,EUR,,
ATOM,,2024-03-03 08:24:01,CREDIT,1.71731984,18.424750681918819188191881918819188191,EUR,,
USDT,,2024-03-03 08:24:01,DEBIT,-20.34942617,-18.791305900525830258302583025830258308,EUR,,
ATOM,,2024-03-03 08:24:18,LOAN_REPAYMENT,-92.09001084,-988.013677185608856088560885608856088534,EUR,,
USDT,,2024-03-03 13:21:00,CREDIT,9072.8,8378.11143911439114391143911439114391385,EUR,,
BNB,,2024-03-03 13:21:00,LOAN,22,8364.464944649446494464944649446494464944,EUR,,
USDT,,2024-03-03 13:21:00,EXCHANGE_FEE,-9.0728,-8.378111439114391143911439114391143914,EUR,,
BNB,,2024-03-03 13:21:00,DEBIT,-22,-8364.464944649446494464944649446494464944,EUR,,
USDT,,2024-03-03 16:45:07,CREDIT,9.0728,8.36974169741697416974169741697416974,EUR,,
BNB,,2024-03-03 16:45:07,DEBIT,-0.0165,-6.320078413284132841328413284132841328,EUR,,
BNB,,2024-03-05 19:16:08,CREDIT,12208,4475.930358126721763085399449035812672182,EUR,,
BNB,,2024-03-05 19:16:08,EXCHANGE_FEE,-0.009156,-3.356947768595041322314049586776859504,EUR,,
USDT,,2024-03-05 19:16:08,DEBIT,-4895408,-4499.455882352941176470588235294117646195,EUR,,
BNB,,2024-03-05 19:16:11,LOAN_REPAYMENT,-10.98716692,-4028.325193892011019283746556473829201107,EUR,,
BNB,,2024-03-05 19:17:00,LOAN_REPAYMENT,-1.21167708,-444.248216466115702479338842975206611571,EUR,,
BNB,,2024-03-05 19:52:17,CREDIT,10.01,3549.352840396753832281334535617673579803,EUR,,
BNB,,2024-03-05 19:52:17,EXCHANGE_FEE,-0.0075075,-2.662014630297565374211000901713255185,EUR,,
USDT,,2024-03-05 19:52:17,DEBIT,-3923.92,-3538.971750677506775067750677506775067676,EUR,,
BNB,,2024-03-05 19:52:20,LOAN_REPAYMENT,-10.0024925,-3546.690825766456266907123534715960324618,EUR,,
BNB,,2024-03-05 19:53:17,CREDIT,0.0058518,2.043897233273056057866184448462929476,EUR,,
USDT,,2024-03-05 19:53:17,DEBIT,-2.33187655,-2.101851476216094032549728752260397831,EUR,,
BNB,,2024-03-05 19:53:33,LOAN_REPAYMENT,-0.0058518,-2.043897233273056057866184448462929476,EUR,,
BNB,,2024-03-05 19:55:00,CREDIT,29946,10153.770547445255474452554744525547445243,EUR,,
USDT,,2024-03-05 19:55:11,CREDIT,11281299,10198.458986496350364963503649635036494703,EUR,,
USDT,,2024-03-05 19:55:11,EXCHANGE_FEE,-11.281299,-10.198458986496350364963503649635036495,EUR,,
BNB,,2024-03-05 19:55:11,DEBIT,-29946,-10153.770547445255474452554744525547445243,EUR,,
BNB,,2024-03-05 19:56:38,CREDIT,30,10172.08029197080291970802919708029197079,EUR,,
BNB,,2024-03-05 19:56:38,EXCHANGE_FEE,-0.0225,-7.629060218978102189781021897810218978,EUR,,
USDT,,2024-03-05 19:56:38,DEBIT,-11104153,-10038.316416423357664233576642335766421737,EUR,,
BNB,,2024-03-05 19:56:41,LOAN_REPAYMENT,-29.95112766,-10155.509179752919708029197080291970802907,EUR,,
USDT,,2024-03-05 19:57:00,LOAN,2189.70048775,1979.521207356478102189781021897810218658,EUR,,
BNB,,2024-03-05 19:57:37,CREDIT,10,3387.47731397459165154264972776769509982,EUR,,
BNB,,2024-03-05 19:57:37,EXCHANGE_FEE,-0.0075,-2.540607985480943738656987295825771325,EUR,,
USDT,,2024-03-05 19:57:37,DEBIT,-3625,-3279.60526315789473684210526315789473775,EUR,,
USDT,,2024-03-05 19:58:51,CREDIT,2189655,1981.021810344827586206896551724137931583,EUR,,
BNB,,2024-03-05 19:58:51,EXCHANGE_FEE,-0.00442532,-1.499067110707803992740471869328493648,EUR,,
BNB,,2024-03-05 19:58:51,DEBIT,-5.85,-1981.674228675136116152450090744101633395,EUR,,
USDT,,2024-03-05 19:58:55,LOAN_REPAYMENT,-2189655,-1981.021810344827586206896551724137931583,EUR,,
USDT,,2024-03-05 20:01:19,CREDIT,1517365,1397.865558608058608058608058608058607419,EUR,,
BNB,,2024-03-05 20:01:19,EXCHANGE_FEE,-0.00300348,-1.036924824021838034576888080072793449,EUR,,
BNB,,2024-03-05 20:01:19,DEBIT,-4,-1380.964513193812556869881710646041856232,EUR,,
USDT,,2024-03-05 20:01:22,LOAN_REPAYMENT,-0.20172288,-0.18583627956043956043956043956043956,EUR,,
USDT,,2024-03-05 22:45:45,CREDIT,11.281299,10.407908109677419354838709677419354843,EUR,,
BNB,,2024-03-05 22:45:45,DEBIT,-0.0224595,-8.020688660220994475138121546961325967,EUR,,
SOL,,2024-03-07 11:37:00,LOAN,20,2618.7327823691460055096418732782369146,EUR,,
USDT,,2024-03-07 11:37:24,CREDIT,2842,2612.343434343434343434343434343434343664,EUR,,
USDT,,2024-03-07 11:37:24,EXCHANGE_FEE,-2842,-2.612343434343434343434343434343434344,EUR,,
SOL,,2024-03-07 11:37:24,DEBIT,-20,-2618.7327823691460055096418732782369146,EUR,,
SOL,,2024-03-07 14:42:00,LOAN,15,2028.99082568807339449541284403669724771,EUR,,
USDT,,2024-03-07 14:42:50,CREDIT,2212.2,2031.570825688073394495412844036697247361,EUR,,
USDT,,2024-03-07 14:42:50,EXCHANGE_FEE,-2.2122,-2.031570825688073394495412844036697247,EUR,,
SOL,,2024-03-07 14:42:50,DEBIT,-15,-2017.431192660550458715596330275229357795,EUR,,
USDT,,2024-03-07 14:45:07,CREDIT,2842,2.609946788990825688073394495412844036,EUR,,
BNB,,2024-03-07 14:45:07,DEBIT,-0.00489,-1.989915963302752293577981651376146789,EUR,,
USDT,,2024-03-07 17:45:12,CREDIT,2.2122,2.025994693504117108874656907593778591,EUR,,
BNB,,2024-03-07 17:45:12,DEBIT,-0.00368775,-1.539711539341262580054894784995425435,EUR,,
SOL,,2024-03-11 00:51:17,CREDIT,35.1,4461.614259597806215722120658135283363792,EUR,,
SOL,,2024-03-11 00:51:17,EXCHANGE_FEE,-0.0351,-4.461614259597806215722120658135283364,EUR,,
USDT,,2024-03-11 00:51:17,DEBIT,-4871.88,-4453.27239488117001828153564899451553699,EUR,,
SOL,,2024-03-11 00:51:29,LOAN_REPAYMENT,-35.01920531,-4451.34432395667276051188299817184643509,EUR,,
SOL,,2024-03-11 03:45:15,CREDIT,0.0351,4.5052486288848263254113345521023766,EUR,,
BNB,,2024-03-11 03:45:15,DEBIT,-0.00711302,-3.38629166032906764168190127970749543,EUR,,
SOL,,2024-03-11 18:39:00,LOAN,20,2694.05306495882891125343092406221408966,EUR,,
USDT,,2024-03-11 18:39:56,CREDIT,2938.8,2691.43531564501372369624885635864592825,EUR,,
USDT,,2024-03-11 18:39:56,EXCHANGE_FEE,-2.9388,-2.691435315645013723696248856358645928,EUR,,
SOL,,2024-03-11 18:39:56,DEBIT,-20,-2694.05306495882891125343092406221408966,EUR,,
USDT,,2024-03-11 18:47:36,CREDIT,43.60251,39.859463479452054794520547945205479472,EUR,,
BNB,,2024-03-11 18:47:36,EXCHANGE_FEE,-0.000063,-0.029847616438356164383561643835616438,EUR,,
EUR,,2024-03-11 18:47:36,DEBIT,-39.7,-39.7,EUR,,
USDT,,2024-03-11 18:50:22,CREDIT,139.546301,127.566983836529680365296803652968036592,EUR,,
BNB,,2024-03-11 18:50:22,EXCHANGE_FEE,-0.00020161,-0.095727005662100456621004566210045662,EUR,,
WBETH,,2024-03-11 18:50:22,DEBIT,-0.0334,-127.830188127853881278538812785388127854,EUR,,
USDT,,2024-03-11 18:50:47,CREDIT,66.709952,60.983252924200913242009132420091324231,EUR,,
BNB,,2024-03-11 18:50:47,EXCHANGE_FEE,-0.00009638,-0.045762456255707762557077625570776256,EUR,,
ETH,,2024-03-11 18:50:47,DEBIT,-0.0164,-60.907952511415525114155251141552511416,EUR,,
USDT,,2024-03-11 18:51:33,CREDIT,170.4288,155.79838246575342465753424657534246583,EUR,,
USDT,,2024-03-11 18:51:33,EXCHANGE_FEE,-0.1704288,-0.155798382465753424657534246575342466,EUR,,
BNB,,2024-03-11 18:51:33,DEBIT,-328,-155.738593607305936073059360730593607306,EUR,,
ATOM,,2024-03-11 18:53:00,LOAN,249.91514905,3141.659787691674290942360475754803293563,EUR,,
USDT,,2024-03-11 18:53:48,CREDIT,3432.91043,3143.955480722781335773101555352241536602,EUR,,
USDT,,2024-03-11 18:53:48,EXCHANGE_FEE,-3.43291043,-3.143955480722781335773101555352241537,EUR,,
ATOM,,2024-03-11 18:53:48,DEBIT,-250,-3142.726440988106129917657822506861848,EUR,,
ATOM,,2024-03-12 06:43:24,CREDIT,251.03,3054.922971741112123974475843208751139457,EUR,,
ATOM,,2024-03-12 06:43:24,EXCHANGE_FEE,-0.25103,-3.054922971741112123974475843208751139,EUR,,
USDT,,2024-03-12 06:43:24,DEBIT,-3348.94141,-3052.818058340929808568824065633546036218,EUR,,
ATOM,,2024-03-12 06:43:27,LOAN_REPAYMENT,-225.91701,-2749.30910072926162260711030082041932542,EUR,,
ATOM,,2024-03-12 06:43:47,CREDIT,0.2487964,3.027741057429352780309936189608021878,EUR,,
USDT,,2024-03-12 06:43:47,DEBIT,-3.38545661,-3.086104475843208751139471285323609847,EUR,,
ATOM,,2024-03-12 06:44:04,LOAN_REPAYMENT,-25.1107564,-305.586689097538742023701002734731084775,EUR,,
SOL,,2024-03-12 06:49:00,LOAN,20,2801.45719489981785063752276867030965392,EUR,,
USDT,,2024-03-12 06:49:26,CREDIT,3072.4,2800.729261622607110300820419325433000536,EUR,,
USDT,,2024-03-12 06:49:26,EXCHANGE_FEE,-3.0724,-2.800729261622607110300820419325433001,EUR,,
SOL,,2024-03-12 06:49:26,DEBIT,-20,-2801.45719489981785063752276867030965392,EUR,,
SOL,,2024-03-12 17:06:20,CREDIT,40.1,5322.898258478460128322639780018331805664,EUR,,
SOL,,2024-03-12 17:06:20,EXCHANGE_FEE,-0.0401,-5.322898258478460128322639780018331806,EUR,,
USDT,,2024-03-12 17:06:20,DEBIT,-5794.45,-5311.136571952337305224564619615032080543,EUR,,
SOL,,2024-03-12 17:06:26,LOAN_REPAYMENT,-40.00409147,-5310.167302186434463794683776351970669092,EUR,,
BNB,,2024-03-13 15:46:00,LOAN,12,6383.254113345521023765996343692870201092,EUR,,
USDT,,2024-03-13 15:46:30,CREDIT,6985.2,6391.394149908592321755027422303473492501,EUR,,
USDT,,2024-03-13 15:46:30,EXCHANGE_FEE,-6.9852,-6.391394149908592321755027422303473493,EUR,,
BNB,,2024-03-13 15:46:30,DEBIT,-12,-6383.254113345521023765996343692870201092,EUR,,
SOL,,2024-03-13 15:53:00,LOAN,20,2876.59963436928702010968921389396709324,EUR,,
USDT,,2024-03-13 15:53:52,CREDIT,3143.6,2876.365265082266910420475319926873857732,EUR,,
USDT,,2024-03-13 15:53:52,EXCHANGE_FEE,-3.1436,-2.876365265082266910420475319926873858,EUR,,
SOL,,2024-03-13 15:53:52,DEBIT,-20,-2876.59963436928702010968921389396709324,EUR,,
SOL,,2024-03-13 18:37:57,CREDIT,20.01,2941.195890410958904109589041095890410959,EUR,,
SOL,,2024-03-13 18:37:57,EXCHANGE_FEE,-0.02001,-2.941195890410958904109589041095890411,EUR,,
USDT,,2024-03-13 18:37:57,DEBIT,-3211605,-2935.905575342465753424657534246575343903,EUR,,
SOL,,2024-03-13 18:38:00,LOAN_REPAYMENT,-18.007146,-2646.803788767123287671232876712328767123,EUR,,
SOL,,2024-03-13 18:56:46,CREDIT,0.01052356,1.548645167488584474885844748858447489,EUR,,
USDT,,2024-03-13 18:56:46,DEBIT,-1.72848146,-1.580100403159817351598173515981735161,EUR,,
SOL,,2024-03-13 18:57:04,LOAN_REPAYMENT,-1.99336756,-293.343606044200913242009132420091324201,EUR,,
BNB,,2024-03-13 19:13:00,LOAN,18,9767.83561643835616438356164383561643835,EUR,,
USDT,,2024-03-13 19:13:39,CREDIT,10677.6,9760.984109589041095890410958904109593819,EUR,,
USDT,,2024-03-13 19:13:39,EXCHANGE_FEE,-10.6776,-9.760984109589041095890410958904109594,EUR,,
BNB,,2024-03-13 19:13:39,DEBIT,-18,-9767.83561643835616438356164383561643835,EUR,,
BNB,,2024-03-13 22:16:28,CREDIT,30.05,16576.073972602739726027397260273972602728,EUR,,
BNB,,2024-03-13 22:16:28,EXCHANGE_FEE,-0.0225375,-12.432055479452054794520547945205479452,EUR,,
USDT,,2024-03-13 22:16:28,DEBIT,-18186.8777,-16625.629751324200913242009132420091332339,EUR,,
BNB,,2024-03-13 22:16:30,LOAN_REPAYMENT,-27.0445977,-14918.244660049315068493150684931506849305,EUR,,
BNB,,2024-03-13 22:31:46,CREDIT,0.00130414,0.730747158356164383561643835616438356,EUR,,
USDT,,2024-03-13 22:31:46,DEBIT,-0.81612294,-0.746063071178082191780821917808219178,EUR,,
BNB,,2024-03-13 22:32:02,LOAN_REPAYMENT,-2.98416894,-1672.115703037808219178082191780821917809,EUR,,
BNB,,2024-03-13 23:15:00,LOAN,25,14172.989031078610603290676416819012797075,EUR,,
USDT,,2024-03-13 23:20:26,CREDIT,15575,14236.7458866544789762340036563071297915,EUR,,
USDT,,2024-03-13 23:20:26,EXCHANGE_FEE,-15575,-14.236745886654478976234003656307129792,EUR,,
BNB,,2024-03-13 23:20:26,DEBIT,-25,-14239.488117001828153564899451553930530175,EUR,,
BNB,,2024-03-14 16:29:56,CREDIT,25.1,13446.033088235294117647058823529411764698,EUR,,
BNB,,2024-03-14 16:29:56,EXCHANGE_FEE,-0.018825,-10.084524816176470588235294117647058824,EUR,,
USDT,,2024-03-14 16:29:56,DEBIT,-14633.3,-13441.654430147058823529411764705882346916,EUR,,
BNB,,2024-03-14 16:29:58,LOAN_REPAYMENT,-25.0770535,-13433.740681930147058823529411764705882346,EUR,,
BTC,,2024-03-14 19:03:16,CREDIT,0.0035,225.540482536764705882352941176470588235,EUR,,
BNB,,2024-03-14 19:03:16,EXCHANGE_FEE,-0.00031414,-0.168838700735294117647058823529411765,EUR,,
USDT,,2024-03-14 19:03:16,DEBIT,-244.4806,-224.61655125,EUR,,
SOL,,2024-03-14 20:38:00,EARN,0.00156321,0,EUR,0,USD
BTC,,2024-03-14 20:40:21,CREDIT,0.00339686,221.519262585845588235294117647058823529,EUR,,
BNB,,2024-03-14 20:40:21,EXCHANGE_FEE,-0.00030239,-0.166019892095588235294117647058823529,EUR,,
SOL,,2024-03-14 20:40:21,DEBIT,-1.43,-221.413419117647058823529411764705882354,EUR,,
SOL,,2024-03-14 22:55:00,LOAN,27.7,4404.478380864765409383624655013799448024,EUR,,
USDT,,2024-03-14 22:55:36,CREDIT,4789884,4405.195064213431462741490340386384542477,EUR,,
USDT,,2024-03-14 22:55:36,EXCHANGE_FEE,-4.789884,-4.405195064213431462741490340386384542,EUR,,
SOL,,2024-03-14 22:55:36,DEBIT,-27.7,-4404.478380864765409383624655013799448024,EUR,,
SOL,,2024-03-15 07:15:00,LOAN,7.3,1193.654093836246550137994480220791168355,EUR,,
USDT,,2024-03-15 07:15:50,CREDIT,1299181,1194.123033210671573137074517019319227383,EUR,,
USDT,,2024-03-15 07:15:50,EXCHANGE_FEE,-1.299181,-1.194123033210671573137074517019319227,EUR,,
SOL,,2024-03-15 07:15:50,DEBIT,-7.3,-1193.654093836246550137994480220791168355,EUR,,
BNB,,2024-03-15 10:45:06,DEBIT,-0.001665,-0.884835123966942148760330578512396694,EUR,,
USDT,,2024-03-15 10:45:07,CREDIT,1.299181,1.192168570523415977961432506887052342,EUR,,
SOL,,2024-03-15 15:35:00,LOAN,10,1692.64705882352941176470588235294117647,EUR,,
USDT,,2024-03-15 15:35:29,CREDIT,1841.4,1692.124742647058823529411764705882353699,EUR,,
USDT,,2024-03-15 15:35:29,EXCHANGE_FEE,-1.8414,-1.692124742647058823529411764705882354,EUR,,
SOL,,2024-03-15 15:35:29,DEBIT,-10,-1692.64705882352941176470588235294117647,EUR,,
SOL,,2024-03-16 05:36:15,CREDIT,45.02,7945.53345588235294117647058823529411766,EUR,,
SOL,,2024-03-16 05:36:15,EXCHANGE_FEE,-0.04502,-7.945533455882352941176470588235294118,EUR,,
USDT,,2024-03-16 05:36:15,DEBIT,-8658.6703,-7956.745005459558823529411764705882356507,EUR,,
SOL,,2024-03-16 05:36:18,LOAN_REPAYMENT,-40.497597,-7147.379205827205882352941176470588235306,EUR,,
SOL,,2024-03-16 09:19:16,CREDIT,0.03270453,5.832959734222631094756209751609935603,EUR,,
USDT,,2024-03-16 09:19:16,DEBIT,-6.46472511,-5.946714477910763569457221711131554736,EUR,,
SOL,,2024-03-16 09:19:34,LOAN_REPAYMENT,-4.51008753,-804.388840332198712051517939282428702852,EUR,,
SOL,,2024-03-16 11:16:00,LOAN,36.43,6458.623805147058823529411764705882352958,EUR,,
USDT,,2024-03-16 11:16:20,CREDIT,7014.5965,6445.949982261029411764705882352941179359,EUR,,
USDT,,2024-03-16 11:16:20,EXCHANGE_FEE,-7.0145965,-6.445949982261029411764705882352941179,EUR,,
SOL,,2024-03-16 11:16:20,DEBIT,-36.43,-6458.623805147058823529411764705882352958,EUR,,
SOL,,2024-03-16 17:39:21,CREDIT,36.5,6278.537258509659613615455381784728610842,EUR,,
SOL,,2024-03-16 17:39:21,EXCHANGE_FEE,-0.0365,-6.278537258509659613615455381784728611,EUR,,
USDT,,2024-03-16 17:39:21,DEBIT,-6807.25,-6261.793261269549218031278748850045996106,EUR,,
SOL,,2024-03-16 17:39:24,LOAN_REPAYMENT,-36.43162219,-6266.775268708555657773689052437902483887,EUR,,
BTC,,2024-03-17 03:06:27,EARN,0.00000004,0,EUR,0,USD
ETH,,2024-03-17 13:51:00,LOAN,3,9831.893382352941176470588235294117647059,EUR,,
USDT,,2024-03-17 13:51:32,CREDIT,10707.06,9831.206746323529411764705882352941173951,EUR,,
ETH,,2024-03-17 13:51:32,DEBIT,-3,-9831.893382352941176470588235294117647059,EUR,,
USDT,,2024-03-17 13:51:32,EXCHANGE_FEE,-10.70706,-9.831206746323529411764705882352941174,EUR,,
ETH,,2024-03-17 17:31:00,LOAN,0.1,333.043238270469181232750689972401103956,EUR,,
USDT,,2024-03-17 17:31:52,CREDIT,361774,332.619075988960441582336706531738730572,EUR,,
ETH,,2024-03-17 17:31:52,DEBIT,-0.1,-333.043238270469181232750689972401103956,EUR,,
USDT,,2024-03-17 17:31:52,EXCHANGE_FEE,-0.361774,-0.332619075988960441582336706531738731,EUR,,
ETH,,2024-03-17 17:34:00,LOAN,0.9,2990.475620975160993560257589696412143514,EUR,,
USDT,,2024-03-17 17:42:11,CREDIT,3258,2995.441766329346826126954921803127875976,EUR,,
ETH,,2024-03-17 17:42:11,DEBIT,-0.9,-2993.224471021159153633854645814167433303,EUR,,
USDT,,2024-03-17 17:42:11,EXCHANGE_FEE,-3258,-2.995441766329346826126954921803127876,EUR,,
BTC,,2024-03-18 03:01:54,EARN,0.00000004,0,EUR,0,USD
BTC,,2024-03-19 03:05:03,EARN,0.00000004,0,EUR,0,USD
ETH,,2024-03-19 06:41:51,CREDIT,4.02,12404.196320147194112235510579576816927321,EUR,,
ETH,,2024-03-19 06:41:51,EXCHANGE_FEE,-0.00402,-12.404196320147194112235510579576816927,EUR,,
USDT,,2024-03-19 06:41:51,DEBIT,-13514436,-12430.297251885924563017479300827966876265,EUR,,
ETH,,2024-03-19 06:41:53,LOAN_REPAYMENT,-4.00037238,-12343.632924182704691812327506899724011038,EUR,,
BTC,,2024-03-19 06:43:25,CREDIT,0.00396,236.020448618784530386740331491712707182,EUR,,
BNB,,2024-03-19 06:43:25,EXCHANGE_FEE,-0.00036472,-0.176743244894204231830726770929162833,EUR,,
USDT,,2024-03-19 06:43:25,DEBIT,-256.4054856,-236.077205388066298342541436464088397695,EUR,,
BTC,,2024-03-19 23:22:49,CREDIT,0.00323,183.462007274401473296500920810313075506,EUR,,
BNB,,2024-03-19 23:22:49,EXCHANGE_FEE,-0.00029804,-0.137729608103130755064456721915285451,EUR,,
USDT,,2024-03-19 23:22:49,DEBIT,-199.6882577,-183.819844588112338858195211786372007281,EUR,,
SOL,,2024-03-19 23:23:12,CREDIT,0.08,12.295395948434622467771639042357274401,EUR,,
BNB,,2024-03-19 23:23:12,EXCHANGE_FEE,-0.00001997,-0.009228493738489871086556169429097606,EUR,,
USDT,,2024-03-19 23:23:12,DEBIT,-13.3832,-12.319691565377532228360957642725598521,EUR,,
BNB,,2024-03-19 23:23:38,CREDIT,9,4.159060773480662983425414364640883978,EUR,,
BNB,,2024-03-19 23:23:38,EXCHANGE_FEE,-0.00000675,-0.003119295580110497237569060773480663,EUR,,
USDT,,2024-03-19 23:23:38,DEBIT,-4.5153,-4.15648748618784530386740331491712707,EUR,,
ETH,,2024-03-19 23:23:49,CREDIT,0.0261,75.729174033149171270718232044198895028,EUR,,
BNB,,2024-03-19 23:23:49,EXCHANGE_FEE,-0.00012295,-0.056817391344383057090239410681399632,EUR,,
USDT,,2024-03-19 23:23:49,DEBIT,-82.283121,-75.744416264917127071823204419889502727,EUR,,
USDT,,2024-03-19 23:27:00,LOAN,7350.60383366,6766.481263821272559852670349907918965538,EUR,,
ETH,,2024-03-19 23:27:10,CREDIT,3,8708.121546961325966850828729281767955802,EUR,,
ETH,,2024-03-19 23:27:10,EXCHANGE_FEE,-3,-8.708121546961325966850828729281767956,EUR,,
USDT,,2024-03-19 23:27:10,DEBIT,-9477.93,-8724.75747790055248618784530386740331085,EUR,,
USDT,,2024-03-19 23:34:00,LOAN,9092.22174423,8368.862666236011049723756906077348062129,EUR,,
BTC,,2024-03-20 03:07:22,EARN,0.00000004,0,EUR,0,USD
USDT,,2024-03-20 06:51:13,DEBIT,-9092.22174423,-8362.836522429764489420423183072677089512,EUR,,
ETH,,2024-03-20 06:54:00,CREDIT,2997,8674.564222631094756209751609935602575895,EUR,,
USDT,,2024-03-20 07:27:29,CREDIT,9545445,8781.458141674333026678932842686292546111,EUR,,
ETH,,2024-03-20 07:27:29,DEBIT,-2997,-8772.359613615455381784728610855565777369,EUR,,
USDT,,2024-03-20 07:27:29,EXCHANGE_FEE,-9.545445,-8.781458141674333026678932842686292546,EUR,,
USDT,,2024-03-20 07:27:31,LOAN_REPAYMENT,-7354.5888208,-6765.951077092916283348666053357865683688,EUR,,
ETH,,2024-03-20 07:51:55,LOAN_REPAYMENT,-2997,-8856.190193370165745856353591160220994475,EUR,,
ETH,,2024-03-20 07:52:45,CREDIT,0.0018,5.321602209944751381215469613259668508,EUR,,
ETH,,2024-03-20 07:52:45,EXCHANGE_FEE,-0.0000018,-0.005321602209944751381215469613259669,EUR,,
USDT,,2024-03-20 07:52:45,DEBIT,-5.77818,-5.317947430939226519337016574585635356,EUR,,
ETH,,2024-03-20 07:52:48,LOAN_REPAYMENT,-0.00001355,-0.040059838858195211786372007366482505,EUR,,
ETH,,2024-03-20 17:59:00,LOAN,2,6071.847615882136279926335174953959484346,EUR,,
USDT,,2024-03-20 17:59:32,CREDIT,6605.98,6076.043057957681692732290708371665130921,EUR,,
ETH,,2024-03-20 17:59:32,DEBIT,-2,-6071.847615882136279926335174953959484346,EUR,,
USDT,,2024-03-20 17:59:32,EXCHANGE_FEE,-6.60598,-6.076043057957681692732290708371665131,EUR,,
ETH,,2024-03-20 18:00:00,LOAN,1,3051.030358785648574057037718491260349586,EUR,,
ETH,,2024-03-20 18:01:00,LOAN,1,3051.030358785648574057037718491260349586,EUR,,
USDT,,2024-03-20 18:53:29,CREDIT,3365,3084.32630614115490375802016498625114567,EUR,,
ETH,,2024-03-20 18:53:29,DEBIT,-1,-3100.403299725022914757103574702108157654,EUR,,
USDT,,2024-03-20 18:53:29,EXCHANGE_FEE,-3365,-3.084326306141154903758020164986251146,EUR,,
USDT,,2024-03-20 20:24:44,CREDIT,3445,3157.65352887259395050412465627864344631,EUR,,
ETH,,2024-03-20 20:24:44,DEBIT,-1,-3151.769019248395967002749770852428964253,EUR,,
USDT,,2024-03-20 20:24:44,EXCHANGE_FEE,-3445,-3.157653528872593950504124656278643446,EUR,,
USDT,,2024-03-20 20:45:05,CREDIT,6.60598,6.0610320623281393217231897341888176,EUR,,
BNB,,2024-03-20 20:45:05,DEBIT,-0.00942825,-4.74514921402383134738771769019248396,EUR,,
BTC,,2024-03-21 03:03:57,EARN,0.00000006,0,EUR,0,USD
BTC,,2024-03-22 03:01:13,EARN,0.00000006,0,EUR,0,USD
BTC,,2024-03-23 03:00:46,EARN,0.00000006,0,EUR,0,USD
BTC,,2024-03-24 03:03:24,EARN,0.00000006,0,EUR,0,USD
BTC,,2024-03-25 03:00:44,EARN,0.00000006,0,EUR,0,USD
BTC,,2024-03-26 03:04:13,EARN,0.00000006,0,EUR,0,USD
BTC,,2024-03-27 03:01:57,EARN,0.00000006,0,EUR,0,USD
BTC,,2024-03-28 03:02:01,EARN,0.00000006,0,EUR,0,USD
BTC,,2024-03-29 03:02:58,EARN,0.00000006,0,EUR,0,USD
BTC,,2024-03-30 03:06:18,EARN,0.00000006,0,EUR,0,USD
ETH,,2024-03-30 19:37:00,LOAN,0.2,650.06672845227062094531974050046339203,EUR,,
USDT,,2024-03-30 19:37:25,CREDIT,700718,650.063686746987951807228915662650602266,EUR,,
ETH,,2024-03-30 19:37:25,DEBIT,-0.2,-650.06672845227062094531974050046339203,EUR,,
USDT,,2024-03-30 19:37:25,EXCHANGE_FEE,-0.700718,-0.650063686746987951807228915662650602,EUR,,
ETH,,2024-03-30 19:39:00,LOAN,0.20350773,661.136071691844300278035217794253938832,EUR,,
USDT,,2024-03-30 19:39:19,CREDIT,1039.83858,964.66952602409638554216867469879518051,EUR,,
ETH,,2024-03-30 19:39:19,DEBIT,-297,-964.864643188137164040778498609823911029,EUR,,
USDT,,2024-03-30 19:39:19,EXCHANGE_FEE,-1.03983858,-0.964669526024096385542168674698795181,EUR,,
BTC,,2024-03-31 03:02:56,EARN,0.00000006,0,EUR,0,USD
BTC,,2024-04-01 03:02:03,EARN,0.00000006,0,EUR,0,USD
BTC,,2024-04-02 03:04:16,EARN,0.00000006,0,EUR,0,USD
ETH,,2024-04-02 13:37:40,CREDIT,4.5,13557.002788104089219330855018587360594794,EUR,,
ETH,,2024-04-02 13:37:40,EXCHANGE_FEE,-0.0045,-13.557002788104089219330855018587360595,EUR,,
USDT,,2024-04-02 13:37:40,DEBIT,-14602.5,-13567.025325278810408921933085501858729382,EUR,,
ETH,,2024-04-02 13:37:43,LOAN_REPAYMENT,-4.40638078,-13274.959226646282527881040892193308550184,EUR,,
BTC,,2024-04-02 17:26:01,CREDIT,0.00305,185.556126976744186046511627906976744186,EUR,,
BNB,,2024-04-02 17:26:01,EXCHANGE_FEE,-0.00026937,-0.139019977674418604651162790697674419,EUR,,
USDT,,2024-04-02 17:26:01,DEBIT,-199.4318445,-185.517994883720930232558139534883720953,EUR,,
ETH,,2024-04-02 17:27:03,CREDIT,0.0287,86.778921860465116279069767441860465116,EUR,,
BNB,,2024-04-02 17:27:03,EXCHANGE_FEE,-0.00012616,-0.065110295813953488372093023255813953,EUR,,
USDT,,2024-04-02 17:27:03,DEBIT,-93.279018,-86.771179534883720930232558139534883732,EUR,,
BTC,,2024-04-03 03:02:37,EARN,0.00000006,0,EUR,0,USD
ETH,,2024-04-03 09:34:00,LOAN,1,3104.358736059479553903345724907063197026,EUR,,
USDT,,2024-04-03 09:34:28,CREDIT,3340.51,3104.563197026022304832713754646840148662,EUR,,
ETH,,2024-04-03 09:34:28,DEBIT,-1,-3104.358736059479553903345724907063197026,EUR,,
USDT,,2024-04-03 09:34:28,EXCHANGE_FEE,-3.34050999,-3.104563187732342007434944237918215613,EUR,,
ETH,,2024-04-03 11:22:29,CREDIT,1.0001,3071.356315691736304549675023212627669453,EUR,,
ETH,,2024-04-03 11:22:29,EXCHANGE_FEE,-0.0010001,-3.071356315691736304549675023212627669,EUR,,
USDT,,2024-04-03 11:22:29,DEBIT,-3304.090376,-3067.864787372330547818012999071494891599,EUR,,
ETH,,2024-04-03 11:22:31,LOAN_REPAYMENT,-0.89925921,-2758.732055301205936920222634508348794063,EUR,,
ETH,,2024-04-03 11:22:47,LOAN_REPAYMENT,-0.09984069,-306.28956463664192949907235621521335807,EUR,,
ETH,,2024-04-03 11:24:01,CREDIT,0.00090682,2.781926917810760667903525046382189239,EUR,,
USDT,,2024-04-03 11:24:01,DEBIT,-3.05658107,-2.838051132776230269266480965645311048,EUR,,
ETH,,2024-04-03 11:24:18,LOAN_REPAYMENT,-0.00090682,-2.781926917810760667903525046382189239,EUR,,
ETH,,2024-04-03 14:36:00,LOAN,1,3108,EUR,,
USDT,,2024-04-03 14:36:53,CREDIT,3354.45,3105.972222222222222222222222222222222471,EUR,,
ETH,,2024-04-03 14:36:53,DEBIT,-1,-3108,EUR,,
USDT,,2024-04-03 14:36:53,EXCHANGE_FEE,-3.35445,-3.105972222222222222222222222222222222,EUR,,
ETH,,2024-04-03 17:43:16,CREDIT,1.0001,3073.893310536044362292051756007393715342,EUR,,
ETH,,2024-04-03 17:43:16,EXCHANGE_FEE,-0.0010001,-3.073893310536044362292051756007393715,EUR,,
USDT,,2024-04-03 17:43:16,DEBIT,-3323.712338,-3074.894686079482439926062846580406655947,EUR,,
ETH,,2024-04-03 17:43:19,LOAN_REPAYMENT,-0.9990999,-3070.819417225508317929759704251386321627,EUR,,
ETH,,2024-04-03 17:44:47,CREDIT,0.00090912,2.794258460628465804066543438077634011,EUR,,
USDT,,2024-04-03 17:44:47,DEBIT,-3.0831435,-2.852335160351201478743068391866913125,EUR,,
ETH,,2024-04-03 17:45:04,LOAN_REPAYMENT,-0.00090912,-2.7934770543438077634011090573012939,EUR,,
ETH,,2024-04-03 18:53:00,LOAN,1,3078.568790397045244690674053554939981533,EUR,,
USDT,,2024-04-03 18:53:14,CREDIT,3328.8,3073.684210526315789473684210526315788678,EUR,,
ETH,,2024-04-03 18:53:14,DEBIT,-1,-3078.568790397045244690674053554939981533,EUR,,
USDT,,2024-04-03 18:53:14,EXCHANGE_FEE,-3.3288,-3.073684210526315789473684210526315789,EUR,,
ETH,,2024-04-03 22:03:00,LOAN,0.7,2148.314232902033271719038817005545286506,EUR,,
ETH,,2024-04-03 22:04:00,LOAN,0.8,2455.216266173752310536044362292051756007,EUR,,
BTC,,2024-04-04 03:01:58,EARN,0.00000006,0,EUR,0,USD
USDT,,2024-04-04 10:21:21,CREDIT,1675,1543.624423963133640552995391705069124725,EUR,,
ETH,,2024-04-04 10:21:21,DEBIT,-0.5,-1542.193548387096774193548387096774193548,EUR,,
USDT,,2024-04-04 10:21:21,EXCHANGE_FEE,-1675,-1.543624423963133640552995391705069125,EUR,,
ETH,,2024-04-04 16:12:00,LOAN,0.2,620.788213627992633517495395948434622468,EUR,,
USDT,,2024-04-04 16:12:08,CREDIT,673916,621.120737327188940092165898617511520747,EUR,,
ETH,,2024-04-04 16:12:08,DEBIT,-0.2,-620.788213627992633517495395948434622468,EUR,,
USDT,,2024-04-04 16:12:08,EXCHANGE_FEE,-0.67391601,-0.621120746543778801843317972350230415,EUR,,
USDT,,2024-04-04 17:51:52,CREDIT,681,628.277419354838709677419354838709677661,EUR,,
ETH,,2024-04-04 17:51:52,DEBIT,-0.2,-626.305990783410138248847926267281105991,EUR,,
USDT,,2024-04-04 17:51:52,EXCHANGE_FEE,-681,-0.628277419354838709677419354838709678,EUR,,
ETH,,2024-04-04 18:50:00,LOAN,0.3,938.51845018450184501845018450184501845,EUR,,
USDT,,2024-04-04 18:50:16,CREDIT,1017.3,939.407103321033210332103321033210332374,EUR,,
ETH,,2024-04-04 18:50:16,DEBIT,-0.3,-938.51845018450184501845018450184501845,EUR,,
USDT,,2024-04-04 18:50:16,EXCHANGE_FEE,-1.0173,-0.939407103321033210332103321033210332,EUR,,
ETH,,2024-04-04 20:13:04,LOAN_REPAYMENT,-0.8,-2442.452446906740535549399815327793167128,EUR,,
ETH,,2024-04-04 20:13:35,CREDIT,2.21,6747.274884579870729455216989843028624191,EUR,,
ETH,,2024-04-04 20:13:35,EXCHANGE_FEE,-0.00221,-6.747274884579870729455216989843028624,EUR,,
USDT,,2024-04-04 20:13:35,DEBIT,-7293.3536,-6741.132921144967682363804247460757157752,EUR,,
ETH,,2024-04-04 20:13:38,LOAN_REPAYMENT,-2.20014341,-6717.182069125300092336103416435826408125,EUR,,
ETH,,2024-04-04 21:25:00,LOAN,0.5,1536.749769159741458910433979686057248384,EUR,,
USDT,,2024-04-04 21:25:03,CREDIT,1663515,1536.024930747922437673130193905817174117,EUR,,
ETH,,2024-04-04 21:25:03,DEBIT,-0.5,-1536.749769159741458910433979686057248384,EUR,,
USDT,,2024-04-04 21:25:03,EXCHANGE_FEE,-1.663515,-1.536024930747922437673130193905817174,EUR,,
BTC,,2024-04-05 03:01:04,EARN,0.00000006,0,EUR,0,USD
ETH,,2024-04-05 05:50:54,CREDIT,0.5005,1515.982553191489361702127659574468085106,EUR,,
ETH,,2024-04-05 05:50:54,EXCHANGE_FEE,-0.0005005,-1.515982553191489361702127659574468085,EUR,,
USDT,,2024-04-05 05:50:54,DEBIT,-1639.2376,-1516.408510638297872340425531914893617414,EUR,,
ETH,,2024-04-05 05:50:57,LOAN_REPAYMENT,-0.4999995,-1514.466570638297872340425531914893617021,EUR,,
ETH,,2024-04-05 05:51:32,CREDIT,0.00001063,0.032197591489361702127659574468085106,EUR,,
USDT,,2024-04-05 05:51:32,DEBIT,-0.0355068,-0.032846253469010175763182238667900093,EUR,,
ETH,,2024-04-05 05:51:48,LOAN_REPAYMENT,-0.00001063,-0.032197591489361702127659574468085106,EUR,,
SOL,,2024-04-05 10:49:22,CREDIT,0.08,12.697322253000923361034164358264081256,EUR,,
BNB,,2024-04-05 10:49:22,EXCHANGE_FEE,-0.00001787,-0.009525386518928901200369344413665743,EUR,,
USDT,,2024-04-05 10:49:22,DEBIT,-13736,-12.695009242144177449168207024029574865,EUR,,
USDT,,2024-04-05 12:52:00,LOAN,1257.859861,1164.685056481481481481481481481481481575,EUR,,
ETH,,2024-04-05 12:52:29,CREDIT,1,3002.814814814814814814814814814814814815,EUR,,
ETH,,2024-04-05 12:52:29,EXCHANGE_FEE,-1,-3.002814814814814814814814814814814815,EUR,,
USDT,,2024-04-05 12:52:29,DEBIT,-3245.41,-3005.0092592592592592592592592592592595,EUR,,
USDT,,2024-04-05 12:55:00,LOAN,9861.00970139,9130.564538324074074074074074074074074805,EUR,,
ETH,,2024-04-05 12:55:21,CREDIT,3,9061.805555555555555555555555555555555556,EUR,,
ETH,,2024-04-05 12:55:21,EXCHANGE_FEE,-3,-9.061805555555555555555555555555555556,EUR,,
USDT,,2024-04-05 12:55:21,DEBIT,-9775.83,-9051.694444444444444444444444444444445169,EUR,,
USDT,,2024-04-05 13:53:41,CREDIT,13123.0231,12150.947314814814814814814814814814815787,EUR,,
ETH,,2024-04-05 13:53:41,DEBIT,-3996,-12147.765999999999999999999999999999999998,EUR,,
USDT,,2024-04-05 13:53:41,EXCHANGE_FEE,-13.12302311,-12.150947324074074074074074074074074075,EUR,,
USDT,,2024-04-05 13:53:44,LOAN_REPAYMENT,-11119.29613562,-10295.644570018518518518518518518518519342,EUR,,
ETH,,2024-04-05 16:43:00,LOAN,1,3069.095106186518928901200369344413665743,EUR,,
USDT,,2024-04-05 16:43:36,CREDIT,3322.2,3067.590027700831024930747922437673129399,EUR,,
ETH,,2024-04-05 16:43:36,DEBIT,-1,-3069.095106186518928901200369344413665743,EUR,,
USDT,,2024-04-05 16:43:36,EXCHANGE_FEE,-3.3222,-3.067590027700831024930747922437673129,EUR,,
USDT,,2024-04-06 02:01:34,EARN,0.01031277,0,EUR,0,USD
BTC,,2024-04-06 03:06:00,EARN,0.00000006,0,EUR,0,USD
ETH,,2024-04-06 10:09:00,LOAN,0.36,1110.533456561922365988909426987060998151,EUR,,
USDT,,2024-04-06 10:09:05,CREDIT,1200.96,1108.919667590027700831024930747922437386,EUR,,
ETH,,2024-04-06 10:09:05,DEBIT,-0.36,-1110.533456561922365988909426987060998151,EUR,,
USDT,,2024-04-06 10:09:05,EXCHANGE_FEE,-1.20096,-1.108919667590027700831024930747922437,EUR,,
ETH,,2024-04-06 19:02:00,LOAN,633,1956.882643253234750462107208872458410351,EUR,,
USDT,,2024-04-06 19:02:23,CREDIT,2117.05584,1956.613530499075785582255083179297597606,EUR,,
ETH,,2024-04-06 19:02:23,DEBIT,-633,-1956.882643253234750462107208872458410351,EUR,,
USDT,,2024-04-06 19:02:23,EXCHANGE_FEE,-2.11705584,-1.956613530499075785582255083179297598,EUR,,
ETH,,2024-04-06 21:01:00,LOAN,0.5,1555.517560073937153419593345656192236599,EUR,,
USDT,,2024-04-06 21:01:36,CREDIT,1682.75,1555.221811460258780036968576709796673276,EUR,,
ETH,,2024-04-06 21:01:36,DEBIT,-0.5,-1555.517560073937153419593345656192236599,EUR,,
USDT,,2024-04-06 21:01:36,EXCHANGE_FEE,-1.68275,-1.555221811460258780036968576709796673,EUR,,
BTC,,2024-04-07 03:00:44,EARN,0.00000006,0,EUR,0,USD
ETH,,2024-04-07 11:04:00,LOAN,0.5,1565.360110803324099722991689750692520776,EUR,,
USDT,,2024-04-07 11:04:40,CREDIT,1694.66,1564.783010156971375807940904893813480666,EUR,,
ETH,,2024-04-07 11:04:40,DEBIT,-0.5,-1565.360110803324099722991689750692520776,EUR,,
USDT,,2024-04-07 11:04:40,EXCHANGE_FEE,-1.69466,-1.564783010156971375807940904893813481,EUR,,
BTC,,2024-04-08 03:02:53,EARN,0.00000006,0,EUR,0,USD
ETH,,2024-04-08 06:15:00,LOAN,0.5,1581.832871652816251154201292705447830102,EUR,,
USDT,,2024-04-08 06:15:38,CREDIT,1712695,1581.435826408125577100646352723915050375,EUR,,
ETH,,2024-04-08 06:15:38,DEBIT,-0.5,-1581.832871652816251154201292705447830102,EUR,,
USDT,,2024-04-08 06:15:38,EXCHANGE_FEE,-1.712695,-1.58143582640812557710064635272391505,EUR,,
ETH,,2024-04-08 07:29:00,LOAN,0.1,317.567867036011080332409972299168975069,EUR,,
USDT,,2024-04-08 07:29:47,CREDIT,343837,317.485687903970452446906740535549399733,EUR,,
ETH,,2024-04-08 07:29:47,DEBIT,-0.1,-317.567867036011080332409972299168975069,EUR,,
USDT,,2024-04-08 07:29:47,EXCHANGE_FEE,-0.343837,-0.3174856879039704524469067405355494,EUR,,
ETH,,2024-04-08 07:37:00,LOAN,145,463.232825484764542936288088642659279778,EUR,,
USDT,,2024-04-08 07:37:16,CREDIT,502.0306,463.127859778597785977859778597785977747,EUR,,
ETH,,2024-04-08 07:37:16,DEBIT,-145,-463.232825484764542936288088642659279778,EUR,,
USDT,,2024-04-08 07:37:16,EXCHANGE_FEE,-0.5020306,-0.463127859778597785977859778597785978,EUR,,
ETH,,2024-04-08 07:38:00,LOAN,0.01453419,46.59945824459833795013850415512465374,EUR,,
USDT,,2024-04-08 07:38:51,CREDIT,486.1626,448.489483394833948339483394833948339374,EUR,,
ETH,,2024-04-08 07:38:51,DEBIT,-0.14,-448.867405355493998153277931671283471838,EUR,,
USDT,,2024-04-08 07:38:51,EXCHANGE_FEE,-0.4861626,-0.448489483394833948339483394833948339,EUR,,
ETH,,2024-04-08 08:24:00,LOAN,0.5,1645.267774699907663896583564173591874423,EUR,,
USDT,,2024-04-08 08:24:05,CREDIT,1782.35,1644.234317343173431734317343173431733916,EUR,,
ETH,,2024-04-08 08:24:05,DEBIT,-0.5,-1645.267774699907663896583564173591874423,EUR,,
USDT,,2024-04-08 08:24:05,EXCHANGE_FEE,-1.78235,-1.644234317343173431734317343173431734,EUR,,
ETH,,2024-04-08 18:35:45,CREDIT,4.28,14546.723827046918123275068997240110395585,EUR,,
ETH,,2024-04-08 18:35:45,EXCHANGE_FEE,-0.00428,-14.546723827046918123275068997240110396,EUR,,
USDT,,2024-04-08 18:35:45,DEBIT,-15806.112267,-14541.041643974241030358785648574057034098,EUR,,
ETH,,2024-04-08 18:35:48,LOAN_REPAYMENT,-4.25292055,-14454.687079257589696412143514259429622816,EUR,,
BTC,,2024-04-09 03:05:10,EARN,0.00000006,0,EUR,0,USD
BTC,,2024-04-10 03:03:50,EARN,0.00000006,0,EUR,0,USD
BTC,,2024-04-11 03:00:49,EARN,0.00000006,0,EUR,0,USD
BTC,,2024-04-12 03:07:03,EARN,0.00000006,0,EUR,0,USD
USDT,,2024-04-12 21:32:00,LOAN,8188.26010963,7725.210527558557964184731385485391136938,EUR,,
ETH,,2024-04-12 21:32:49,CREDIT,3,9112.613207547169811320754716981132075473,EUR,,
ETH,,2024-04-12 21:32:49,EXCHANGE_FEE,-3,-9.112613207547169811320754716981132075,EUR,,
USDT,,2024-04-12 21:32:49,DEBIT,-9659.94,-9104.561734213006597549481621112158342307,EUR,,
USDT,,2024-04-13 01:57:42,CREDIT,9424.8,8882.940622054665409990574929311969840866,EUR,,
ETH,,2024-04-13 01:57:42,DEBIT,-3,-8923.063147973609802073515551366635249764,EUR,,
USDT,,2024-04-13 01:57:42,EXCHANGE_FEE,-9.4248,-8.882940622054665409990574929311969841,EUR,,
USDT,,2024-04-13 01:57:45,LOAN_REPAYMENT,-8189.19718807,-7718.376237577756833176248821866163997179,EUR,,
BTC,,2024-04-13 03:00:49,EARN,0.00000006,0,EUR,0,USD
USDT,,2024-04-13 20:46:00,EARN,0.97476808,0,EUR,0,USD
ATOM,,2024-04-13 20:47:15,CREDIT,10,71.77419354838709677419354838709677419,EUR,,
BNB,,2024-04-13 20:47:15,EXCHANGE_FEE,-0.00010896,-0.054175325118483412322274881516587678,EUR,,
USDT,,2024-04-13 20:47:15,DEBIT,-75.67,-71.940293838862559241706161137440758301,EUR,,
BTC,,2024-04-13 20:47:34,CREDIT,0.00202,118.435685578747628083491461100569259962,EUR,,
BNB,,2024-04-13 20:47:34,EXCHANGE_FEE,-0.00017971,-0.089377592030360531309297912713472486,EUR,,
USDT,,2024-04-13 20:47:34,DEBIT,-125.1834602,-119.007426110436432637571157495256166951,EUR,,
USDT,,2024-04-14 02:01:47,EARN,0.15090252,0,EUR,0,USD
BTC,,2024-04-14 03:07:29,EARN,0.00000006,0,EUR,0,USD
BTC,,2024-04-15 03:04:31,EARN,0.00000006,0,EUR,0,USD
BTC,,2024-04-16 03:01:46,EARN,0.00000006,0,EUR,0,USD
BTC,,2024-04-17 03:04:54,EARN,0.00000006,0,EUR,0,USD
BTC,,2024-04-18 03:01:46,EARN,0.00000006,0,EUR,0,USD
BTC,,2024-04-19 03:05:54,EARN,0.00000006,0,EUR,0,USD
BTC,,2024-04-20 03:02:00,EARN,0.00000006,0,EUR,0,USD
BTC,,2024-04-21 03:05:59,EARN,0.00000006,0,EUR,0,USD
BTC,,2024-04-22 03:00:45,EARN,0.00000006,0,EUR,0,USD
BTC,,2024-04-23 03:06:42,EARN,0.00000006,0,EUR,0,USD
BTC,,2024-04-24 03:04:30,EARN,0.00000006,0,EUR,0,USD
ETH,,2024-04-24 13:10:00,LOAN,3.6127,11010.041517790262172284644194756554307118,EUR,,
USDT,,2024-04-24 13:10:14,CREDIT,11756.520594,11005.776488652808988764044943820224720994,EUR,,
ETH,,2024-04-24 13:10:14,DEBIT,-3.6127,-11010.041517790262172284644194756554307118,EUR,,
USDT,,2024-04-24 13:10:14,EXCHANGE_FEE,-11.75652059,-11.005776484908239700374531835205992511,EUR,,
ETH,,2024-04-24 14:30:47,CREDIT,3.62,10868.525607476635514018691588785046728971,EUR,,
ETH,,2024-04-24 14:30:47,EXCHANGE_FEE,-0.00362,-10.868525607476635514018691588785046729,EUR,,
USDT,,2024-04-24 14:30:47,DEBIT,-11612.96,-10849.977674766355140186915887850467295472,EUR,,
ETH,,2024-04-24 14:30:49,LOAN_REPAYMENT,-3.6127162,-10846.657053106542056074766355140186915887,EUR,,
BTC,,2024-04-25 03:00:53,EARN,0.00000006,0,EUR,0,USD
BTC,,2024-04-26 07:22:49,EARN,0.00000006,0,EUR,0,USD
BTC,,2024-04-27 03:02:45,EARN,0.00000006,0,EUR,0,USD
BTC,,2024-04-28 03:22:52,EARN,0.00000006,0,EUR,0,USD
ETH,,2024-04-28 09:22:00,LOAN,1.9,5888.329279700654817586529466791393826005,EUR,,
USDT,,2024-04-28 09:22:28,CREDIT,6298.5,5888.41992516370439663236669784845650095,EUR,,
ETH,,2024-04-28 09:22:28,DEBIT,-1.9,-5888.329279700654817586529466791393826005,EUR,,
USDT,,2024-04-28 09:22:28,EXCHANGE_FEE,-6.2985,-5.888419925163704396632366697848456501,EUR,,
ETH,,2024-04-28 19:08:00,LOAN,0.25,779.80823199251637043966323666978484565,EUR,,
USDT,,2024-04-28 19:08:51,CREDIT,833.85,779.716052385406922357343311506080448917,EUR,,
ETH,,2024-04-28 19:08:51,DEBIT,-0.25,-779.80823199251637043966323666978484565,EUR,,
USDT,,2024-04-28 19:08:51,EXCHANGE_FEE,-0.83385,-0.779716052385406922357343311506080449,EUR,,
BTC,,2024-04-29 03:03:56,EARN,0.00000006,0,EUR,0,USD
ETH,,2024-04-29 06:14:00,CREDIT,2.16,6430.801118359739049394221808014911463187,EUR,,
ETH,,2024-04-29 06:14:00,EXCHANGE_FEE,-0.00216,-6.430801118359739049394221808014911463,EUR,,
USDT,,2024-04-29 06:14:00,DEBIT,-6906.3624,-6436.498042870456663560111835973904936796,EUR,,
ETH,,2024-04-29 06:14:02,LOAN_REPAYMENT,-2.15009982,-6401.326077333830382106244175209692451072,EUR,,
USDT,,2024-04-29 21:05:00,EARN,0.00206331,0,EUR,0,USD
ATOM,,2024-04-29 21:06:00,CREDIT,19.54,147.469636533084808946877912395153774459,EUR,,
ATOM,,2024-04-29 21:06:00,EXCHANGE_FEE,-0.01954,-0.147469636533084808946877912395153774,EUR,,
USDT,,2024-04-29 21:06:00,DEBIT,-158.25446,-147.566378932835820895522388059701492464,EUR,,
ATOM,,2024-04-29 21:14:40,WITHDRAWAL,-29.52046,-221.761440652985074626865671641791044787,EUR,,
USDT,,2024-04-30 02:01:09,EARN,0.15825446,0,EUR,0,USD
BTC,,2024-04-30 03:05:30,EARN,0.00000006,0,EUR,0,USD
USDT,,2024-04-30 14:28:00,LOAN,12130.85324021,11320.99702482716619981325863678804854964,EUR,,
ETH,,2024-04-30 14:28:28,CREDIT,4.5,12599.327731092436974789915966386554621846,EUR,,
ETH,,2024-04-30 14:28:28,EXCHANGE_FEE,-0.0045,-12.599327731092436974789915966386554622,EUR,,
USDT,,2024-04-30 14:28:28,DEBIT,-13510.8,-12608.81848739495798319327731092436974443,EUR,,
USDT,,2024-04-30 16:18:23,CREDIT,13311.1755,12463.647471910112359550561797752808986022,EUR,,
ETH,,2024-04-30 16:18:23,DEBIT,-4.4955,-12449.801534144059869036482694106641721235,EUR,,
USDT,,2024-04-30 16:18:23,EXCHANGE_FEE,-13.3111755,-12.463647471910112359550561797752808986,EUR,,
USDT,,2024-04-30 16:18:26,LOAN_REPAYMENT,-12131.26516033,-11358.86250967228464419475655430711610237,EUR,,
USDT,,2024-04-30 21:49:00,LOAN,10755.75096179,10070.286045762146204311152764761012181606,EUR,,
ETH,,2024-04-30 21:49:29,CREDIT,4,11164.835988753514526710402999062792877224,EUR,,
ETH,,2024-04-30 21:49:29,EXCHANGE_FEE,-4,-11.164835988753514526710402999062792877,EUR,,
USDT,,2024-04-30 21:49:29,DEBIT,-11936.141208,-11175.449922016869728209934395501405808369,EUR,,
ETH,,2024-04-30 22:39:00,LOAN,0.7236,2045.773855670103092783505154639175257732,EUR,,
USDT,,2024-04-30 22:39:03,CREDIT,14243.36875,13338.307455482661668228678537956888471231,EUR,,
ETH,,2024-04-30 22:39:03,DEBIT,-4.7196,-13343.330969072164948453608247422680412372,EUR,,
USDT,,2024-04-30 22:39:03,EXCHANGE_FEE,-14.24336875,-13.338307455482661668228678537956888471,EUR,,
USDT,,2024-04-30 22:43:13,DEBIT,-10755.99006215,-10078.947910958381801125703564727954967458,EUR,,
ETH,,2024-04-30 22:45:00,CREDIT,3.4432,9724.165283302063789868667917448405253283,EUR,,
USDT,,2024-04-30 22:45:14,CREDIT,10381.902208,9730.355061925703564727954971857410881528,EUR,,
ETH,,2024-04-30 22:45:14,DEBIT,-3.4432,-9724.165283302063789868667917448405253283,EUR,,
USDT,,2024-04-30 22:45:14,EXCHANGE_FEE,-10.3819022,-9.730355054427767354596622889305816135,EUR,,
ETH,,2024-05-01 02:13:19,CREDIT,4.17,11603.396622889305816135084427767354596622,EUR,,
ETH,,2024-05-01 02:13:19,EXCHANGE_FEE,-0.00417,-11.603396622889305816135084427767354597,EUR,,
USDT,,2024-05-01 02:13:19,DEBIT,-12409.92,-11628.770251407129455909943714821763597176,EUR,,
ETH,,2024-05-01 02:13:21,LOAN_REPAYMENT,-3.75282324,-10442.565110147842401500938086303939962476,EUR,,
BTC,,2024-05-01 04:05:50,EARN,0.00000006,0,EUR,0,USD
ETH,,2024-05-01 08:10:30,LOAN_REPAYMENT,-0.41300676,-1108.050301261855670103092783505154639175,EUR,,
ETH,,2024-05-01 08:10:51,CREDIT,2,5.365773195876288659793814432989690722,EUR,,
ETH,,2024-05-01 08:10:51,EXCHANGE_FEE,-0.000002,-0.005365773195876288659793814432989691,EUR,,
USDT,,2024-05-01 08:10:51,DEBIT,-5.73056,-5.365888000000000000000000000000000002,EUR,,
ETH,,2024-05-01 08:10:54,LOAN_REPAYMENT,-0.00102311,-2.744888107216494845360824742268041237,EUR,,
BTC,,2024-05-01 08:17:32,CREDIT,0.00061,32.604854451733833177132146204311152765,EUR,,
BNB,,2024-05-01 08:17:32,EXCHANGE_FEE,-0.0000483,-0.024516210871602624179943767572633552,EUR,,
USDT,,2024-05-01 08:17:32,DEBIT,-34.8987771,-32.677945830000000000000000000000000013,EUR,,
ETH,,2024-05-01 11:45:07,CREDIT,0.000002,0.005417694470477975632614807872539831,EUR,,
BNB,,2024-05-01 11:45:07,DEBIT,-0.00000791,-0.004064865229615745079662605435801312,EUR,,
USDT,,2024-05-01 17:16:00,LOAN,13043.18399491,12200.506377261320224719101123595505613141,EUR,,
ETH,,2024-05-01 17:16:59,CREDIT,5,13448.07872539831302717900656044985941893,EUR,,
ETH,,2024-05-01 17:16:59,EXCHANGE_FEE,-5,-13.448078725398313027179006560449859419,EUR,,
USDT,,2024-05-01 17:16:59,DEBIT,-14414.05,-13482.805196629213483146067415730337073307,EUR,,
USDT,,2024-05-01 18:04:11,CREDIT,14745.45,13779.892001870907390084190832553788587837,EUR,,
ETH,,2024-05-01 18:04:11,DEBIT,-4.99,-13806.583831775700934579439252336448598133,EUR,,
USDT,,2024-05-01 18:04:11,EXCHANGE_FEE,-14.74545,-13.779892001870907390084190832553788588,EUR,,
USDT,,2024-05-01 18:04:14,LOAN_REPAYMENT,-13043.33215375,-12189.231825627923292797006548175865294997,EUR,,
BNB,,2024-05-01 21:52:42,CREDIT,0.00032706,0.169765821848739495798319327731092437,EUR,,
WBETH,,2024-05-01 21:52:42,DEBIT,-0.00006037,-0.173287829225023342670401493930905696,EUR,,
BTC,,2024-05-01 21:55:13,CREDIT,0.00286,154.628290009337068160597572362278244631,EUR,,
BNB,,2024-05-01 21:55:13,EXCHANGE_FEE,-0.00022304,-0.115837104761904761904761904761904762,EUR,,
USDT,,2024-05-01 21:55:13,DEBIT,-165.8285486,-154.633960305154061624649859943977591095,EUR,,
ETH,,2024-05-01 22:02:00,LOAN,4.5423,12590.433579291044776119402985074626865672,EUR,,
USDT,,2024-05-01 22:02:22,CREDIT,13508.891046,12596.946300317647058823529411764705887159,EUR,,
ETH,,2024-05-01 22:02:22,DEBIT,-4.5423,-12591.798470588235294117647058823529411765,EUR,,
USDT,,2024-05-01 22:02:22,EXCHANGE_FEE,-13.50889105,-12.596946304047619047619047619047619052,EUR,,
USDT,,2024-05-02 02:01:18,EARN,0.15037991,0,EUR,0,USD
BTC,,2024-05-02 03:03:07,EARN,0.00000006,0,EUR,0,USD
ETH,,2024-05-02 12:16:48,CREDIT,4.55,12780.099532710280373831775700934579439254,EUR,,
ETH,,2024-05-02 12:16:48,EXCHANGE_FEE,-0.00455,-12.780099532710280373831775700934579439,EUR,,
USDT,,2024-05-02 12:16:48,DEBIT,-13700.9563,-12802.071129663551401869158878504672896684,EUR,,
ETH,,2024-05-02 12:16:50,LOAN_REPAYMENT,-4.54245425,-12758.904931380841121495327102803738317759,EUR,,
ETH,,2024-05-02 22:12:00,LOAN,3.8759,10855.050904850746268656716417910447761194,EUR,,
USDT,,2024-05-02 22:12:43,CREDIT,11637.738581,10856.099422574626865671641791044776121314,EUR,,
ETH,,2024-05-02 22:12:43,DEBIT,-3.8759,-10857.039472947761194029850746268656716418,EUR,,
USDT,,2024-05-02 22:12:43,EXCHANGE_FEE,-11.63773858,-10.856099421641791044776119402985074629,EUR,,
BTC,,2024-05-03 03:00:42,EARN,0.00000006,0,EUR,0,USD
ETH,,2024-05-03 13:16:39,CREDIT,3879,10948.989786839666357738646895273401297498,EUR,,
ETH,,2024-05-03 13:16:39,EXCHANGE_FEE,-0.003879,-10.948989786839666357738646895273401297,EUR,,
USDT,,2024-05-03 13:16:39,DEBIT,-11862.851299,-10994.301481927710843373493975903614453697,EUR,,
ETH,,2024-05-03 13:16:41,LOAN_REPAYMENT,-3.49019811,-9851.545104521037998146431881371640407785,EUR,,
ETH,,2024-05-03 14:00:25,LOAN_REPAYMENT,-0.38492289,-1093.005880194150417827298050139275766017,EUR,,
ETH,,2024-05-03 14:01:11,CREDIT,0.0016,4.543272051996285979572887650882079851,EUR,,
ETH,,2024-05-03 14:01:11,EXCHANGE_FEE,-0.0000016,-0.00454327205199628597957288765088208,EUR,,
USDT,,2024-05-03 14:01:11,DEBIT,-4.895616,-4.545604456824512534818941504178272978,EUR,,
ETH,,2024-05-03 14:01:14,LOAN_REPAYMENT,-0.00091749,-2.605254171866295264623955431754874652,EUR,,
USDT,,2024-05-03 16:10:00,EARN,0.02001138,0,EUR,0,USD
ETH,,2024-05-03 17:45:06,CREDIT,0.0000016,0.004580208178438661710037174721189591,EUR,,
BNB,,2024-05-03 17:45:06,DEBIT,-0.00000635,-0.003428940985130111524163568773234201,EUR,,
ETH,,2024-05-03 20:31:00,LOAN,3.75914142,10850.15381793122676579925650557620817844,EUR,,
USDT,,2024-05-03 20:31:46,CREDIT,11793.68,10971.629814126394052044609665427509299292,EUR,,
ETH,,2024-05-03 20:31:46,DEBIT,-3.8,-10975.219330855018587360594795539033457249,EUR,,
USDT,,2024-05-03 20:31:46,EXCHANGE_FEE,-11.79368,-10.971629814126394052044609665427509299,EUR,,
BTC,,2024-05-04 03:03:01,EARN,0.00000006,0,EUR,0,USD
BTC,,2024-05-05 03:03:12,EARN,0.00000006,0,EUR,0,USD
BTC,,2024-05-06 03:00:53,EARN,0.00000006,0,EUR,0,USD
ETH,,2024-05-06 08:21:52,CREDIT,3765,11235.571030640668523676880222841225626742,EUR,,
ETH,,2024-05-06 08:21:52,EXCHANGE_FEE,-0.003765,-11.235571030640668523676880222841225627,EUR,,
USDT,,2024-05-06 08:21:52,DEBIT,-12072.179806,-11209.08059981429897864438254410399256603,EUR,,
ETH,,2024-05-06 08:21:54,LOAN_REPAYMENT,-3.75962677,-11185.691787463450834879406307977736549164,EUR,,
BTC,,2024-05-07 03:00:42,EARN,0.00000006,0,EUR,0,USD
ETH,,2024-05-07 22:15:00,LOAN,2.7099,7629.678117100371747211895910780669144982,EUR,,
USDT,,2024-05-07 22:15:05,CREDIT,8217.256869,7636.855826208178438661710037174721189499,EUR,,
ETH,,2024-05-07 22:15:05,DEBIT,-2.7099,-7642.043924721189591078066914498141263941,EUR,,
USDT,,2024-05-07 22:15:05,EXCHANGE_FEE,-8.21725687,-7.636855827137546468401486988847583643,EUR,,
BTC,,2024-05-08 03:01:43,EARN,0.00000006,0,EUR,0,USD
ETH,,2024-05-08 22:44:17,CREDIT,2731,7527.525162790697674418604651162790697674,EUR,,
ETH,,2024-05-08 22:44:17,EXCHANGE_FEE,-0.002731,-7.527525162790697674418604651162790698,EUR,,
USDT,,2024-05-08 22:44:17,DEBIT,-8093.22006,-7527.071084640000000000000000000000000188,EUR,,
ETH,,2024-05-08 22:44:19,LOAN_REPAYMENT,-2.43928044,-6723.451076969302325581395348837209302325,EUR,,
ETH,,2024-05-08 22:44:55,LOAN_REPAYMENT,-0.01998,-55.07138511627906976744186046511627907,EUR,,
ETH,,2024-05-08 22:56:00,LOAN,2.73099144,7524.325997201860465116279069767441860466,EUR,,
USDT,,2024-05-09 01:07:57,CREDIT,8982,8361.455865921787709497206703910614522614,EUR,,
ETH,,2024-05-09 01:07:57,DEBIT,-3,-8356.43720930232558139534883720930232558,EUR,,
USDT,,2024-05-09 01:07:57,EXCHANGE_FEE,-8982,-8.361455865921787709497206703910614523,EUR,,
BTC,,2024-05-09 03:04:43,EARN,0.00000006,0,EUR,0,USD
BTC,,2024-05-10 03:04:58,EARN,0.00000006,0,EUR,0,USD
ETH,,2024-05-10 15:54:49,CREDIT,2.99,8088.352553389043639740018570102135561746,EUR,,
ETH,,2024-05-10 15:54:49,EXCHANGE_FEE,-0.00299,-8.088352553389043639740018570102135562,EUR,,
USDT,,2024-05-10 15:54:49,DEBIT,-8722727,-8105.00228122676579925650557620817843597,EUR,,
ETH,,2024-05-10 15:54:51,LOAN_REPAYMENT,-2.9820353,-8080.317956022304832713754646840148698884,EUR,,
USDT,,2024-05-10 16:06:00,LOAN,11532.05675693,10714.309609575205390334572490706319697329,EUR,,
ETH,,2024-05-10 16:06:54,CREDIT,4.4169,11893.969398328690807799442896935933147634,EUR,,
ETH,,2024-05-10 16:06:54,EXCHANGE_FEE,-0.0044169,-11.893969398328690807799442896935933148,EUR,,
USDT,,2024-05-10 16:06:54,DEBIT,-12812.10183,-11903.585687222118959107806691449814120536,EUR,,
USDT,,2024-05-10 16:08:33,CREDIT,12885.09048,11963.872311977715877437325905292479102306,EUR,,
ETH,,2024-05-10 16:08:33,DEBIT,-4.4124,-11961.045426183844011142061281337047353762,EUR,,
USDT,,2024-05-10 16:08:33,EXCHANGE_FEE,-12.88509048,-11.963872311977715877437325905292479102,EUR,,
USDT,,2024-05-10 16:08:35,LOAN_REPAYMENT,-11532.20115443,-10707.707664280408542246982358402971210677,EUR,,
ETH,,2024-05-10 16:14:00,LOAN,0.9999169,2716.682302933147632311977715877437325906,EUR,,
USDT,,2024-05-10 16:14:58,CREDIT,2926.33,2716.568926648096564531104921077065923083,EUR,,
ETH,,2024-05-10 16:14:58,DEBIT,-1,-2719.275766016713091922005571030640668524,EUR,,
USDT,,2024-05-10 16:14:58,EXCHANGE_FEE,-2.92633,-2.716568926648096564531104921077065923,EUR,,
ETH,,2024-05-10 16:15:00,LOAN,1,2720.919220055710306406685236768802228412,EUR,,
ETH,,2024-05-10 16:16:00,LOAN,1.5,4081.378830083565459610027855153203342618,EUR,,
ETH,,2024-05-10 17:37:14,CREDIT,1,2688.635097493036211699164345403899721448,EUR,,
ETH,,2024-05-10 17:37:14,EXCHANGE_FEE,-1,-2.688635097493036211699164345403899721,EUR,,
USDT,,2024-05-10 17:37:14,DEBIT,-2894.81,-2687.03951439182915506035283194057567272,EUR,,
BTC,,2024-05-11 03:04:36,EARN,0.00000006,0,EUR,0,USD
BTC,,2024-05-12 03:02:55,EARN,0.00000006,0,EUR,0,USD
USDT,,2024-05-12 16:16:25,CREDIT,2945052,2733.402023398328690807799442896935933025,EUR,,
ETH,,2024-05-12 16:16:25,DEBIT,-999,-2737.065208913649025069637883008356545961,EUR,,
USDT,,2024-05-12 16:16:25,EXCHANGE_FEE,-2.945052,-2.733402023398328690807799442896935933,EUR,,
USDT,,2024-05-12 16:21:44,CREDIT,2955,2742.90947075208913649025069637883008311,EUR,,
ETH,,2024-05-12 16:21:44,DEBIT,-1,-2740.185701021355617455896007428040854225,EUR,,
USDT,,2024-05-12 16:21:44,EXCHANGE_FEE,-2955,-2.742909470752089136490250696378830083,EUR,,
BTC,,2024-05-13 03:01:46,EARN,0.00000006,0,EUR,0,USD
ETH,,2024-05-13 06:34:27,LOAN_REPAYMENT,-1.5,-4031.699164345403899721448467966573816156,EUR,,
ETH,,2024-05-13 06:35:15,CREDIT,2001,5378.639693593314763231197771587743732591,EUR,,
ETH,,2024-05-13 06:35:15,EXCHANGE_FEE,-0.002001,-5.378639693593314763231197771587743733,EUR,,
USDT,,2024-05-13 06:35:15,DEBIT,-5795.4963,-5381.147910863509749303621169916434537543,EUR,,
ETH,,2024-05-13 06:35:18,LOAN_REPAYMENT,-1.80019188,-4840.560516996100278551532033426183844012,EUR,,
ETH,,2024-05-13 06:35:48,LOAN_REPAYMENT,-0.19880712,-534.575178491364902506963788300835654596,EUR,,
ETH,,2024-05-13 06:36:10,CREDIT,3,8.063927576601671309192200557103064067,EUR,,
ETH,,2024-05-13 06:36:10,EXCHANGE_FEE,-0.000003,-0.008063927576601671309192200557103064,EUR,,
USDT,,2024-05-13 06:36:10,DEBIT,-8.68983,-8.068551532033426183844011142061281333,EUR,,
ETH,,2024-05-13 06:36:12,LOAN_REPAYMENT,-0.00137632,-3.700805633426183844011142061281337047,EUR,,
USDT,,2024-05-13 06:41:00,LOAN,13192.4412804,12245.574324991532033426183844011142059248,EUR,,
ETH,,2024-05-13 06:41:56,CREDIT,5,13477.53017641597028783658310120705663881,EUR,,
ETH,,2024-05-13 06:41:56,EXCHANGE_FEE,-5,-13.477530176415970287836583101207056639,EUR,,
USDT,,2024-05-13 06:41:56,DEBIT,-14520.45,-13478.267284122562674094707520891364900269,EUR,,
USDT,,2024-05-13 06:48:20,CREDIT,14561424,13519.004510306406685236768802228412250751,EUR,,
ETH,,2024-05-13 06:48:20,DEBIT,-4995,-13491.416155988857938718662952646239554318,EUR,,
USDT,,2024-05-13 06:48:20,EXCHANGE_FEE,-14.561424,-13.519004510306406685236768802228412251,EUR,,
USDT,,2024-05-13 06:48:23,LOAN_REPAYMENT,-13192.59175999,-12248.163881907150417827298050139275761019,EUR,,
ETH,,2024-05-13 06:49:00,LOAN,4,10803.936861652739090064995357474466109564,EUR,,
USDT,,2024-05-13 06:49:31,CREDIT,11640.8,10807.461392757660167130919220055710301997,EUR,,
ETH,,2024-05-13 06:49:31,DEBIT,-4,-10803.936861652739090064995357474466109564,EUR,,
USDT,,2024-05-13 06:49:31,EXCHANGE_FEE,-11.6408,-10.807461392757660167130919220055710302,EUR,,
ETH,,2024-05-13 07:53:27,CREDIT,4003,10946.868191094619666048237476808905380334,EUR,,
ETH,,2024-05-13 07:53:27,EXCHANGE_FEE,-0.004003,-10.94686819109461966604823747680890538,EUR,,
USDT,,2024-05-13 07:53:27,DEBIT,-11775.910599,-10921.66550731001855287569573283858997675,EUR,,
ETH,,2024-05-13 07:53:30,LOAN_REPAYMENT,-3.60153918,-9849.006916943042671614100185528756957328,EUR,,
ETH,,2024-05-13 10:02:00,LOAN,3.60254218,9952.273412939703153988868274582560296847,EUR,,
USDT,,2024-05-13 10:02:53,CREDIT,11917.36,11052.853922077922077922077922077922073168,EUR,,
ETH,,2024-05-13 10:02:53,DEBIT,-4,-11051.50278293135435992578849721706864564,EUR,,
USDT,,2024-05-13 10:02:53,EXCHANGE_FEE,-11.91735999,-11.052853912803339517625231910946196656,EUR,,
ETH,,2024-05-13 22:00:00,LOAN,0.3,821.012974976830398517145505097312326228,EUR,,
USDT,,2024-05-13 22:00:04,CREDIT,885414,820.423463577386468952734012974976830065,EUR,,
ETH,,2024-05-13 22:00:04,DEBIT,-0.3,-820.815569972196478220574606116774791474,EUR,,
USDT,,2024-05-13 22:00:04,EXCHANGE_FEE,-0.885414,-0.82042346357738646895273401297497683,EUR,,
BTC,,2024-05-14 03:03:52,EARN,0.00000006,0,EUR,0,USD
ETH,,2024-05-14 06:23:33,CREDIT,4305,11561.059545875810936051899907321594068581,EUR,,
ETH,,2024-05-14 06:23:33,EXCHANGE_FEE,-0.004305,-11.561059545875810936051899907321594069,EUR,,
USDT,,2024-05-14 06:23:33,DEBIT,-12464.56785,-11546.186808225208526413345690454124190057,EUR,,
ETH,,2024-05-14 06:23:36,LOAN_REPAYMENT,-3.8733255,-10396.414871941612604263206672845227062096,EUR,,
ETH,,2024-05-14 06:23:53,LOAN_REPAYMENT,-0.4273695,-1147.104891033364226135310472659870250232,EUR,,
ETH,,2024-05-14 07:11:00,LOAN,1,2702.391102873030583873957367933271547729,EUR,,
ETH,,2024-05-14 13:57:15,LOAN_REPAYMENT,-1,-2681.517113783533765032377428307123034228,EUR,,
ETH,,2024-05-14 20:47:00,LOAN,4,10675.63770794824399260628465804066543438,EUR,,
USDT,,2024-05-14 20:47:27,CREDIT,11552.04,10677.889332099907493061979648473635526714,EUR,,
ETH,,2024-05-14 20:47:27,DEBIT,-4,-10684.107308048103607770582793709528214616,EUR,,
USDT,,2024-05-14 20:47:27,EXCHANGE_FEE,-11.55204,-10.677889332099907493061979648473635527,EUR,,
BTC,,2024-05-15 03:06:38,EARN,0.00000006,0,EUR,0,USD
ETH,,2024-05-15 13:29:05,CREDIT,4.0057,10960.126342541436464088397790055248618786,EUR,,
ETH,,2024-05-15 13:29:05,EXCHANGE_FEE,-0.0040057,-10.960126342541436464088397790055248619,EUR,,
USDT,,2024-05-15 13:29:05,DEBIT,-11877.031699,-10936.493277163904235727440147329650088035,EUR,,
ETH,,2024-05-15 13:29:08,LOAN_REPAYMENT,-4.0006506,-10946.310514607734806629834254143646408842,EUR,,
ETH,,2024-05-15 16:15:00,LOAN,3.5,9614.332412523020257826887661141804788212,EUR,,
USDT,,2024-05-15 16:15:35,CREDIT,10455375,9628.178817847286108555657773689052443106,EUR,,
ETH,,2024-05-15 16:15:35,DEBIT,-3.5,-9597.437902483900643974241030358785648574,EUR,,
USDT,,2024-05-15 16:15:35,EXCHANGE_FEE,-10.45537501,-9.628178827056117755289788408463661459,EUR,,
BTC,,2024-05-15 19:34:00,EARN,0.00000198,0,EUR,0,USD
BTC,,2024-05-15 21:37:00,LOAN,0.17735391,10737.432403084297520661157024793388429752,EUR,,
USDT,,2024-05-15 21:37:40,CREDIT,13183122,12117.819212121212121212121212121212122277,EUR,,
BTC,,2024-05-15 21:37:40,DEBIT,-0.2,-12117.92286501377410468319559228650137741,EUR,,
USDT,,2024-05-15 21:37:40,EXCHANGE_FEE,-13.183122,-12.117819212121212121212121212121212122,EUR,,
BTC,,2024-05-16 17:25:01,CREDIT,0.2,11939.369485294117647058823529411764705882,EUR,,
BTC,,2024-05-16 17:25:01,EXCHANGE_FEE,-0.0002,-11.939369485294117647058823529411764706,EUR,,
USDT,,2024-05-16 17:25:01,DEBIT,-12980,-11930.14705882352941176470588235294117418,EUR,,
BTC,,2024-05-16 17:25:03,LOAN_REPAYMENT,-0.17735868,-10587.754059720220588235294117647058823529,EUR,,
ETH,,2024-05-16 17:44:19,CREDIT,3.5005,9466.292336706531738730450781968721251151,EUR,,
ETH,,2024-05-16 17:44:19,EXCHANGE_FEE,-0.0035005,-9.466292336706531738730450781968721251,EUR,,
USDT,,2024-05-16 17:44:19,DEBIT,-10291.434995,-9465.847937443422263109475620975160989707,EUR,,
ETH,,2024-05-16 17:44:22,LOAN_REPAYMENT,-3.14819955,-8513.577281699172033118675252989880404784,EUR,,
ETH,,2024-05-16 17:45:27,LOAN_REPAYMENT,-0.34879995,-942.042242144434222631094756209751609935,EUR,,
ETH,,2024-05-16 17:46:23,CREDIT,0.01,27.036982520699172033118675252989880405,EUR,,
ETH,,2024-05-16 17:46:23,EXCHANGE_FEE,-0.00001,-0.02703698252069917203311867525298988,EUR,,
USDT,,2024-05-16 17:46:23,DEBIT,-29.3799,-27.023021177552897884084636614535418572,EUR,,
ETH,,2024-05-16 17:46:25,LOAN_REPAYMENT,-0.00318404,-8.59948569567617295308187672493100276,EUR,,
ETH,,2024-05-17 13:09:00,LOAN,3,8507.032258064516129032258064516129032257,EUR,,
USDT,,2024-05-17 13:09:39,CREDIT,9224.82,8502.138248847926267281105990783410138376,EUR,,
ETH,,2024-05-17 13:09:39,DEBIT,-3,-8507.032258064516129032258064516129032257,EUR,,
USDT,,2024-05-17 13:09:39,EXCHANGE_FEE,-9.22482,-8.502138248847926267281105990783410138,EUR,,
ETH,,2024-05-17 13:11:00,LOAN,0.5,1420.958525345622119815668202764976958526,EUR,,
USDT,,2024-05-17 13:11:40,CREDIT,1540785,1418.770718232044198895027624309392264668,EUR,,
ETH,,2024-05-17 13:11:40,DEBIT,-0.5,-1420.958525345622119815668202764976958526,EUR,,
USDT,,2024-05-17 13:11:40,EXCHANGE_FEE,-1.540785,-1.418770718232044198895027624309392265,EUR,,
USDT,,2024-05-17 15:32:00,EARN,0.06710829,0,EUR,0,USD
ETH,,2024-05-17 15:35:00,LOAN,0.5,1431.435142594296228150873965041398344066,EUR,,
USDT,,2024-05-17 15:35:57,CREDIT,1555355,1432.300234590616375344986200551977921657,EUR,,
ETH,,2024-05-17 15:35:57,DEBIT,-0.5,-1429.121435142594296228150873965041398344,EUR,,
USDT,,2024-05-17 15:35:57,EXCHANGE_FEE,-1.555355,-1.432300234590616375344986200551977922,EUR,,
BTC,,2024-05-17 15:43:00,LOAN,0.17755868,10984.322258339650413983440662373505059798,EUR,,
USDT,,2024-05-17 15:43:11,CREDIT,13445756,12381.970336706531738730450781968721257842,EUR,,
BTC,,2024-05-17 15:43:11,DEBIT,-0.2,-12372.610855565777368905243790248390064397,EUR,,
USDT,,2024-05-17 15:43:11,EXCHANGE_FEE,-13.445756,-12.381970336706531738730450781968721258,EUR,,
BTC,,2024-05-17 18:00:42,CREDIT,0.2,12244.432382704691812327506899724011039558,EUR,,
BTC,,2024-05-17 18:00:42,EXCHANGE_FEE,-0.0002,-12.24443238270469181232750689972401104,EUR,,
USDT,,2024-05-17 18:00:42,DEBIT,-13328,-12273.530818767249310027598896044158240304,EUR,,
BTC,,2024-05-17 18:00:45,LOAN_REPAYMENT,-0.17755916,-10881.959549213602941176470588235294117647,EUR,,
BTC,,2024-05-19 10:06:00,LOAN,0.17775916,10986.739306506715731370745170193192272309,EUR,,
USDT,,2024-05-19 10:06:13,CREDIT,13436.8,12361.361545538178472861085556577736887446,EUR,,
BTC,,2024-05-19 10:06:13,DEBIT,-0.2,-12361.376264949402023919043238270469181233,EUR,,
USDT,,2024-05-19 10:06:13,EXCHANGE_FEE,-13.4368,-12.361361545538178472861085556577736887,EUR,,
BTC,,2024-05-19 10:33:34,CREDIT,0.2,12423.449862005519779208831646734130634775,EUR,,
BTC,,2024-05-19 10:33:34,EXCHANGE_FEE,-0.0002,-12.423449862005519779208831646734130635,EUR,,
USDT,,2024-05-19 10:33:34,DEBIT,-13514,-12432.382704691812327506899724011039555322,EUR,,
BTC,,2024-05-19 10:33:37,LOAN_REPAYMENT,-0.17775916,-11052.470948054093836246550137994480220791,EUR,,
ETH,,2024-05-19 16:04:39,CREDIT,4005,11339.67667893284268629254829806807727691,EUR,,
ETH,,2024-05-19 16:04:39,EXCHANGE_FEE,-0.004005,-11.339676678932842686292548298068077277,EUR,,
USDT,,2024-05-19 16:04:39,DEBIT,-12335.4,-11337.683823529411764705882352941176468411,EUR,,
ETH,,2024-05-19 16:04:42,LOAN_REPAYMENT,-4.00041373,-11327.017048759099264705882352941176470586,EUR,,
BTC,,2024-05-19 18:01:00,LOAN,0.17795916,10907.684488353308823529411764705882352941,EUR,,
USDT,,2024-05-19 18:01:32,CREDIT,13336012,12257.363970588235294117647058823529409411,EUR,,
BTC,,2024-05-19 18:01:32,DEBIT,-0.2,-12258.637867647058823529411764705882352941,EUR,,
USDT,,2024-05-19 18:01:32,EXCHANGE_FEE,-13.336012,-12.257363970588235294117647058823529409,EUR,,
ETH,,2024-05-19 18:15:00,LOAN,4.49941873,12728.760383277828886844526218951241950323,EUR,,
USDT,,2024-05-19 18:15:39,CREDIT,13836105,12728.707451701931922723091076356945719002,EUR,,
ETH,,2024-05-19 18:15:39,DEBIT,-4.5,-12730.404783808647654093836246550137994482,EUR,,
USDT,,2024-05-19 18:15:39,EXCHANGE_FEE,-13.836105,-12.728707451701931922723091076356945719,EUR,,
USDT,,2024-05-19 18:24:00,LOAN,323.650568,297.746612695492180312787488500459981527,EUR,,
BTC,,2024-05-20 16:43:32,CREDIT,0.2,12546.697332106715731370745170193192272309,EUR,,
BTC,,2024-05-20 16:43:32,EXCHANGE_FEE,-0.0002,-12.546697332106715731370745170193192272,EUR,,
USDT,,2024-05-20 16:43:32,DEBIT,-13653.1911633,-12560.433452897884084636614535418583253542,EUR,,
BTC,,2024-05-20 16:43:34,LOAN_REPAYMENT,-0.17796466,-11164.343624156393744250229990800367985281,EUR,,
USDT,,2024-05-20 18:09:00,LOAN,10260.2343592,9448.477086990984360625574977000919968308,EUR,,
BTC,,2024-05-20 18:09:42,CREDIT,0.15011,9442.184143698252069917203311867525298988,EUR,,
BTC,,2024-05-20 18:09:42,EXCHANGE_FEE,-0.00015011,-9.442184143698252069917203311867525299,EUR,,
USDT,,2024-05-20 18:09:42,DEBIT,-10266.7149071,-9454.44491444995400183992640294388224982,EUR,,
BTC,,2024-05-20 19:13:00,LOAN,0.00392477,248.386056046090156393744250229990800368,EUR,,
USDT,,2024-05-20 19:13:42,CREDIT,12078.5253848,11122.910680942778288868445262189512425515,EUR,,
BTC,,2024-05-20 19:13:42,DEBIT,-0.17572,-11120.753004231830726770929162833486660534,EUR,,
USDT,,2024-05-20 19:13:42,EXCHANGE_FEE,-12.07852539,-11.122910685731370745170193192272309114,EUR,,
USDT,,2024-05-20 19:15:18,LOAN_REPAYMENT,-10584.2342767,-9737.88466082417279411764705882352941052,EUR,,
BTC,,2024-05-20 19:17:00,LOAN,155,9799.80234375,EUR,,
USDT,,2024-05-20 19:17:14,CREDIT,10657.0002,9804.831985477941176470588235294117645805,EUR,,
BTC,,2024-05-20 19:17:14,DEBIT,-155,-9799.80234375,EUR,,
USDT,,2024-05-20 19:17:14,EXCHANGE_FEE,-10.6570002,-9.804831985477941176470588235294117646,EUR,,
USDT,,2024-05-20 19:23:00,LOAN,10161.12110449,9367.28351820171875,EUR,,
BTC,,2024-05-20 19:23:08,CREDIT,0.32239,20550.940191176470588235294117647058823529,EUR,,
BTC,,2024-05-20 19:23:08,EXCHANGE_FEE,-0.00032239,-20.550940191176470588235294117647058824,EUR,,
USDT,,2024-05-20 19:23:08,DEBIT,-22289.8232554,-20548.430813571875,EUR,,
BTC,,2024-05-20 19:23:11,LOAN_REPAYMENT,-0.158925,-10130.767610294117647058823529411764705882,EUR,,
ETH,,2024-05-20 19:24:35,CREDIT,4.5051,13603.374911845730027548209366391184573004,EUR,,
ETH,,2024-05-20 19:24:35,EXCHANGE_FEE,-0.0045051,-13.603374911845730027548209366391184573,EUR,,
USDT,,2024-05-20 19:24:35,DEBIT,-14784.168345,-13629.155193046875,EUR,,
ETH,,2024-05-20 19:24:49,LOAN_REPAYMENT,-4.4960994,-13576.197149702479338842975206611570247935,EUR,,
USDT,,2024-05-20 19:25:07,EXCHANGE_FEE,-58.84820652,-54.300599024434222631094756209751609933,EUR,,
BTC,,2024-05-20 19:26:00,LOAN,0.00268739,171.25355656353591160220994475138121547,EUR,,
USDT,,2024-05-20 19:26:45,CREDIT,11476.3895225,10589.529614597516099356025758969641213792,EUR,,
BTC,,2024-05-20 19:26:45,DEBIT,-0.16583,-10585.975444434222631094756209751609935603,EUR,,
USDT,,2024-05-20 19:26:45,EXCHANGE_FEE,-11.47638953,-10.589529621517939282428702851885924562,EUR,,
USDT,,2024-05-20 19:26:48,LOAN_REPAYMENT,-10161.24317716,-9376.013713607617295308187672493100275494,EUR,,
BTC,,2024-05-20 19:27:46,CREDIT,0.00272,173.11215,EUR,,
BTC,,2024-05-20 19:27:46,EXCHANGE_FEE,-0.00000272,-0.17311215,EUR,,
USDT,,2024-05-20 19:27:46,DEBIT,-188.1292898,-173.591239806255749770009199632014719402,EUR,,
BTC,,2024-05-20 19:27:49,LOAN_REPAYMENT,-0.0026874,-171.023416459981600735970561177552897884,EUR,,
USDT,,2024-05-20 19:28:01,CREDIT,2.02582788,1.86927816342226310947562097516099356,EUR,,
BTC,,2024-05-20 19:28:01,DEBIT,-0.00002988,-1.901687883088235294117647058823529412,EUR,,
ETH,,2024-05-20 19:28:18,LOAN_REPAYMENT,-0.0035543,-10.817006622018348623853211009174311927,EUR,,
USDT,,2024-05-20 19:28:20,CREDIT,3.05960149,2.823164944314627414903403863845446182,EUR,,
ETH,,2024-05-20 19:28:20,DEBIT,-0.0009412,-2.898671080882352941176470588235294118,EUR,,
ETH,,2024-05-20 22:24:00,LOAN,3.98394673,13370.015575969999999999999999999999999999,EUR,,
USDT,,2024-05-20 22:24:56,CREDIT,14624.08,13416.587155963302752293577981651376149741,EUR,,
ETH,,2024-05-20 22:24:56,DEBIT,-4,-13423.889908256880733944954128440366972476,EUR,,
USDT,,2024-05-20 22:24:56,EXCHANGE_FEE,-14.62408,-13.41658715596330275229357798165137615,EUR,,
ETH,,2024-05-21 11:22:44,CREDIT,4005,13838.102479338842975206611570247933884296,EUR,,
ETH,,2024-05-21 11:22:44,EXCHANGE_FEE,-0.004005,-13.838102479338842975206611570247933884,EUR,,
USDT,,2024-05-21 11:22:44,DEBIT,-15050.801289,-13819.372092627272727272727272727272730009,EUR,,
ETH,,2024-05-21 11:22:47,LOAN_REPAYMENT,-3.98406417,-13765.764861104132231404958677685950413222,EUR,,
ETH,,2024-05-21 12:05:00,LOAN,2.98306917,10376.15001875702479338842975206611570248,EUR,,
USDT,,2024-05-21 12:05:57,CREDIT,11366.25,10435.240358126721763085399449035812668148,EUR,,
ETH,,2024-05-21 12:05:57,DEBIT,-3,-10410.771349862258953168044077134986225894,EUR,,
USDT,,2024-05-21 12:05:57,EXCHANGE_FEE,-11.36625,-10.435240358126721763085399449035812668,EUR,,
ETH,,2024-05-21 13:46:29,CREDIT,3005,10582.626746323529411764705882352941176471,EUR,,
ETH,,2024-05-21 13:46:29,EXCHANGE_FEE,-0.003005,-10.582626746323529411764705882352941176,EUR,,
USDT,,2024-05-21 13:46:29,DEBIT,-11494125,-10561.283789062499999999999999999999996619,EUR,,
ETH,,2024-05-21 13:46:32,LOAN_REPAYMENT,-2.98308191,-10505.438405071507352941176470588235294118,EUR,,
ETH,,2024-05-21 14:11:00,LOAN,2.78108691,9725.668162577000919963201471941122355105,EUR,,
USDT,,2024-05-21 14:11:46,CREDIT,10647504,9791.393742778288868445262189512419508333,EUR,,
ETH,,2024-05-21 14:11:46,DEBIT,-2.8,-9792.993560257589696412143514259429622816,EUR,,
USDT,,2024-05-21 14:11:46,EXCHANGE_FEE,-10.647504,-9.791393742778288868445262189512419508,EUR,,
ETH,,2024-05-21 17:57:39,CREDIT,2.8005,9654.511200551977920883164673413063477461,EUR,,
ETH,,2024-05-21 17:57:39,EXCHANGE_FEE,-0.0028005,-9.654511200551977920883164673413063477,EUR,,
USDT,,2024-05-21 17:57:39,DEBIT,-10494.14562,-9639.567217488970588235294117647058819208,EUR,,
ETH,,2024-05-21 17:57:42,LOAN_REPAYMENT,-2.78111067,-9572.08191723253676470588235294117647059,EUR,,
USDT,,2024-05-21 18:00:00,LOAN,11961.38287637,10988.42112585644761029411764705882353293,EUR,,
ETH,,2024-05-21 18:00:18,CREDIT,3.5,12060.556066176470588235294117647058823529,EUR,,
ETH,,2024-05-21 18:00:18,EXCHANGE_FEE,-0.0035,-12.060556066176470588235294117647058824,EUR,,
USDT,,2024-05-21 18:00:18,DEBIT,-13121325,-12054.011339613970588235294117647058827389,EUR,,
USDT,,2024-05-21 18:13:20,CREDIT,13127.302767,12070.597162480680772769089236430542783639,EUR,,
ETH,,2024-05-21 18:13:20,DEBIT,-3513,-12076.575786568537258509659613615455381783,EUR,,
USDT,,2024-05-21 18:13:20,EXCHANGE_FEE,-13.12730276,-12.070597156044158233670653173873045084,EUR,,
USDT,,2024-05-21 18:13:22,LOAN_REPAYMENT,-11961.62369131,-10998.751499047235510579576816927322911959,EUR,,
ETH,,2024-05-22 21:32:00,LOAN,2.99991117,10361.549141123822714681440443213296398893,EUR,,
USDT,,2024-05-22 21:32:13,CREDIT,11222.82,10354.424509695290858725761772853185590884,EUR,,
ETH,,2024-05-22 21:32:13,DEBIT,-3,-10361.728280961182994454713493530499075785,EUR,,
USDT,,2024-05-22 21:32:13,EXCHANGE_FEE,-11.22282,-10.354424509695290858725761772853185591,EUR,,
ETH,,2024-05-23 11:07:54,CREDIT,3.02,10706.025253456221198156682027649769585254,EUR,,
ETH,,2024-05-23 11:07:54,EXCHANGE_FEE,-0.00302,-10.706025253456221198156682027649769585,EUR,,
USDT,,2024-05-23 11:07:54,DEBIT,-11627.370348,-10713.255425710230414746543778801843312293,EUR,,
ETH,,2024-05-23 11:07:56,LOAN_REPAYMENT,-2.99999463,-10631.91467049613259668508287292817679558,EUR,,
USDT,,2024-05-23 11:14:00,LOAN,8276.06408265,7624.657748402709677419354838709677416685,EUR,,
ETH,,2024-05-23 11:14:56,CREDIT,2.3737,8409.898774193548387096774193548387096775,EUR,,
ETH,,2024-05-23 11:14:56,EXCHANGE_FEE,-0.0023737,-8.409898774193548387096774193548387097,EUR,,
USDT,,2024-05-23 11:14:56,DEBIT,-9129.155252,-8410.602387003870967741935483870967738991,EUR,,
USDT,,2024-05-23 11:26:25,CREDIT,9197.543765,8474.455762092626728110599078341013820392,EUR,,
ETH,,2024-05-23 11:26:25,DEBIT,-2.37,-8470.074193548387096774193548387096774194,EUR,,
USDT,,2024-05-23 11:26:25,EXCHANGE_FEE,-9.19754377,-8.47445576669953917050691244239631336,EUR,,
USDT,,2024-05-23 11:26:28,LOAN_REPAYMENT,-8276.2288773,-7625.572358190608294930875576036866355404,EUR,,
ETH,,2024-05-23 11:27:00,LOAN,2.28308833,8164.799862510424354243542435424354243542,EUR,,
USDT,,2024-05-23 11:27:10,CREDIT,8925.726746,8224.008320715391705069124423963133636193,EUR,,
ETH,,2024-05-23 11:27:10,DEBIT,-2.3014,-8224.906645161290322580645161290322580646,EUR,,
USDT,,2024-05-23 11:27:10,EXCHANGE_FEE,-8.92572675,-8.224008324400921658986175115207373268,EUR,,
ETH,,2024-05-23 11:45:43,CREDIT,2305,8219.141382488479262672811059907834101381,EUR,,
ETH,,2024-05-23 11:45:43,EXCHANGE_FEE,-0.002305,-8.219141382488479262672811059907834101,EUR,,
USDT,,2024-05-23 11:45:43,DEBIT,-8915.6478,-8213.900037677419354838709677419354835834,EUR,,
ETH,,2024-05-23 11:45:45,LOAN_REPAYMENT,-2.28309261,-8139.404014439723502304147465437788018433,EUR,,
ETH,,2024-05-23 11:48:00,LOAN,2.30309761,8223.501883713640552995391705069124423963,EUR,,
USDT,,2024-05-23 11:48:24,CREDIT,9000.880586,8291.594604338248847926267281105990782,EUR,,
ETH,,2024-05-23 11:48:24,DEBIT,-2.3227,-8301.008689400921658986175115207373271889,EUR,,
USDT,,2024-05-23 11:48:24,EXCHANGE_FEE,-9.00088059,-8.291594608023041474654377880184331796,EUR,,
USDT,,2024-05-23 11:52:00,LOAN,7176.02161341,6617.298159376970479704797047970479703208,EUR,,
ETH,,2024-05-23 11:52:19,CREDIT,4.3706,15663.601420664206642066420664206642066423,EUR,,
ETH,,2024-05-23 11:52:19,EXCHANGE_FEE,-0.0043706,-15.663601420664206642066420664206642066,EUR,,
USDT,,2024-05-23 11:52:19,DEBIT,-17081.216058,-15751.276357543173431734317343173431730536,EUR,,
ETH,,2024-05-23 11:52:22,LOAN_REPAYMENT,-2.07343089,-7465.115602484792626728110599078341013826,EUR,,
ETH,,2024-05-23 11:52:24,LOAN_REPAYMENT,-0.22967104,-826.900415351152073732718894009216589862,EUR,,
USDT,,2024-05-23 11:57:00,LOAN,892.926934,822.644943065806451612903225806451612615,EUR,,
ETH,,2024-05-23 11:57:59,CREDIT,228,822.130175115207373271889400921658986175,EUR,,
ETH,,2024-05-23 11:57:59,EXCHANGE_FEE,-0.000228,-0.822130175115207373271889400921658986,EUR,,
USDT,,2024-05-23 11:57:59,DEBIT,-892.99164,-822.704556077419354838709677419354838422,EUR,,
USDT,,2024-05-23 12:08:25,CREDIT,9008.86,8298.945225806451612903225806451612901814,EUR,,
ETH,,2024-05-23 12:08:25,DEBIT,-2.29,-8316.119170506912442396313364055299539172,EUR,,
USDT,,2024-05-23 12:08:25,EXCHANGE_FEE,-9.00886,-8.298945225806451612903225806451612902,EUR,,
USDT,,2024-05-23 12:08:28,LOAN_REPAYMENT,-8069.26988845,-7433.396547009930875576036866359447003344,EUR,,
ETH,,2024-05-23 12:09:00,LOAN,1.99910053,7239.912999624516129032258064516129032257,EUR,,
USDT,,2024-05-23 12:09:16,CREDIT,7871.5,7251.211290322580645161290322580645160057,EUR,,
ETH,,2024-05-23 12:09:16,DEBIT,-2,-7262.986175115207373271889400921658986176,EUR,,
USDT,,2024-05-23 12:09:16,EXCHANGE_FEE,-7.8715,-7.25121129032258064516129032258064516,EUR,,
ETH,,2024-05-23 12:25:13,CREDIT,2005,7275.470506912442396313364055299539170506,EUR,,
ETH,,2024-05-23 12:25:13,EXCHANGE_FEE,-0.002005,-7.275470506912442396313364055299539171,EUR,,
USDT,,2024-05-23 12:25:13,DEBIT,-7913.11345,-7290.274842967741935483870967741935481318,EUR,,
ETH,,2024-05-23 12:25:16,LOAN_REPAYMENT,-1.99910428,-7254.076922385253456221198156682027649769,EUR,,
USDT,,2024-05-23 13:08:00,LOAN,8074.21119845,7441.669307327188940092165898617511520849,EUR,,
ETH,,2024-05-23 13:08:26,CREDIT,2.3195,8241.130055299539170506912442396313364056,EUR,,
ETH,,2024-05-23 13:08:26,EXCHANGE_FEE,-0.0023195,-8.241130055299539170506912442396313364,EUR,,
USDT,,2024-05-23 13:08:26,DEBIT,-8955.17199,-8253.614737327188940092165898617511520861,EUR,,
USDT,,2024-05-23 13:46:41,CREDIT,8796.59,8107.456221198156682027649769585253456343,EUR,,
ETH,,2024-05-23 13:46:41,DEBIT,-2321,-8105.702101382488479262672811059907834101,EUR,,
USDT,,2024-05-23 13:46:41,EXCHANGE_FEE,-8.79659,-8.107456221198156682027649769585253456,EUR,,
USDT,,2024-05-23 13:46:45,LOAN_REPAYMENT,-8074.37197376,-7441.817487336405529953917050691244239743,EUR,,
ETH,,2024-05-23 13:54:00,LOAN,1.70582878,5938.219735026752767527675276752767527675,EUR,,
USDT,,2024-05-23 13:54:03,CREDIT,6426.500598,5928.50608671586715867158671586715867014,EUR,,
ETH,,2024-05-23 13:54:03,DEBIT,-1.7059,-5934.108488929889298892988929889298892989,EUR,,
USDT,,2024-05-23 13:54:03,EXCHANGE_FEE,-6.4265006,-5.928506088560885608856088560885608855,EUR,,
USDT,,2024-05-23 14:14:00,LOAN,5611.46683236,5173.523941199800738007380073800738008954,EUR,,
ETH,,2024-05-23 14:14:53,CREDIT,3.3389,11769.406888376383763837638376383763837637,EUR,,
ETH,,2024-05-23 14:14:53,EXCHANGE_FEE,-0.0033389,-11.769406888376383763837638376383763838,EUR,,
USDT,,2024-05-23 14:14:53,DEBIT,-12745.023048,-11750.346894991881918819188191881918822762,EUR,,
ETH,,2024-05-23 14:14:56,LOAN_REPAYMENT,-1.70583518,-6012.958854091697416974169741697416974169,EUR,,
USDT,,2024-05-23 20:00:25,CREDIT,5915811,5472.538675302889095992544268406337370625,EUR,,
ETH,,2024-05-23 20:00:25,DEBIT,-1.6297,-5486.43896831314072693383038210624417521,EUR,,
USDT,,2024-05-23 20:00:25,EXCHANGE_FEE,-5.915811,-5.472538675302889095992544268406337371,EUR,,
USDT,,2024-05-23 20:00:29,LOAN_REPAYMENT,-5612.13725226,-5191.619232612559179869524697110904006289,EUR,,
SOL,,2024-05-29 06:14:00,EARN,0.00018621,0,EUR,0,USD
USDT,,2024-05-29 07:27:00,CREDIT,33.98472,31.259057834254143646408839779005524873,EUR,,
BNB,,2024-05-29 07:27:00,EXCHANGE_FEE,-0.00004244,-0.023434617679558011049723756906077348,EUR,,
SOL,,2024-05-29 07:27:00,DEBIT,-198,-31.257016574585635359116022099447513812,EUR,,
ETH,,2024-05-29 07:40:00,LOAN,0.77897408,2749.505933200736648250460405156537753223,EUR,,
ETH,,2024-05-29 07:52:07,LOAN_REPAYMENT,-0.77897408,-2749.613526305709023941068139963167587477,EUR,,
USDT,,2024-05-30 02:02:21,EARN,0.025464,0,EUR,0,USD
ETH,,2024-05-31 22:06:00,LOAN,0.79037408,2755.612981334317343173431734317343173432,EUR,,
USDT,,2024-05-31 22:06:31,CREDIT,2990.644384,2755.586356770479704797047970479704796408,EUR,,
ETH,,2024-05-31 22:06:31,DEBIT,-0.7904,-2755.389815498154981549815498154981549816,EUR,,
USDT,,2024-05-31 22:06:31,EXCHANGE_FEE,-2.99064438,-2.755586353084870848708487084870848708,EUR,,
ETH,,2024-06-01 22:23:49,CREDIT,795,2803.020387453874538745387453874538745387,EUR,,
ETH,,2024-06-01 22:23:49,EXCHANGE_FEE,-0.000795,-2.803020387453874538745387453874538745,EUR,,
USDT,,2024-06-01 22:23:49,DEBIT,-3040875,-2802.710528136531365313653136531365313754,EUR,,
ETH,,2024-06-01 22:23:52,LOAN_REPAYMENT,-0.79041581,-2783.778918374930875576036866359447004609,EUR,,
ETH,,2024-06-02 02:14:00,LOAN,0.68621081,2415.563243577511520737327188940092165898,EUR,,
ETH,,2024-06-02 16:26:01,LOAN_REPAYMENT,-0.68621081,-2395.299469980829493087557603686635944701,EUR,,
ETH,,2024-06-03 13:52:00,LOAN,0.68711081,2426.228762828084714548802946593001841621,EUR,,
USDT,,2024-06-03 13:52:08,CREDIT,2653.942198,2443.777346224677716390423572744014732061,EUR,,
ETH,,2024-06-03 13:52:08,DEBIT,-0.6909,-2447.713649171270718232044198895027624309,EUR,,
USDT,,2024-06-03 13:52:08,EXCHANGE_FEE,-2.65394221,-2.443777357274401473296500920810313075,EUR,,
ETH,,2024-06-03 14:00:00,LOAN,0.0222,78.192811407543698252069917203311867525,EUR,,
USDT,,2024-06-03 14:00:16,CREDIT,85.028442,78.223037718491260349586016559337626475,EUR,,
ETH,,2024-06-03 14:00:16,DEBIT,-0.0222,-78.192811407543698252069917203311867525,EUR,,
USDT,,2024-06-03 14:00:16,EXCHANGE_FEE,-0.08502844,-0.078223035878564857405703771849126035,EUR,,
ETH,,2024-06-03 17:11:00,LOAN,0.12,414.654044117647058823529411764705882353,EUR,,
USDT,,2024-06-03 17:11:43,CREDIT,451.1424,414.57001058823529411764705882352941195,EUR,,
ETH,,2024-06-03 17:11:43,DEBIT,-0.12,-414.533333333333333333333333333333333333,EUR,,
USDT,,2024-06-03 17:11:43,EXCHANGE_FEE,-0.4511424,-0.414570010588235294117647058823529412,EUR,,
ETH,,2024-06-07 18:00:28,CREDIT,0.83,2827.704810360777058279370952821461609621,EUR,,
ETH,,2024-06-07 18:00:28,EXCHANGE_FEE,-0.00083,-2.82770481036077705827937095282146161,EUR,,
USDT,,2024-06-07 18:00:28,DEBIT,-3083.45,-2842.421762257169287696577243293246992677,EUR,,
ETH,,2024-06-07 18:00:31,LOAN_REPAYMENT,-0.82917,-2843.092523076923076923076923076923076923,EUR,,
ETH,,2024-06-10 12:06:00,LOAN,0.9345,3189.244213953488372093023255813953488372,EUR,,
USDT,,2024-06-10 12:06:50,CREDIT,3428.6805,3185.550089079925650557620817843866169436,EUR,,
ETH,,2024-06-10 12:06:50,DEBIT,-0.9345,-3187.113986988847583643122676579925650558,EUR,,
USDT,,2024-06-10 12:06:50,EXCHANGE_FEE,-3.4286805,-3.185550089079925650557620817843866169,EUR,,
ETH,,2024-06-10 15:47:22,CREDIT,0.94,3233.022883720930232558139534883720930233,EUR,,
ETH,,2024-06-10 15:47:22,EXCHANGE_FEE,-0.00094,-3.23302288372093023255813953488372093,EUR,,
USDT,,2024-06-10 15:47:22,DEBIT,-3478.14292,-3234.834689689302325581395348837209302406,EUR,,
ETH,,2024-06-10 15:47:25,LOAN_REPAYMENT,-0.93483909,-3215.272521879627906976744186046511627907,EUR,,
USDT,,2024-06-10 18:01:00,LOAN,3107.21541519,2887.457893725354089219330855018587360098,EUR,,
ETH,,2024-06-10 18:01:24,CREDIT,0.93,3194.048698884758364312267657992565055762,EUR,,
ETH,,2024-06-10 18:01:24,EXCHANGE_FEE,-0.00093,-3.194048698884758364312267657992565056,EUR,,
USDT,,2024-06-10 18:01:24,DEBIT,-3436.2384,-3193.2107585130111524163568773234200738,EUR,,
USDT,,2024-06-11 01:52:55,CREDIT,3387516,3143.841521933085501858736059479553903031,EUR,,
ETH,,2024-06-11 01:52:55,DEBIT,-0.9332,-3137.104442379182156133828996282527881041,EUR,,
USDT,,2024-06-11 01:52:55,EXCHANGE_FEE,-3.387516,-3.143841521933085501858736059479553903,EUR,,
USDT,,2024-06-11 01:52:59,LOAN_REPAYMENT,-3107.65470591,-2884.11151423952230483271375464684014841,EUR,,
USDT,,2024-06-11 16:56:00,LOAN,2496.04595591,2325.765840371684995340167753960857408735,EUR,,
ETH,,2024-06-11 16:56:04,CREDIT,0.8031,2580.046694315004659832246039142590866729,EUR,,
ETH,,2024-06-11 16:56:04,EXCHANGE_FEE,-0.0008031,-2.580046694315004659832246039142590867,EUR,,
USDT,,2024-06-11 16:56:04,DEBIT,-2772.526068,-2583.384494675116495806150978564771667778,EUR,,
ETH,,2024-06-11 18:46:00,LOAN,0.00761219,24.708289865176908752327746741154562384,EUR,,
USDT,,2024-06-11 18:46:20,CREDIT,2824.5753,2629.432388212290502793296089385474859541,EUR,,
ETH,,2024-06-11 18:46:20,DEBIT,-0.81,-2630.32793296089385474860335195530726257,EUR,,
USDT,,2024-06-11 18:46:20,EXCHANGE_FEE,-2.8245753,-2.62943238821229050279329608938547486,EUR,,
USDT,,2024-06-11 18:46:22,LOAN_REPAYMENT,-2496.15600758,-2323.702771302126629422718808193668528162,EUR,,
ETH,,2024-06-11 18:52:00,LOAN,0.7,2276.655493482309124767225325884543761638,EUR,,
USDT,,2024-06-11 18:52:59,CREDIT,2445849,2277.099082960893854748603351955307263759,EUR,,
ETH,,2024-06-11 18:52:59,DEBIT,-0.7,-2276.655493482309124767225325884543761638,EUR,,
USDT,,2024-06-11 18:52:59,EXCHANGE_FEE,-2.445849,-2.277099082960893854748603351955307264,EUR,,
ETH,,2024-06-12 04:16:33,CREDIT,0.72,2365.743016759776536312849162011173184357,EUR,,
ETH,,2024-06-12 04:16:33,EXCHANGE_FEE,-0.00072,-2.365743016759776536312849162011173184,EUR,,
USDT,,2024-06-12 04:16:33,DEBIT,-2541.6,-2365.533854748603351955307262569832402703,EUR,,
ETH,,2024-06-12 04:16:36,LOAN_REPAYMENT,-0.70762693,-2325.088150164804469273743016759776536313,EUR,,
ETH,,2024-06-12 21:34:00,LOAN,0.28834693,952.946555465277777777777777777777777778,EUR,,
USDT,,2024-06-12 21:34:14,CREDIT,1070913,991.288635277777777777777777777777777619,EUR,,
ETH,,2024-06-12 21:34:14,DEBIT,-0.3,-991.186111111111111111111111111111111111,EUR,,
USDT,,2024-06-12 21:34:14,EXCHANGE_FEE,-1.070913,-0.991288635277777777777777777777777778,EUR,,
ETH,,2024-06-12 21:37:00,LOAN,0.3866,1276.993494444444444444444444444444444444,EUR,,
USDT,,2024-06-12 21:37:24,CREDIT,1380.571796,1278.051557074814814814814814814814815173,EUR,,
ETH,,2024-06-12 21:37:24,DEBIT,-0.3866,-1276.993494444444444444444444444444444444,EUR,,
USDT,,2024-06-12 21:37:24,EXCHANGE_FEE,-1.3805718,-1.278051560777777777777777777777777778,EUR,,
ETH,,2024-06-13 10:27:40,CREDIT,0.7,2258.387962962962962962962962962962962963,EUR,,
ETH,,2024-06-13 10:27:40,EXCHANGE_FEE,-0.0007,-2.258387962962962962962962962962962963,EUR,,
USDT,,2024-06-13 10:27:40,DEBIT,-2437778,-2256.750411481481481481481481481481482113,EUR,,
ETH,,2024-06-13 10:27:43,LOAN_REPAYMENT,-0.67496489,-2176.124303409444444444444444444444444445,EUR,,
USDT,,2024-06-13 10:30:00,LOAN,2915.86864868,2699.068414893885185185185185185185184753,EUR,,
ETH,,2024-06-13 10:30:01,CREDIT,0.9051,2920.162680555555555555555555555555555556,EUR,,
ETH,,2024-06-13 10:30:01,EXCHANGE_FEE,-0.0009051,-2.920162680555555555555555555555555556,EUR,,
USDT,,2024-06-13 10:30:01,DEBIT,-3154.599336,-2920.04903351777777777777777777777777731,EUR,,
USDT,,2024-06-13 10:54:36,CREDIT,3254.3925,3012.723723611111111111111111111111111955,EUR,,
ETH,,2024-06-13 10:54:36,DEBIT,-0.9285,-3014.100138888888888888888888888888888889,EUR,,
USDT,,2024-06-13 10:54:36,EXCHANGE_FEE,-3.2543925,-3.012723723611111111111111111111111112,EUR,,
USDT,,2024-06-13 10:54:39,LOAN_REPAYMENT,-2915.90610593,-2699.373078434087037037037037037037037793,EUR,,
ETH,,2024-06-13 10:58:00,LOAN,0.86156999,2796.493295716126042632066728452270620945,EUR,,
USDT,,2024-06-13 10:58:07,CREDIT,3019.86492,2798.913579820592085264133456904541240757,EUR,,
ETH,,2024-06-13 10:58:07,DEBIT,-0.8616,-2796.590702502316960148285449490268767377,EUR,,
USDT,,2024-06-13 10:58:07,EXCHANGE_FEE,-3.01986492,-2.798913579820592085264133456904541241,EUR,,
ETH,,2024-06-13 12:30:06,CREDIT,0.8815,2867.647525439407955596669750231267345051,EUR,,
ETH,,2024-06-13 12:30:06,EXCHANGE_FEE,-0.0008815,-2.867647525439407955596669750231267345,EUR,,
USDT,,2024-06-13 12:30:06,DEBIT,-3109.573955,-2876.571651248843663274745605920444034048,EUR,,
ETH,,2024-06-13 12:30:11,LOAN_REPAYMENT,-0.86157494,-2802.828411425531914893617021276595744681,EUR,,
USDT,,2024-06-13 15:48:00,LOAN,2776.78673135,2579.366485115543680297397769516728625217,EUR,,
ETH,,2024-06-13 15:48:31,CREDIT,0.8765,2807.24377323420074349442379182156133829,EUR,,
ETH,,2024-06-13 15:48:31,EXCHANGE_FEE,-0.0008765,-2.807243773234200743494423791821561338,EUR,,
USDT,,2024-06-13 15:48:31,DEBIT,-3019.43732,-2804.765428754646840148698884758364313008,EUR,,
USDT,,2024-06-13 16:59:46,CREDIT,3087232,2876.333485927306616961789375582479032147,EUR,,
ETH,,2024-06-13 16:59:46,DEBIT,-0.89,-2876.964398881640260950605778191985088537,EUR,,
USDT,,2024-06-13 16:59:46,EXCHANGE_FEE,-3.087232,-2.876333485927306616961789375582479032,EUR,,
USDT,,2024-06-13 16:59:48,LOAN_REPAYMENT,-2776.85807257,-2587.162176279803355079217148182665425297,EUR,,
ETH,,2024-06-13 17:06:00,LOAN,0.79533294,2571.793931594035414725069897483690587139,EUR,,
USDT,,2024-06-13 17:06:11,CREDIT,2778872,2589.038526001863932898415657036346692773,EUR,,
ETH,,2024-06-13 17:06:11,DEBIT,-0.8,-2586.885368126747437092264678471575023299,EUR,,
USDT,,2024-06-13 17:06:11,EXCHANGE_FEE,-2.778872,-2.589038526001863932898415657036346693,EUR,,
ETH,,2024-06-14 16:30:50,CREDIT,0.81,2580.156875584658559401309635173058933583,EUR,,
ETH,,2024-06-14 16:30:50,EXCHANGE_FEE,-0.00081,-2.580156875584658559401309635173058934,EUR,,
USDT,,2024-06-14 16:30:50,DEBIT,-2761.2252,-2580.931917530402245088868101028999064482,EUR,,
ETH,,2024-06-14 16:30:53,LOAN_REPAYMENT,-0.79536956,-2533.553381314499532273152478952291861553,EUR,,
USDT,,2024-06-14 16:41:00,LOAN,3111.64188809,2908.759344030249766136576239476145930628,EUR,,
ETH,,2024-06-14 16:41:01,CREDIT,1,3180.823199251637043966323666978484565014,EUR,,
ETH,,2024-06-14 16:41:01,EXCHANGE_FEE,-1,-3.180823199251637043966323666978484565,EUR,,
USDT,,2024-06-14 16:41:01,DEBIT,-3402.91,-3181.036448082319925163704396632366697686,EUR,,
USDT,,2024-06-14 18:08:09,CREDIT,3422.1691,3198.71970507015902712815715622076707195,EUR,,
ETH,,2024-06-14 18:08:09,DEBIT,-1.0128,-3195.7392853133769878391019644527595884,EUR,,
USDT,,2024-06-14 18:08:09,EXCHANGE_FEE,-3.4221691,-3.198719705070159027128157156220767072,EUR,,
USDT,,2024-06-14 18:08:13,LOAN_REPAYMENT,-3111.75877724,-2908.577521251831618334892422825070158954,EUR,,
USDT,,2024-06-14 18:19:00,LOAN,2726.03394592,2548.293472551782974742750233863423760394,EUR,,
ETH,,2024-06-14 18:19:10,CREDIT,0.9,2841.261235955056179775280898876404494382,EUR,,
ETH,,2024-06-14 18:19:10,EXCHANGE_FEE,-0.0009,-2.841261235955056179775280898876404494,EUR,,
USDT,,2024-06-14 18:19:10,DEBIT,-3036969,-2838.955212067352666043030869971936389004,EUR,,
ETH,,2024-06-14 18:25:00,LOAN,0.09067956,286.549954395884003741814780168381665108,EUR,,
USDT,,2024-06-14 20:31:21,CREDIT,3390065,3167.017732710280373831775700934579439347,EUR,,
ETH,,2024-06-14 20:31:21,DEBIT,-0.9898,-3167.304497196261682242990654205607476635,EUR,,
USDT,,2024-06-14 20:31:21,EXCHANGE_FEE,-3.390065,-3.167017732710280373831775700934579439,EUR,,
USDT,,2024-06-14 20:31:24,LOAN_REPAYMENT,-2726.13634966,-2546.771864598257943925233644859813084189,EUR,,
ETH,,2024-06-14 21:24:00,LOAN,0.3,966.218691588785046728971962616822429906,EUR,,
USDT,,2024-06-14 21:24:12,CREDIT,688.614707,643.307720670280373831775700934579439272,EUR,,
ETH,,2024-06-14 21:24:12,DEBIT,-0.2,-643.65794392523364485981308411214953271,EUR,,
USDT,,2024-06-14 21:24:12,EXCHANGE_FEE,-0.68861472,-0.643307732814953271028037383177570093,EUR,,
ETH,,2024-06-14 21:25:00,LOAN,0.15,483.642656688493919550982226379794200187,EUR,,
ETH,,2024-06-14 21:26:00,LOAN,0.1,322.428437792329279700654817586529466791,EUR,,
USDT,,2024-06-14 21:27:22,CREDIT,346.2,323.357271028037383177570093457943925266,EUR,,
ETH,,2024-06-14 21:27:22,DEBIT,-0.1,-322.376635514018691588785046728971962617,EUR,,
USDT,,2024-06-14 21:27:22,EXCHANGE_FEE,-0.3462,-0.323357271028037383177570093457943925,EUR,,
ETH,,2024-06-14 21:28:11,LOAN_REPAYMENT,-0.1,-324.588400374181478016838166510757717493,EUR,,
USDT,,2024-06-14 21:30:11,CREDIT,522.45,488.026892523364485981308411214953270799,EUR,,
ETH,,2024-06-14 21:30:11,DEBIT,-0.15,-488.094392523364485981308411214953271028,EUR,,
USDT,,2024-06-14 21:30:11,EXCHANGE_FEE,-0.52245,-0.488026892523364485981308411214953271,EUR,,
ETH,,2024-06-14 21:31:00,LOAN,0.3944,1286.624949532710280373831775700934579439,EUR,,
ETH,,2024-06-14 21:31:39,LOAN_REPAYMENT,-0.3944,-1286.624949532710280373831775700934579439,EUR,,
ETH,,2024-06-14 21:34:00,LOAN,0.1,327.261927034611786716557530402245088868,EUR,,
USDT,,2024-06-14 21:34:03,CREDIT,349579,326.480649252336448598130841121495326972,EUR,,
ETH,,2024-06-14 21:34:03,DEBIT,-0.1,-326.795327102803738317757009345794392523,EUR,,
USDT,,2024-06-14 21:34:03,EXCHANGE_FEE,-0.349579,-0.326480649252336448598130841121495327,EUR,,
ETH,,2024-06-14 21:38:00,LOAN,0.1,328.005612722170252572497661365762394762,EUR,,
ETH,,2024-06-14 21:38:33,LOAN_REPAYMENT,-0.1,-328.005612722170252572497661365762394762,EUR,,
ETH,,2024-06-14 21:39:00,LOAN,0.2255,739.652656688493919550982226379794200187,EUR,,
USDT,,2024-06-14 21:39:33,CREDIT,791.660595,740.117491714686623012160898035547240355,EUR,,
ETH,,2024-06-14 21:39:33,DEBIT,-0.2255,-741.814840972871842843779232927970065482,EUR,,
USDT,,2024-06-14 21:39:33,EXCHANGE_FEE,-0.7916606,-0.740117496389148737137511693171188026,EUR,,
ETH,,2024-06-18 12:54:40,CREDIT,0.44,1396.926119402985074626865671641791044776,EUR,,
ETH,,2024-06-18 12:54:40,EXCHANGE_FEE,-0.00044,-1.396926119402985074626865671641791045,EUR,,
USDT,,2024-06-18 12:54:40,DEBIT,-1497.3332,-1395.324759254426840633737185461323392703,EUR,,
ETH,,2024-06-18 12:54:43,LOAN_REPAYMENT,-0.39599928,-1256.725140414179104477611940298507462687,EUR,,
ETH,,2024-06-18 13:02:02,CREDIT,0.44,1397.192910447761194029850746268656716418,EUR,,
ETH,,2024-06-18 13:02:02,EXCHANGE_FEE,-0.00044,-1.397192910447761194029850746268656716,EUR,,
USDT,,2024-06-18 13:02:02,DEBIT,-1497144,-1396.31023432835820895522388059701492515,EUR,,
ETH,,2024-06-18 13:02:04,LOAN_REPAYMENT,-0.43956,-1391.225834482758620689655172413793103448,EUR,,
ETH,,2024-06-18 13:02:21,LOAN_REPAYMENT,-0.03076685,-97.378370565237651444547996272134203169,EUR,,
USDT,,2024-06-18 13:05:00,LOAN,290.22893569,270.429533926246039142590866728797763234,EUR,,
ETH,,2024-06-18 13:05:09,CREDIT,0.2,630.540540540540540540540540540540540541,EUR,,
ETH,,2024-06-18 13:05:09,EXCHANGE_FEE,-0.0002,-0.630540540540540540540540540540540541,EUR,,
USDT,,2024-06-18 13:05:09,DEBIT,-676084,-629.961587325256290773532152842497669976,EUR,,
USDT,,2024-06-18 13:06:00,LOAN,1911.35717465,1780.964495074622553588070829450139794663,EUR,,
ETH,,2024-06-18 13:06:03,CREDIT,0.56,1765.513513513513513513513513513513513514,EUR,,
ETH,,2024-06-18 13:06:03,EXCHANGE_FEE,-0.00056,-1.765513513513513513513513513513513514,EUR,,
USDT,,2024-06-18 13:06:03,DEBIT,-1895.7064,-1766.381415396085740913327120223671947508,EUR,,
ETH,,2024-06-18 13:07:00,LOAN,0.00796613,25.159669146361940298507462686567164179,EUR,,
ETH,,2024-06-18 13:15:00,LOAN,0.00796613,25.21744155368126747437092264678471575,EUR,,
ETH,,2024-06-18 13:15:03,LOAN_REPAYMENT,-0.00796613,-25.21744155368126747437092264678471575,EUR,,
ETH,,2024-06-18 13:16:55,LOAN_REPAYMENT,-0.00796613,-25.21744155368126747437092264678471575,EUR,,
ETH,,2024-06-18 13:17:00,CREDIT,0.00796613,25.218480936905871388630009319664492078,EUR,,
USDT,,2024-06-18 13:17:11,CREDIT,2649348,2468.856537931034482758620689655172414403,EUR,,
ETH,,2024-06-18 13:17:11,DEBIT,-0.78,-2469.256104380242311276794035414725069898,EUR,,
USDT,,2024-06-18 13:17:11,EXCHANGE_FEE,-2.649348,-2.468856537931034482758620689655172414,EUR,,
ETH,,2024-06-18 13:17:32,CREDIT,0.0081,25.628611369990680335507921714818266542,EUR,,
ETH,,2024-06-18 13:17:32,EXCHANGE_FEE,-0.0000081,-0.025628611369990680335507921714818267,EUR,,
USDT,,2024-06-18 13:17:32,DEBIT,-27.519669,-25.644843460484622553588070829450139801,EUR,,
ETH,,2024-06-18 13:17:34,LOAN_REPAYMENT,-0.00796619,-25.218670879683131407269338303821062442,EUR,,
USDT,,2024-06-18 13:17:48,LOAN_REPAYMENT,-2201.61295539,-2051.624225623915191053122087604846226043,EUR,,
USDT,,2024-06-18 14:11:00,LOAN,2986.15554036,2779.015328295921787709497206703910615771,EUR,,
ETH,,2024-06-18 14:11:07,CREDIT,1,3155.502793296089385474860335195530726257,EUR,,
ETH,,2024-06-18 14:11:07,EXCHANGE_FEE,-1,-3.155502793296089385474860335195530726,EUR,,
USDT,,2024-06-18 14:11:07,DEBIT,-3392.8,-3157.452141527001862197392923649906891546,EUR,,
USDT,,2024-06-18 14:19:18,CREDIT,3425571,3184.984385581395348837209302325581394951,EUR,,
ETH,,2024-06-18 14:19:18,DEBIT,-999,-3181.870810055865921787709497206703910615,EUR,,
USDT,,2024-06-18 14:19:18,EXCHANGE_FEE,-3.425571,-3.184984385581395348837209302325581395,EUR,,
USDT,,2024-06-18 14:19:20,LOAN_REPAYMENT,-2986.19195205,-2776.464052161837209302325581395348836862,EUR,,
ETH,,2024-06-18 14:20:00,LOAN,0.7,2230.675348837209302325581395348837209302,EUR,,
USDT,,2024-06-18 14:20:21,CREDIT,686.6,638.442195348837209302325581395348837161,EUR,,
ETH,,2024-06-18 14:20:21,DEBIT,-0.2,-637.335813953488372093023255813953488372,EUR,,
USDT,,2024-06-18 14:20:21,EXCHANGE_FEE,-0.6866,-0.638442195348837209302325581395348837,EUR,,
ETH,,2024-06-18 14:21:00,LOAN,0.5226,1665.358481860465116279069767441860465116,EUR,,
USDT,,2024-06-18 14:33:23,CREDIT,688,639.021561338289962825278810408921933152,EUR,,
ETH,,2024-06-18 14:33:23,DEBIT,-0.2,-639.445065176908752327746741154562383613,EUR,,
USDT,,2024-06-18 14:33:23,EXCHANGE_FEE,-688,-0.639021561338289962825278810408921933,EUR,,
ETH,,2024-06-18 14:59:14,LOAN_REPAYMENT,-0.3,-951.60135360041899441340782122905027933,EUR,,
USDT,,2024-06-18 15:01:49,CREDIT,1780.059216,1656.747851316201117318435754189944134406,EUR,,
ETH,,2024-06-18 15:01:49,DEBIT,-0.5226,-1654.851340782122905027932960893854748603,EUR,,
USDT,,2024-06-18 15:01:49,EXCHANGE_FEE,-1.78005922,-1.656747855039106145251396648044692738,EUR,,
ETH,,2024-06-19 01:20:06,CREDIT,0.93,3068.531966449207828518173345759552656105,EUR,,
ETH,,2024-06-19 01:20:06,EXCHANGE_FEE,-0.00093,-3.068531966449207828518173345759552656,EUR,,
USDT,,2024-06-19 01:20:06,DEBIT,-3297.78,-3071.576264678471575023299161230195713886,EUR,,
ETH,,2024-06-19 01:20:09,LOAN_REPAYMENT,-0.92262165,-3044.187124691519105312208760484622553588,EUR,,
ETH,,2024-06-19 16:47:00,LOAN,0.86785165,2866.89216994273743016759776536312849162,EUR,,
USDT,,2024-06-19 16:47:44,CREDIT,3104.11472,2889.081074592178770949720670391061453086,EUR,,
ETH,,2024-06-19 16:47:44,DEBIT,-0.8743,-2888.104333333333333333333333333333333333,EUR,,
USDT,,2024-06-19 16:47:44,EXCHANGE_FEE,-3.10411472,-2.889081074592178770949720670391061453,EUR,,
ETH,,2024-06-21 18:24:00,LOAN,148,481.427801683816651075771749298409728718,EUR,,
USDT,,2024-06-21 18:24:07,CREDIT,515.40852,481.706877766136576239476145930776426567,EUR,,
ETH,,2024-06-21 18:24:07,DEBIT,-148,-481.427801683816651075771749298409728718,EUR,,
USDT,,2024-06-21 18:24:07,EXCHANGE_FEE,-0.51540852,-0.481706877766136576239476145930776427,EUR,,
ETH,,2024-06-23 21:01:54,CREDIT,0.8,2569.601496725912067352666043030869971936,EUR,,
ETH,,2024-06-23 21:01:54,EXCHANGE_FEE,-0.0008,-2.569601496725912067352666043030869972,EUR,,
USDT,,2024-06-23 21:01:54,DEBIT,-2751392,-2572.770292984097287184284377923292796675,EUR,,
ETH,,2024-06-23 21:01:57,LOAN_REPAYMENT,-0.71964063,-2313.6075999732460243217960710944808232,EUR,,
ETH,,2024-06-23 21:06:21,LOAN_REPAYMENT,-0.07955937,-255.290314843498596819457436856875584659,EUR,,
ETH,,2024-06-23 21:06:34,CREDIT,225,721.98058933582787652011225444340505145,EUR,,
ETH,,2024-06-23 21:06:34,EXCHANGE_FEE,-0.000225,-0.721980589335827876520112254443405051,EUR,,
USDT,,2024-06-23 21:06:34,DEBIT,-772.11,-722.056470533208606173994387277829747316,EUR,,
ETH,,2024-06-23 21:06:37,LOAN_REPAYMENT,-0.21683741,-695.788449163797942001870907390084190833,EUR,,
USDT,,2024-06-23 21:10:00,LOAN,275.91821661,258.005471771146866230121608980355472371,EUR,,
ETH,,2024-06-23 21:10:31,CREDIT,0.2,640.712815715622076707202993451824134705,EUR,,
ETH,,2024-06-23 21:10:31,EXCHANGE_FEE,-0.0002,-0.640712815715622076707202993451824135,EUR,,
USDT,,2024-06-23 21:10:31,DEBIT,-684832,-640.372373433115060804490177736202057915,EUR,,
USDT,,2024-06-23 21:11:00,LOAN,3667.78639147,3429.671914792714686623012160898035546798,EUR,,
ETH,,2024-06-23 21:11:39,CREDIT,1.0711,3431.337484565014031805425631431244153415,EUR,,
ETH,,2024-06-23 21:11:39,EXCHANGE_FEE,-0.0010711,-3.431337484565014031805425631431244153,EUR,,
USDT,,2024-06-23 21:11:39,DEBIT,-3670.209838,-3431.93802999513564078578110383536014923,EUR,,
USDT,,2024-06-24 02:55:05,CREDIT,4337.7915,4057.803086997193638914873713751169316173,EUR,,
ETH,,2024-06-24 02:55:05,DEBIT,-1.2777,-4057.097901777362020579981290926099158091,EUR,,
USDT,,2024-06-24 02:55:05,EXCHANGE_FEE,-4.3377915,-4.057803086997193638914873713751169316,EUR,,
USDT,,2024-06-24 02:55:08,LOAN_REPAYMENT,-3943.96172663,-3689.39357028063610851262862488306828726,EUR,,
USDT,,2024-06-24 10:00:00,LOAN,3513.69719413,3276.063755161319962686567164179104477192,EUR,,
ETH,,2024-06-24 10:00:55,CREDIT,1.1793,3639.526617537313432835820895522388059701,EUR,,
ETH,,2024-06-24 10:00:55,EXCHANGE_FEE,-0.0011793,-3.63952661753731343283582089552238806,EUR,,
USDT,,2024-06-24 10:00:55,DEBIT,-3903483,-3639.488114272388059701492537313432835355,EUR,,
USDT,,2024-06-24 16:39:31,CREDIT,3838.218938,3575.30272929263746505125815470643056724,EUR,,
ETH,,2024-06-24 16:39:31,DEBIT,-1.1781,-3585.244864864864864864864864864864864865,EUR,,
USDT,,2024-06-24 16:39:31,EXCHANGE_FEE,-3.83821895,-3.575302740470643056849953401677539607,EUR,,
USDT,,2024-06-24 16:39:34,LOAN_REPAYMENT,-3513.96930189,-3273.264042161281453867660764212488349267,EUR,,
ETH,,2024-06-24 17:09:00,LOAN,0.8,2444.985074626865671641791044776119402985,EUR,,
USDT,,2024-06-24 17:09:26,CREDIT,2622232,2444.644273134328358208955223880597015512,EUR,,
ETH,,2024-06-24 17:09:26,DEBIT,-0.8,-2447.208955223880597014925373134328358209,EUR,,
USDT,,2024-06-24 17:09:26,EXCHANGE_FEE,-2.622232,-2.444644273134328358208955223880597016,EUR,,
ETH,,2024-06-24 20:07:19,CREDIT,0.85,2623.999068901303538175046554934823091247,EUR,,
ETH,,2024-06-24 20:07:19,EXCHANGE_FEE,-0.00085,-2.623999068901303538175046554934823091,EUR,,
USDT,,2024-06-24 20:07:19,DEBIT,-2826.25,-2629.938780260707635009310986964618248545,EUR,,
ETH,,2024-06-24 20:07:22,LOAN_REPAYMENT,-0.80000632,-2476.034458096834264432029795158286778399,EUR,,
ETH,,2024-06-25 06:04:00,LOAN,0.24085632,755.255001564245810055865921787709497207,EUR,,
USDT,,2024-06-25 06:04:16,CREDIT,977329,909.625762011173184357541899441340782303,EUR,,
ETH,,2024-06-25 06:04:16,DEBIT,-0.29,-909.355214152700186219739292364990689013,EUR,,
USDT,,2024-06-25 06:04:16,EXCHANGE_FEE,-0.977329,-0.909625762011173184357541899441340782,EUR,,
USDT,,2024-06-25 06:09:00,LOAN,544.01255084,506.428071070607076350093109869646182342,EUR,,
USDT,,2024-06-25 08:53:00,LOAN_REPAYMENT,-544.01255084,-506.74794460818266542404473438956197559,EUR,,
ETH,,2024-06-25 08:53:35,CREDIT,245,765.276794035414725069897483690587138863,EUR,,
ETH,,2024-06-25 08:53:35,EXCHANGE_FEE,-0.000245,-0.765276794035414725069897483690587139,EUR,,
USDT,,2024-06-25 08:53:35,DEBIT,-821583,-765.304947343895619757688723205964585005,EUR,,
ETH,,2024-06-25 08:53:37,LOAN_REPAYMENT,-0.24085775,-752.338149953401677539608574091332712022,EUR,,
USDT,,2024-06-25 08:55:00,LOAN,406.33668634,378.540681887664492078285181733457595552,EUR,,
ETH,,2024-06-25 08:55:24,CREDIT,0.2,624.905871388630009319664492078285181733,EUR,,
ETH,,2024-06-25 08:55:24,EXCHANGE_FEE,-0.0002,-0.624905871388630009319664492078285182,EUR,,
USDT,,2024-06-25 08:55:24,DEBIT,-670868,-624.976377260018639328984156570363466956,EUR,,
USDT,,2024-06-25 09:50:18,CREDIT,675324,629.001682758620689655172413793103448467,EUR,,
ETH,,2024-06-25 09:50:18,DEBIT,-0.1998,-628.038620689655172413793103448275862069,EUR,,
USDT,,2024-06-25 09:50:18,EXCHANGE_FEE,-0.675324,-0.629001682758620689655172413793103448,EUR,,
USDT,,2024-06-25 09:50:21,LOAN_REPAYMENT,-406.36421232,-378.490581353781919850885368126747437207,EUR,,
ETH,,2024-06-25 11:05:00,LOAN,0.7,2207.246268656716417910447761194029850746,EUR,,
USDT,,2024-06-25 11:05:57,CREDIT,2367701,2207.351100186567164179104477611940299038,EUR,,
ETH,,2024-06-25 11:05:57,DEBIT,-0.7,-2207625,EUR,,
USDT,,2024-06-25 11:05:57,EXCHANGE_FEE,-2.367701,-2.207351100186567164179104477611940299,EUR,,
ETH,,2024-06-25 15:18:32,CREDIT,0.72,2292.228571428571428571428571428571428572,EUR,,
ETH,,2024-06-25 15:18:32,EXCHANGE_FEE,-0.00072,-2.292228571428571428571428571428571429,EUR,,
USDT,,2024-06-25 15:18:32,DEBIT,-2457.464842,-2293.863307700653594771241830065359476117,EUR,,
ETH,,2024-06-25 15:18:34,LOAN_REPAYMENT,-0.70000685,-2233.773492842203548085901027077497665733,EUR,,
ETH,,2024-06-25 19:14:00,LOAN,0.6766167,2154.307140056022408963585434173669467787,EUR,,
USDT,,2024-06-25 19:14:45,CREDIT,2387336,2228.848988235294117647058823529411765749,EUR,,
ETH,,2024-06-25 19:14:45,DEBIT,-0.7,-2227.392156862745098039215686274509803922,EUR,,
USDT,,2024-06-25 19:14:45,EXCHANGE_FEE,-2.387336,-2.228848988235294117647058823529411766,EUR,,
ETH,,2024-06-26 10:06:44,CREDIT,0.68,2147.006173994387277829747427502338634238,EUR,,
ETH,,2024-06-26 10:06:44,EXCHANGE_FEE,-0.00068,-2.147006173994387277829747427502338634,EUR,,
USDT,,2024-06-26 10:06:44,DEBIT,-2295.68,-2146.858087932647333956969130028063610518,EUR,,
ETH,,2024-06-26 10:06:46,LOAN_REPAYMENT,-0.67663765,-2136.39001780449017773620205799812909261,EUR,,
USDT,,2024-06-26 10:10:00,LOAN,2113.06673261,1976.083080065684752104770813844714686317,EUR,,
ETH,,2024-06-26 10:10:02,CREDIT,0.7,2210.022450888681010289990645463049579046,EUR,,
ETH,,2024-06-26 10:10:02,EXCHANGE_FEE,-0.0007,-2.210022450888681010289990645463049579,EUR,,
USDT,,2024-06-26 10:10:02,DEBIT,-2361.59,-2208.495344246959775491113189897100093203,EUR,,
USDT,,2024-06-26 20:00:53,CREDIT,2387,2233.677715355805243445692883895131085892,EUR,,
ETH,,2024-06-26 20:00:53,DEBIT,-0.7,-2234.559925093632958801498127340823970038,EUR,,
USDT,,2024-06-26 20:00:53,EXCHANGE_FEE,-2387,-2.233677715355805243445692883895131086,EUR,,
USDT,,2024-06-26 20:00:56,LOAN_REPAYMENT,-2113.31131229,-1977.568656837664794007490636704119849966,EUR,,
USDC,,2024-07-05 09:09:11,CREDIT,292,269.84362292051756007393715341959334564,EUR,,
USDT,,2024-07-05 09:09:11,DEBIT,-292.0584,-269.924584103512014787430683918669131316,EUR,,
USDC,,2024-07-05 09:12:00,LOAN,1168,1078.26999076638965835641735918744229048,EUR,,
ETH,,2024-07-05 09:12:26,CREDIT,0.5156,1347.963120960295475530932594644506001847,EUR,,
ETH,,2024-07-05 09:12:26,EXCHANGE_FEE,-0.00048982,-1.280564964912280701754385964912280702,EUR,,
USDC,,2024-07-05 09:12:26,DEBIT,-1459.756408,-1347.612610081625115420129270544783010838,EUR,,
USDC,,2024-07-05 10:20:58,CREDIT,1502.634261,1388.756248613678373382624768946395564171,EUR,,
ETH,,2024-07-05 10:20:58,DEBIT,-0.5151,-1386.928172828096118299445471349353049907,EUR,,
USDC,,2024-07-05 10:20:58,EXCHANGE_FEE,-1.42750255,-1.319318438077634011090573012939001849,EUR,,
USDC,,2024-07-05 10:21:01,LOAN_REPAYMENT,-1168.02212169,-1079.502885110905730129390018484288355209,EUR,,
ETH,,2024-07-06 12:34:00,LOAN,0.39998982,1109.635345013678373382624768946395563771,EUR,,
USDC,,2024-07-06 12:34:10,CREDIT,1201.18,1110.147874306839186691312384473197782205,EUR,,
ETH,,2024-07-06 12:34:10,DEBIT,-0.4,-1110.661737523105360443622920517560073937,EUR,,
USDC,,2024-07-06 12:34:10,EXCHANGE_FEE,-1.141121,-1.054640480591497227356746765249537893,EUR,,
ETH,,2024-07-07 16:09:29,CREDIT,405,1109.446408839779005524861878453038674033,EUR,,
ETH,,2024-07-07 16:09:29,EXCHANGE_FEE,-0.00038476,-1.054001482136279926335174953959484346,EUR,,
USDC,,2024-07-07 16:09:29,DEBIT,-1204.507091,-1109.122551565377532228360957642725598116,EUR,,
ETH,,2024-07-07 16:09:32,LOAN_REPAYMENT,-0.40001009,-1095.777179876979742173112338858195211786,EUR,,
USDC,,2024-07-07 16:10:00,LOAN,1370.62453724,1263.248421419354838709677419354838709696,EUR,,
ETH,,2024-07-07 16:10:46,CREDIT,571,1566.734534562211981566820276497695852535,EUR,,
ETH,,2024-07-07 16:10:46,EXCHANGE_FEE,-0.00054245,-1.48839780783410138248847926267281106,EUR,,
USDC,,2024-07-07 16:10:46,DEBIT,-1699.424194,-1566.289579723502304147465437788018433203,EUR,,
USDC,,2024-07-07 18:29:01,CREDIT,1721.6765,1586.798617511520737327188940092165898641,EUR,,
ETH,,2024-07-07 18:29:01,DEBIT,-575,-1587.047695852534562211981566820276497696,EUR,,
USDC,,2024-07-07 18:29:01,EXCHANGE_FEE,-1.63559267,-1.507458682027649769585253456221198157,EUR,,
USDC,,2024-07-07 18:29:04,LOAN_REPAYMENT,-1370.67473144,-1263.294683354838709677419354838709677438,EUR,,
ETH,,2024-07-08 10:12:00,LOAN,0.3999373,1129.900351128228782287822878228782287823,EUR,,
USDC,,2024-07-08 10:12:54,CREDIT,1224.883064,1129.96592619926199261992619926199261965,EUR,,
ETH,,2024-07-08 10:12:54,DEBIT,-0.4,-1130.597785977859778597785977859778597786,EUR,,
USDC,,2024-07-08 10:12:54,EXCHANGE_FEE,-1.16363891,-1.073467629151291512915129151291512915,EUR,,
ETH,,2024-07-08 10:58:11,CREDIT,401,1116.251326925505263157894736842105263158,EUR,,
ETH,,2024-07-08 10:58:11,EXCHANGE_FEE,-0.000401,-1.116251326925505263157894736842105263,EUR,,
USDC,,2024-07-08 10:58:11,DEBIT,-1209015,-1116.357340720221606648199445983379501096,EUR,,
ETH,,2024-07-08 10:58:14,LOAN_REPAYMENT,-0.3999373,-1112.693517319482917820867959372114496768,EUR,,
ETH,,2024-07-10 14:00:00,LOAN,0.4493383,1288.74128118391866913123844731977818854,EUR,,
USDC,,2024-07-10 14:00:15,CREDIT,1397.94627,1292.002097966728280961182994454713493903,EUR,,
ETH,,2024-07-10 14:00:15,DEBIT,-0.45,-1295.17236598890942698706099815157116451,EUR,,
USDC,,2024-07-10 14:00:15,EXCHANGE_FEE,-1.32804895,-1.227401987060998151571164510166358596,EUR,,
ETH,,2024-07-15 06:38:30,CREDIT,0.45,1385.545036764705882352941176470588235294,EUR,,
ETH,,2024-07-15 06:38:30,EXCHANGE_FEE,-0.0004275,-1.316267784926470588235294117647058824,EUR,,
USDC,,2024-07-15 06:38:30,DEBIT,-1512063,-1389.763786764705882352941176470588235027,EUR,,
ETH,,2024-07-15 06:38:32,LOAN_REPAYMENT,-0.44943901,-1385.094194577481617647058823529411764706,EUR,,
ETH,,2024-07-15 17:07:00,LOAN,0.29386651,915.253985452568807339449541284403669725,EUR,,
USDC,,2024-07-15 17:07:42,CREDIT,999.049044,916.558755963302752293577981651376146991,EUR,,
ETH,,2024-07-15 17:07:42,DEBIT,-294,-915.621192660550458715596330275229357798,EUR,,
USDC,,2024-07-15 17:07:42,EXCHANGE_FEE,-0.94909659,-0.870730816513761467889908256880733945,EUR,,
ETH,,2024-07-25 04:08:32,CREDIT,0.3,869.643317972350230414746543778801843318,EUR,,
ETH,,2024-07-25 04:08:32,EXCHANGE_FEE,-0.0003,-0.869643317972350230414746543778801843,EUR,,
USDC,,2024-07-25 04:08:32,DEBIT,-940.5,-866.82027649769585253456221198156682029,EUR,,
ETH,,2024-07-25 04:08:34,LOAN_REPAYMENT,-0.29401189,-852.284918476405529953917050691244239631,EUR,,
ETH,,2024-07-26 18:13:00,LOAN,0.19431189,583.062706318508287292817679558011049724,EUR,,
USDC,,2024-07-26 18:13:49,CREDIT,651.779306,600.165106813996316758747697974217311012,EUR,,
ETH,,2024-07-26 18:13:49,DEBIT,-0.2,-600.134438305709023941068139963167587477,EUR,,
USDC,,2024-07-26 18:13:49,EXCHANGE_FEE,-0.61919034,-0.570156850828729281767955801104972375,EUR,,
ETH,,2024-07-26 18:14:00,LOAN,0.2,600.130755064456721915285451197053406998,EUR,,
ETH,,2024-07-27 21:58:51,LOAN_REPAYMENT,-0.15,-453.397790055248618784530386740331491713,EUR,,
ETH,,2024-07-27 22:00:00,LOAN,0.06,181.252486187845303867403314917127071823,EUR,,
USDC,,2024-07-27 22:00:09,CREDIT,65672,60.465407734806629834254143646408839755,EUR,,
ETH,,2024-07-27 22:00:09,DEBIT,-0.02,-60.417495395948434622467771639042357274,EUR,,
USDC,,2024-07-27 22:00:09,EXCHANGE_FEE,-0.0623884,-0.057442137348066298342541436464088398,EUR,,
ETH,,2024-07-27 22:01:00,LOAN,0.04,120.834990791896869244935543278084714549,EUR,,
ETH,,2024-07-27 22:02:00,LOAN,0.02,60.417495395948434622467771639042357274,EUR,,
ETH,,2024-07-27 22:03:00,LOAN,0.02,60.361878453038674033149171270718232044,EUR,,
USDC,,2024-07-28 01:45:08,CREDIT,0.0623884,0.057395032198712051517939282428702852,EUR,,
BNB,,2024-07-28 01:45:08,DEBIT,-0.00008025,-0.043116471941122355105795768169273229,EUR,,
ETH,,2024-07-28 08:50:27,LOAN_REPAYMENT,-0.06,-178.162983425414364640883977900552486188,EUR,,
ETH,,2024-07-28 08:50:28,LOAN_REPAYMENT,-0.11,-326.632136279926335174953959484346224678,EUR,,
ETH,,2024-07-28 08:51:04,CREDIT,216,641.386740331491712707182320441988950276,EUR,,
ETH,,2024-07-28 08:51:04,EXCHANGE_FEE,-0.0002052,-0.609317403314917127071823204419889503,EUR,,
USDC,,2024-07-28 08:51:04,DEBIT,-696.7014,-641.465681270718232044198895027624309134,EUR,,
ETH,,2024-07-28 08:51:06,LOAN_REPAYMENT,-0.21435039,-636.488416346685082872928176795580110497,EUR,,
ETH,,2024-07-28 21:44:00,LOAN,0.14855559,446.607895653038674033149171270718232044,EUR,,
USDC,,2024-07-28 21:44:45,CREDIT,489645,450.870165745856353591160220994475137955,EUR,,
ETH,,2024-07-28 21:44:45,DEBIT,-0.15,-450.950276243093922651933701657458563536,EUR,,
USDC,,2024-07-28 21:44:45,EXCHANGE_FEE,-0.46516275,-0.428326657458563535911602209944751381,EUR,,
ETH,,2024-07-28 21:45:00,LOAN,0.1,300.731123388581952117863720073664825046,EUR,,
ETH,,2024-07-28 21:46:00,LOAN,0.05,150.365561694290976058931860036832412523,EUR,,
ETH,,2024-07-28 21:47:00,LOAN,0.1,300.731123388581952117863720073664825046,EUR,,
USDC,,2024-07-29 02:49:35,CREDIT,166.25,152.943882244710211591536338546458141636,EUR,,
ETH,,2024-07-29 02:49:35,DEBIT,-0.05,-152.971021159153633854645814167433302668,EUR,,
USDC,,2024-07-29 02:49:35,EXCHANGE_FEE,-0.16625,-0.152943882244710211591536338546458142,EUR,,
USDC,,2024-07-29 04:04:38,CREDIT,168,154.553817847286108555657773689052437864,EUR,,
ETH,,2024-07-29 04:04:38,DEBIT,-0.05,-154.759429622815087396504139834406623735,EUR,,
USDC,,2024-07-29 04:04:38,EXCHANGE_FEE,-168,-0.154553817847286108555657773689052438,EUR,,
ETH,,2024-07-29 16:46:15,DEBIT,-0.15,-453.14404432132963988919667590027700831,EUR,,
ETH,,2024-07-29 16:48:00,LOAN,0.15,454.200554528650646950092421441774491682,EUR,,
USDC,,2024-07-29 16:48:15,CREDIT,491.426988,453.764531855955678670360110803324099605,EUR,,
ETH,,2024-07-29 16:48:15,LOAN_REPAYMENT,-0.15,-454.200554528650646950092421441774491682,EUR,,
USDC,,2024-07-29 16:48:15,EXCHANGE_FEE,-0.46685563,-0.431076297322253000923361034164358264,EUR,,
ETH,,2024-07-30 20:11:04,CREDIT,0.1,299.986111111111111111111111111111111111,EUR,,
ETH,,2024-07-30 20:11:04,EXCHANGE_FEE,-0.000095,-0.284986805555555555555555555555555556,EUR,,
USDC,,2024-07-30 20:11:04,DEBIT,-324.07912,-299.765691108233117483811285846438482968,EUR,,
ETH,,2024-07-30 20:11:07,LOAN_REPAYMENT,-0.08991792,-270.045722903977798334875115633672525439,EUR,,
ETH,,2024-07-30 20:14:13,CREDIT,0.3,901.609620721554116558741905642923219242,EUR,,
ETH,,2024-07-30 20:14:13,EXCHANGE_FEE,-0.000285,-0.856529139685476410730804810360777058,EUR,,
USDC,,2024-07-30 20:14:13,DEBIT,-974778,-901.737280296022201665124884366327474794,EUR,,
ETH,,2024-07-30 20:14:15,LOAN_REPAYMENT,-0.299715,-901.482277937095282146160962072155411656,EUR,,
ETH,,2024-07-30 20:20:00,LOAN,0.21001292,633.77081198260869565217391304347826087,EUR,,
USDC,,2024-07-30 20:22:03,CREDIT,718.3,665.026083333333333333333333333333333094,EUR,,
ETH,,2024-07-30 20:22:03,DEBIT,-0.22,-664.756481481481481481481481481481481481,EUR,,
USDC,,2024-07-30 20:22:03,EXCHANGE_FEE,-0.7183,-0.665026083333333333333333333333333333,EUR,,
ETH,,2024-07-30 20:24:00,LOAN,0.2,603.554116558741905642923219241443108233,EUR,,
USDC,,2024-07-31 00:56:23,CREDIT,164.25,151.802218114602587800369685767097966772,EUR,,
ETH,,2024-07-31 00:56:23,DEBIT,-0.05,-151.771256931608133086876155268022181146,EUR,,
USDC,,2024-07-31 00:56:23,EXCHANGE_FEE,-0.16425,-0.151802218114602587800369685767097967,EUR,,
USDC,,2024-07-31 02:26:08,CREDIT,164.75,152.123730378578024007386888273314866073,EUR,,
ETH,,2024-07-31 02:26:08,DEBIT,-0.05,-152.56885397412199630314232902033271719,EUR,,
USDC,,2024-07-31 02:26:08,EXCHANGE_FEE,-0.16475,-0.152123730378578024007386888273314866,EUR,,
USDC,,2024-07-31 05:52:51,CREDIT,330.6,305.263157894736842105263157894736842026,EUR,,
ETH,,2024-07-31 05:52:51,DEBIT,-0.1,-305.275161588180978762696214219759926131,EUR,,
USDC,,2024-07-31 05:52:51,EXCHANGE_FEE,-0.3306,-0.305263157894736842105263157894736842,EUR,,
ETH,,2024-08-01 05:53:57,CREDIT,415,1219.981099815157116451016635859519408503,EUR,,
ETH,,2024-08-01 05:53:57,EXCHANGE_FEE,-0.00039425,-1.158982044824399260628465804066543438,EUR,,
USDC,,2024-08-01 05:53:57,DEBIT,-1320.36815,-1220.303280961182994454713493530499076137,EUR,,
ETH,,2024-08-01 05:54:00,LOAN_REPAYMENT,-0.41460575,-1218.714826079020332717190388170055452865,EUR,,
ETH,,2024-08-01 13:58:00,LOAN,0.2,589.503703703703703703703703703703703704,EUR,,
ETH,,2024-08-01 15:31:16,LOAN_REPAYMENT,-0.2,-574.871177015755329008341056533827618165,EUR,,
USDC,,2024-08-01 15:34:00,LOAN,1484.59355133,1375.897637933271547729379054680259499019,EUR,,
ETH,,2024-08-01 15:34:53,CREDIT,0.6,1731.625579240037071362372567191844300278,EUR,,
ETH,,2024-08-01 15:34:53,EXCHANGE_FEE,-0.00057001,-1.645073160704355885078776645041705283,EUR,,
USDC,,2024-08-01 15:34:53,DEBIT,-1866.817818,-1730.136995366079703429101019462465244947,EUR,,
ETH,,2024-08-01 15:34:55,LOAN_REPAYMENT,-0.00441419,-12.73954052604263206672845227062094532,EUR,,
USDC,,2024-08-01 18:42:44,CREDIT,1834.809454,1702.049586270871985157699443413729127885,EUR,,
ETH,,2024-08-01 18:42:44,DEBIT,-595,-1699.35974025974025974025974025974025974,EUR,,
USDC,,2024-08-01 18:42:44,EXCHANGE_FEE,-1.74306898,-1.616947105751391465677179962894248608,EUR,,
USDC,,2024-08-01 18:42:46,LOAN_REPAYMENT,-1484.69617671,-1377.26918062152133580705009276437847856,EUR,,
USDC,,2024-08-02 16:26:00,LOAN,538.77066364,494.285012513761467889908256880733945063,EUR,,
ETH,,2024-08-02 16:26:29,CREDIT,0.1,277.501834862385321100917431192660550459,EUR,,
ETH,,2024-08-02 16:26:29,EXCHANGE_FEE,-0.000095,-0.263626743119266055045871559633027523,EUR,,
USDC,,2024-08-02 16:26:29,DEBIT,-302286,-277.326605504587155963302752293577981712,EUR,,
USDC,,2024-08-02 16:28:00,LOAN,877.5,805.045871559633027522935779816513761645,EUR,,
ETH,,2024-08-02 18:50:40,CREDIT,0.1,276.105504587155963302752293577981651376,EUR,,
ETH,,2024-08-02 18:50:40,EXCHANGE_FEE,-0.0001,-0.276105504587155963302752293577981651,EUR,,
USDC,,2024-08-02 18:50:40,DEBIT,-301,-276.119174311926605504587155963302752335,EUR,,
ETH,,2024-08-02 19:41:12,CREDIT,0.1,274.92844036697247706422018348623853211,EUR,,
ETH,,2024-08-02 19:41:12,EXCHANGE_FEE,-0.0001,-0.274928440366972477064220183486238532,EUR,,
USDC,,2024-08-02 19:41:12,DEBIT,-299.5,-274.770642201834862385321100917431192721,EUR,,
ETH,,2024-08-02 21:47:00,LOAN,0.0002792,0.770635584940312213039485766758494031,EUR,,
ETH,,2024-08-03 00:55:33,CREDIT,0.15,405.997245179063360881542699724517906336,EUR,,
ETH,,2024-08-03 00:55:33,EXCHANGE_FEE,-0.00015,-0.405997245179063360881542699724517906,EUR,,
USDC,,2024-08-03 00:55:33,DEBIT,-442.5,-406.336088154269972451790633608815426872,EUR,,
ETH,,2024-08-03 00:55:35,LOAN_REPAYMENT,-0.00027924,-0.755804471625344352617079889807162534,EUR,,
ETH,,2024-08-03 07:30:00,LOAN,0.00042924,1.177828253443526170798898071625344353,EUR,,
USDC,,2024-08-03 15:55:00,LOAN,292105,268.232323232323232323232323232323232241,EUR,,
USDC,,2024-08-03 15:55:01,LOAN_REPAYMENT,-435,-399.449035812672176308539944903581267095,EUR,,
ETH,,2024-08-03 15:55:02,LOAN_REPAYMENT,-0.00042924,-1.161478505785123966942148760330578512,EUR,,
ETH,,2024-08-03 15:55:28,CREDIT,25,67.588842975206611570247933884297520661,EUR,,
ETH,,2024-08-03 15:55:28,EXCHANGE_FEE,-0.00002375,-0.064209400826446280991735537190082645,EUR,,
USDC,,2024-08-03 15:55:28,DEBIT,-73.73,-67.704315886134067952249770431588613386,EUR,,
ETH,,2024-08-03 15:55:30,LOAN_REPAYMENT,-0.00000009,-0.000243530578512396694214876033057851,EUR,,
ETH,,2024-08-03 16:17:02,CREDIT,25,67.358685661764705882352941176470588235,EUR,,
ETH,,2024-08-03 16:17:02,EXCHANGE_FEE,-0.000025,-0.067358685661764705882352941176470588,EUR,,
USDC,,2024-08-03 16:17:02,DEBIT,-73125,-67.148760330578512396694214876033057831,EUR,,
ETH,,2024-08-03 17:18:29,CREDIT,0.05,133.678604224058769513314967860422405877,EUR,,
ETH,,2024-08-03 17:18:29,EXCHANGE_FEE,-0.00005,-0.133678604224058769513314967860422406,EUR,,
USDC,,2024-08-03 17:18:29,DEBIT,-145.25,-133.379247015610651974288337924701561024,EUR,,
USDC,,2024-08-04 17:40:45,CREDIT,1219.498048,1120.750090252941176470588235294117647202,EUR,,
ETH,,2024-08-04 17:40:45,DEBIT,-0.45,-1121.219669117647058823529411764705882353,EUR,,
USDC,,2024-08-04 17:40:45,EXCHANGE_FEE,-1.15852315,-1.064712589784007352941176470588235294,EUR,,
USDC,,2024-08-04 17:40:47,LOAN_REPAYMENT,-1097.32210078,-1008.467250523825367647058823529411764835,EUR,,
USDC,,2024-08-04 17:54:00,LOAN,670.63777593,616.395014641544117647058823529411764588,EUR,,
ETH,,2024-08-05 00:14:15,CREDIT,0.2984,728.32595963302752293577981651376146789,EUR,,
ETH,,2024-08-05 00:14:15,EXCHANGE_FEE,-0.0002984,-0.728325959633027522935779816513761468,EUR,,
USDC,,2024-08-05 00:14:15,DEBIT,-791.6552,-726.216545394495412844036697247706422127,EUR,,
USDC,,2024-08-05 01:07:34,CREDIT,255.245762,236.988108554277018198700092850510677699,EUR,,
ETH,,2024-08-05 01:07:34,DEBIT,-0.1056,-226.227164345403899721448467966573816156,EUR,,
USDC,,2024-08-05 01:07:34,EXCHANGE_FEE,-0.24248348,-0.22513870879023198142989786443825441,EUR,,
USDC,,2024-08-05 01:07:52,LOAN_REPAYMENT,-255.00327852,-234.584837648196199407543698252069917128,EUR,,
USDC,,2024-08-05 01:08:00,CREDIT,597.996885,555.22234566033464763231197771587743707,EUR,,
ETH,,2024-08-05 01:08:00,DEBIT,-0.2465,-528.077613741875580315691736304549675023,EUR,,
USDC,,2024-08-05 01:08:00,EXCHANGE_FEE,-0.56809704,-0.527461227680965192200557103064066852,EUR,,
USDC,,2024-08-05 01:08:14,LOAN_REPAYMENT,-592.70158751,-545.243208192543446506899724011039558244,EUR,,
ETH,,2024-08-05 01:08:15,EXCHANGE_FEE,-0.00419693,-8.991094439925719591457753017641597029,EUR,,
ETH,,2024-08-06 13:53:00,LOAN,0.17282341,387.658763988715596330275229357798165138,EUR,,
USDC,,2024-08-06 13:53:30,CREDIT,523.352463,480.139874311926605504587155963302752399,EUR,,
ETH,,2024-08-06 13:53:30,DEBIT,-0.2141,-480.245942201834862385321100917431192661,EUR,,
USDC,,2024-08-06 13:53:30,EXCHANGE_FEE,-0.49718484,-0.456132880733944954128440366972477064,EUR,,
ETH,,2024-08-07 19:51:52,CREDIT,176,378.35326007326007326007326007326007326,EUR,,
ETH,,2024-08-07 19:51:52,EXCHANGE_FEE,-0.0001672,-0.35943559706959706959706959706959707,EUR,,
USDC,,2024-08-07 19:51:52,DEBIT,-413.11776,-378.275135736263736263736263736263736123,EUR,,
ETH,,2024-08-07 19:51:54,LOAN_REPAYMENT,-0.1728368,-371.553220117216117216117216117216117216,EUR,,
ETH,,2024-08-08 10:09:00,LOAN,0.197004,438.556906361136571952337305224564619615,EUR,,
USDC,,2024-08-08 10:09:26,CREDIT,485.565976,444.613021430769230769230769230769230604,EUR,,
ETH,,2024-08-08 10:09:26,DEBIT,-0.2,-445.226397800183318056828597616865261228,EUR,,
USDC,,2024-08-08 10:09:26,EXCHANGE_FEE,-0.46128767,-0.422382363766483516483516483516483516,EUR,,
ETH,,2024-08-08 12:30:50,CREDIT,0.2,455.954254345837145471180237877401646844,EUR,,
ETH,,2024-08-08 12:30:50,EXCHANGE_FEE,-0.00019,-0.433156541628545288197621225983531565,EUR,,
USDC,,2024-08-08 12:30:50,DEBIT,-495.14,-453.432056828597616865261228230980751783,EUR,,
ETH,,2024-08-08 12:30:52,LOAN_REPAYMENT,-0.19700547,-451.3483798616865261228230980751604033,EUR,,
ETH,,2024-08-08 12:32:00,LOAN,0.17919547,410.544869962511457378551787351054078827,EUR,,
USDC,,2024-08-08 12:32:03,CREDIT,453.020659,414.860623654353803849679193400549954335,EUR,,
ETH,,2024-08-08 12:32:03,DEBIT,-182,-414.918371454711802378774016468435498628,EUR,,
USDC,,2024-08-08 12:32:03,EXCHANGE_FEE,-0.43036962,-0.39411758693125572868927589367552704,EUR,,
ETH,,2024-08-08 16:11:29,CREDIT,184,434.079780018331805682859761686526122823,EUR,,
ETH,,2024-08-08 16:11:29,EXCHANGE_FEE,-0.0001748,-0.412375791017415215398716773602199817,EUR,,
USDC,,2024-08-08 16:11:29,DEBIT,-471.96,-432.593950504124656278643446379468377626,EUR,,
ETH,,2024-08-08 16:11:31,LOAN_REPAYMENT,-0.17919772,-423.941654699357208448117539026629935721,EUR,,
ETH,,2024-08-08 17:24:00,LOAN,0.14987252,355.81192387974335472043996333638863428,EUR,,
USDC,,2024-08-08 17:24:34,CREDIT,400.341945,366.949537121906507791017415215398716766,EUR,,
ETH,,2024-08-08 17:24:34,DEBIT,-0.1545,-366.798010999083409715857011915673693859,EUR,,
USDC,,2024-08-08 17:24:34,EXCHANGE_FEE,-0.38032485,-0.348602062328139321723189734188817599,EUR,,
EUR,,2024-08-15 05:37:32,DEPOSIT,3000,3E+3,EUR,,
USDT,,2024-08-15 19:45:00,EARN,0.00073046,0,EUR,0,USD
SOL,,2024-08-15 19:45:00,EARN,0.00000051,0,EUR,0,USD
ATOM,,2024-08-15 19:55:52,CREDIT,60.67,249.814393801276207839562443026435733819,EUR,,
ATOM,,2024-08-15 19:55:52,EXCHANGE_FEE,-0.06067,-0.249814393801276207839562443026435734,EUR,,
EUR,,2024-08-15 19:55:52,DEBIT,-249.9604,-249.9604,EUR,,
USDC,,2024-08-15 20:12:36,CREDIT,999948,911.529626253418413855970829535095716059,EUR,,
USDC,,2024-08-15 20:12:36,EXCHANGE_FEE,-0.9499506,-0.86595314494074749316317228805834093,EUR,,
EUR,,2024-08-15 20:12:36,DEBIT,-912.2,-912.2,EUR,,
USDC,,2024-08-15 20:15:00,LOAN,4071.84594047,3715.187901888686131386861313868613138329,EUR,,
ETH,,2024-08-15 20:15:38,CREDIT,2,4626.72743846855059252506836827711941659,EUR,,
ETH,,2024-08-15 20:15:38,EXCHANGE_FEE,-0.00190001,-4.395414200182315405651777575205104831,EUR,,
USDC,,2024-08-15 20:15:38,DEBIT,-5080.301025,-4635.311154197080291970802919708029196635,EUR,,
ETH,,2024-08-15 20:16:36,LOAN_REPAYMENT,-0.14993466,-346.853402699726526891522333637192342753,EUR,,
USDC,,2024-08-15 20:17:00,LOAN,281.80122766,257.11790844890510948905109489051094888,EUR,,
ETH,,2024-08-15 20:17:13,CREDIT,0.2985,690.539070191431175934366453965360072926,EUR,,
ETH,,2024-08-15 20:17:13,EXCHANGE_FEE,-0.00028358,-0.656023683500455788514129443938012762,EUR,,
USDC,,2024-08-15 20:17:13,DEBIT,-757.338267,-691.002068430656934306569343065693430591,EUR,,
ATOM,,2024-08-15 20:29:41,WITHDRAWAL,-60.60933,-249.128678512773722627737226277372262773,EUR,,
USDC,,2024-08-15 21:38:58,CREDIT,5448.7,4971.441605839416058394160583941605838939,EUR,,
ETH,,2024-08-15 21:38:58,DEBIT,-2116,-4951.517226277372262773722627737226277372,EUR,,
USDC,,2024-08-15 21:38:58,EXCHANGE_FEE,-5.4487,-4.971441605839416058394160583941605839,EUR,,
USDC,,2024-08-15 21:39:01,LOAN_REPAYMENT,-4353.73272515,-3972.383873312043795620437956204379561662,EUR,,
USDT,,2024-08-16 04:10:59,EARN,1.22352998,0,EUR,0,USD
USDC,,2024-08-16 13:25:00,LOAN,4170.08212498,3794.433234740673339399454049135577798002,EUR,,
ETH,,2024-08-16 13:25:53,CREDIT,2,4748.73521383075523202911737943585077343,EUR,,
ETH,,2024-08-16 13:25:53,EXCHANGE_FEE,-0.00190002,-4.511345940491355777979981801637852593,EUR,,
USDC,,2024-08-16 13:25:53,DEBIT,-5220.156109,-4749.914566878980891719745222929936305737,EUR,,
USDC,,2024-08-16 13:53:41,CREDIT,5122.280423,4660.855707916287534121929026387625113744,EUR,,
ETH,,2024-08-16 13:53:41,DEBIT,-1.99,-4652.344767970882620564149226569608735213,EUR,,
USDC,,2024-08-16 13:53:41,EXCHANGE_FEE,-4.8661664,-4.427812920837124658780709736123748863,EUR,,
USDC,,2024-08-16 13:53:43,LOAN_REPAYMENT,-4170.11922662,-3794.466994194722474977252047315741583261,EUR,,
ETH,,2024-08-18 10:08:00,LOAN,1.4,3372.640653357531760435571687840290381125,EUR,,
USDC,,2024-08-18 10:08:39,CREDIT,3715.995703,3372.046917422867513611615245009074411917,EUR,,
ETH,,2024-08-18 10:08:39,DEBIT,-1.4,-3369.248638838475499092558983666061705989,EUR,,
USDC,,2024-08-18 10:08:39,EXCHANGE_FEE,-3.53019592,-3.20344457350272232304900181488203267,EUR,,
ETH,,2024-08-18 12:41:03,CREDIT,1405,3400.50761559383499546690843155031731641,EUR,,
ETH,,2024-08-18 12:41:03,EXCHANGE_FEE,-0.00133477,-3.230530640616500453309156844968268359,EUR,,
USDC,,2024-08-18 12:41:03,DEBIT,-3753.870232,-3403.327499546690843155031731640979147476,EUR,,
ETH,,2024-08-18 12:41:05,LOAN_REPAYMENT,-1.40000972,-3388.42969022447869446962828649138712602,EUR,,
ETH,,2024-08-19 08:04:00,LOAN,1.45634449,3448.238559755615942028985507246376811594,EUR,,
USDC,,2024-08-19 08:04:33,CREDIT,3816.285069,3456.779953804347826086956521739130436552,EUR,,
ETH,,2024-08-19 08:04:33,DEBIT,-1.46,-3456.893840579710144927536231884057971014,EUR,,
USDC,,2024-08-19 08:04:33,EXCHANGE_FEE,-3.62547082,-3.283940960144927536231884057971014494,EUR,,
ETH,,2024-08-19 09:51:50,CREDIT,1459,3415.236186594202898550724637681159420291,EUR,,
ETH,,2024-08-19 09:51:50,EXCHANGE_FEE,-0.00138606,-3.244497785326086956521739130434782609,EUR,,
USDC,,2024-08-19 09:51:50,DEBIT,-3776.885374,-3420.749715092934782608695652173913043314,EUR,,
ETH,,2024-08-19 09:51:52,LOAN_REPAYMENT,-1.45635121,-3413.243998915217391304347826086956521739,EUR,,
USDC,,2024-08-19 10:00:00,LOAN,2914.1011243,2641.977447234814143245693563009972801215,EUR,,
ETH,,2024-08-19 10:00:46,CREDIT,1.5,3514.324569356300997280145058930190389846,EUR,,
ETH,,2024-08-19 10:00:46,EXCHANGE_FEE,-0.001425,-3.33860834088848594741613780598368087,EUR,,
USDC,,2024-08-19 10:00:46,DEBIT,-3867.825834,-3506.641735267452402538531278331822302498,EUR,,
USDC,,2024-08-19 10:05:23,CREDIT,3827.607011,3467.035336050724637681159420289855074239,EUR,,
ETH,,2024-08-19 10:05:23,DEBIT,-1.49,-3479.697098821396192203082502266545784226,EUR,,
USDC,,2024-08-19 10:05:23,EXCHANGE_FEE,-3.63622666,-3.29368356884057971014492753623188406,EUR,,
USDC,,2024-08-19 10:05:26,LOAN_REPAYMENT,-2914.12664629,-2639.607469465579710144927536231884059322,EUR,,
USDC,,2024-08-19 10:11:00,LOAN,3745.26605167,3392.111888645682065217391304347826086794,EUR,,
ETH,,2024-08-19 10:11:56,CREDIT,1.8,4206.081521739130434782608695652173913043,EUR,,
ETH,,2024-08-19 10:11:56,EXCHANGE_FEE,-0.00171001,-3.995800812771739130434782608695652174,EUR,,
USDC,,2024-08-19 10:11:56,DEBIT,-4645.595975,-4207.546571922554347826086956521739130233,EUR,,
USDC,,2024-08-19 13:17:37,CREDIT,4674.098911,4237.623672710788757932910244786944695906,EUR,,
ETH,,2024-08-19 13:17:37,DEBIT,-1.8,-4238.159564823209428830462375339981867633,EUR,,
USDC,,2024-08-19 13:17:37,EXCHANGE_FEE,-4.44039397,-4.025742493200362647325475974614687216,EUR,,
USDC,,2024-08-19 13:17:40,DEBIT,-3745.39725735,-3395.64574555757026291931097008159564793,EUR,,
ETH,,2024-08-19 13:20:00,CREDIT,1.4,3298.192028985507246376811594202898550725,EUR,,
USDC,,2024-08-19 13:20:34,CREDIT,3644.564944,3301.236362318840579710144927536231885748,EUR,,
ETH,,2024-08-19 13:20:34,DEBIT,-1.4,-3298.192028985507246376811594202898550725,EUR,,
USDC,,2024-08-19 13:20:34,EXCHANGE_FEE,-3.46233669,-3.136174538043478260869565217391304349,EUR,,
ETH,,2024-08-19 13:42:59,CREDIT,1.4,3284.51677243880326382592928377153218495,EUR,,
ETH,,2024-08-19 13:42:59,EXCHANGE_FEE,-0.00133,-3.120290933816863100634632819582955576,EUR,,
USDC,,2024-08-19 13:42:59,DEBIT,-3627.299232,-3288.575912964641885766092475067996373234,EUR,,
ETH,,2024-08-19 13:43:01,LOAN_REPAYMENT,-1.25972178,-2956.885659887216681776971894832275611968,EUR,,
ETH,,2024-08-19 13:43:18,LOAN_REPAYMENT,-0.13894822,-326.146618807252946509519492293744333636,EUR,,
ETH,,2024-08-19 13:43:46,CREDIT,6,14.076500453309156844968268359020852221,EUR,,
ETH,,2024-08-19 13:43:46,EXCHANGE_FEE,-0.0000057,-0.01337267543064369900271985494106981,EUR,,
USDC,,2024-08-19 13:43:46,DEBIT,-15.54,-14.088848594741613780598368087035358113,EUR,,
ETH,,2024-08-19 13:43:48,LOAN_REPAYMENT,-0.0013332,-3.129357628286491387126019945602901179,EUR,,
USDC,,2024-08-19 13:52:00,LOAN,1629.49309289,1475.990120371376811594202898550724638437,EUR,,
ETH,,2024-08-19 13:52:48,CREDIT,1,2331.902173913043478260869565217391304348,EUR,,
ETH,,2024-08-19 13:52:48,EXCHANGE_FEE,-0.00095001,-2.215330384239130434782608695652173913,EUR,,
USDC,,2024-08-19 13:52:48,DEBIT,-2573.04637,-2330.657943840579710144927536231884059164,EUR,,
USDC,,2024-08-19 13:55:10,CREDIT,2559.00769,2317.941748188405797101449275362318841766,EUR,,
ETH,,2024-08-19 13:55:10,DEBIT,-995,-2319.692889492753623188405797101449275362,EUR,,
USDC,,2024-08-19 13:55:10,EXCHANGE_FEE,-2.43105731,-2.202044664855072463768115942028985508,EUR,,
USDC,,2024-08-19 13:55:12,LOAN_REPAYMENT,-1629.50736416,-1476.003047246376811594202898550724638437,EUR,,
ETH,,2024-08-19 14:05:00,LOAN,1.4,3263.065217391304347826086956521739130435,EUR,,
USDC,,2024-08-19 14:05:38,CREDIT,3603411,3263.959239130434782608695652173913045149,EUR,,
ETH,,2024-08-19 14:05:38,DEBIT,-1.4,-3263.065217391304347826086956521739130435,EUR,,
USDC,,2024-08-19 14:05:38,EXCHANGE_FEE,-3.42324046,-3.10076128623188405797101449275362319,EUR,,
ETH,,2024-08-19 23:27:36,CREDIT,1405,3342.327617328519855595667870036101083033,EUR,,
ETH,,2024-08-19 23:27:36,EXCHANGE_FEE,-0.00133481,-3.175353969314079422382671480144404332,EUR,,
USDC,,2024-08-19 23:27:36,DEBIT,-3703.712326,-3342.700655234657039711191335740072201177,EUR,,
ETH,,2024-08-19 23:27:38,LOAN_REPAYMENT,-1.4000323,-3330.510050848375451263537906137184115524,EUR,,
USDC,,2024-08-20 12:01:00,LOAN,3424.03541368,3089.975640919342960288808664259927797686,EUR,,
ETH,,2024-08-20 12:01:02,CREDIT,1.6,3821.270758122743682310469314079422382672,EUR,,
ETH,,2024-08-20 12:01:02,EXCHANGE_FEE,-0.00152001,-3.63023110315884476534296028880866426,EUR,,
USDC,,2024-08-20 12:01:02,DEBIT,-4230.425424,-3817.69168001588447653429602888086642581,EUR,,
USDC,,2024-08-20 14:11:57,CREDIT,4186.667295,3774.418360271415689810640216411181245482,EUR,,
ETH,,2024-08-20 14:11:57,DEBIT,-1.6,-3773.648331830477908025247971145175834085,EUR,,
USDC,,2024-08-20 14:11:57,EXCHANGE_FEE,-3.97733393,-3.585697442032461677186654643823264203,EUR,,
USDC,,2024-08-20 14:11:59,LOAN_REPAYMENT,-3424.12441432,-3087.578371794409377817853922452660052707,EUR,,
USDC,,2024-08-20 14:28:00,LOAN,3150.83391189,2835.183313876177317731773177317731772548,EUR,,
ETH,,2024-08-20 14:28:55,CREDIT,1.5,3530.662162162162162162162162162162162162,EUR,,
ETH,,2024-08-20 14:28:55,EXCHANGE_FEE,-0.00142501,-3.354152591801801801801801801801801802,EUR,,
USDC,,2024-08-20 14:28:55,DEBIT,-3911.86804,-3519.977029332133213321332133213321331352,EUR,,
USDC,,2024-08-20 14:41:48,CREDIT,3895.849305,3509.774148648648648648648648648648649035,EUR,,
ETH,,2024-08-20 14:41:48,DEBIT,-1.5,-3513.780378037803780378037803780378037804,EUR,,
USDC,,2024-08-20 14:41:48,EXCHANGE_FEE,-3.70105684,-3.334285441441441441441441441441441442,EUR,,
USDC,,2024-08-20 14:41:51,LOAN_REPAYMENT,-3150.86121167,-2838.613704207207207207207207207207207519,EUR,,
USDC,,2024-08-20 15:26:31,CREDIT,1.4144,1.274234234234234234234234234234234234,EUR,,
USDT,,2024-08-20 15:26:32,DEBIT,-1.4144,-1.274234234234234234234234234234234234,EUR,,
ETH,,2024-08-21 20:08:00,LOAN,1.1656,2771.138209865470852017937219730941704036,EUR,,
USDC,,2024-08-21 20:08:26,CREDIT,3092.348718,2773.406921973094170403587443946188342083,EUR,,
ETH,,2024-08-21 20:08:26,DEBIT,-1.1656,-2769.099716591928251121076233183856502242,EUR,,
USDC,,2024-08-21 20:08:26,EXCHANGE_FEE,-2.93773128,-2.634736573991031390134529147982062781,EUR,,
ETH,,2024-08-21 21:22:00,LOAN,0.25030924,593.111672800358744394618834080717488789,EUR,,
USDC,,2024-08-21 21:22:02,CREDIT,813.674553,728.446332139659803043867502238137869275,EUR,,
ETH,,2024-08-21 21:22:02,DEBIT,-0.3083,-728.703068934646374216651745747538048344,EUR,,
USDC,,2024-08-21 21:22:02,EXCHANGE_FEE,-0.77299082,-0.692024010743061772605192479856759176,EUR,,
ETH,,2024-08-22 02:42:55,CREDIT,1.42,3330.817773788150807899461400359066427289,EUR,,
ETH,,2024-08-22 02:42:55,EXCHANGE_FEE,-0.00142,-3.330817773788150807899461400359066427,EUR,,
USDC,,2024-08-22 02:42:55,DEBIT,-3710.46,-3330.754039497307001795332136445242368513,EUR,,
ETH,,2024-08-22 02:42:57,LOAN_REPAYMENT,-1.41592985,-3321.270641420556552962298025134649910233,EUR,,
SOL,,2024-08-22 06:07:00,EARN,0.00000005,0,EUR,0,USD
USDC,,2024-08-22 06:08:50,CREDIT,0.10754158,0.096536427289048473967684021543985637,EUR,,
SOL,,2024-08-22 06:08:50,DEBIT,-0.00076128,-0.097394636983842010771992818671454219,EUR,,
USDC,,2024-08-22 15:37:00,LOAN,3754.75083004,3379.613708406840684068406840684068407216,EUR,,
ETH,,2024-08-22 15:37:08,CREDIT,1.8,4213.911791179117911791179117911791179118,EUR,,
ETH,,2024-08-22 15:37:08,EXCHANGE_FEE,-0.00171002,-4.003263022862286228622862286228622862,EUR,,
USDC,,2024-08-22 15:37:08,DEBIT,-4683.813901,-4215.854096309630963096309630963096310099,EUR,,
USDC,,2024-08-23 11:06:55,CREDIT,4765.889629,4289.3006661,EUR,,
ETH,,2024-08-23 11:06:55,DEBIT,-1.79,-4290.602610261026102610261026102610261026,EUR,,
USDC,,2024-08-23 11:06:55,EXCHANGE_FEE,-4.52759516,-4.074835644,EUR,,
USDC,,2024-08-23 11:06:58,LOAN_REPAYMENT,-3755.41783236,-3379.876049124,EUR,,
ETH,,2024-08-23 17:47:00,LOAN,1.58905987,3866.172723210366398570151921358355674709,EUR,,
USDC,,2024-08-23 17:47:20,CREDIT,4347.482427,3885.149621983914209115281501340482572709,EUR,,
ETH,,2024-08-23 17:47:20,DEBIT,-1.6,-3845.890974084003574620196604110813226094,EUR,,
USDC,,2024-08-23 17:47:20,EXCHANGE_FEE,-4.13010831,-3.69089214477211796246648793565683646,EUR,,
ETH,,2024-08-23 19:19:00,CREDIT,1.6,3910.334226988382484361036639857015192136,EUR,,
ETH,,2024-08-23 19:19:00,EXCHANGE_FEE,-0.00152003,-3.714890834405719392314566577301161752,EUR,,
USDC,,2024-08-23 19:19:00,DEBIT,-4386.208962,-3919.75778552278820375335120643431635286,EUR,,
ETH,,2024-08-23 19:19:02,LOAN_REPAYMENT,-1.58906917,-3896.769665718051831992850759606791778374,EUR,,
ETH,,2024-08-23 22:28:00,LOAN,0.3905892,972.396225225,EUR,,
ETH,,2024-08-23 22:30:00,LOAN,0.2,497.867857142857142857142857142857142857,EUR,,
ETH,,2024-08-23 22:31:00,LOAN,0.8,1991.471428571428571428571428571428571429,EUR,,
USDC,,2024-08-23 22:34:33,CREDIT,559,499.057232142857142857142857142857142937,EUR,,
ETH,,2024-08-23 22:34:33,DEBIT,-0.2,-499.544642857142857142857142857142857143,EUR,,
USDC,,2024-08-23 22:34:33,EXCHANGE_FEE,-559,-0.499057232142857142857142857142857143,EUR,,
ETH,,2024-08-24 05:16:27,LOAN_REPAYMENT,-0.9,-2210.9625,EUR,,
ETH,,2024-08-24 05:16:28,LOAN_REPAYMENT,-0.3,-736.9875,EUR,,
ETH,,2024-08-24 05:17:21,CREDIT,195,479.041875,EUR,,
ETH,,2024-08-24 05:17:21,EXCHANGE_FEE,-0.00018526,-0.4551143475,EUR,,
USDC,,2024-08-24 05:17:21,DEBIT,-536.633982,-479.089570180178571428571428571428571505,EUR,,
ETH,,2024-08-24 05:17:23,LOAN_REPAYMENT,-0.19061069,-468.25898632125,EUR,,
ETH,,2024-08-24 18:34:00,LOAN,0.39579595,988.196470377678571428571428571428571429,EUR,,
USDC,,2024-08-24 18:34:38,CREDIT,1118852,998.87510250000000000000000000000000016,EUR,,
ETH,,2024-08-24 18:34:38,DEBIT,-0.4,-998.692857142857142857142857142857142857,EUR,,
USDC,,2024-08-24 18:34:38,EXCHANGE_FEE,-1.0629094,-0.948931347375,EUR,,
ETH,,2024-08-24 18:35:00,LOAN,0.6,1496.381801962533452274754683318465655664,EUR,,
ETH,,2024-08-24 18:36:00,LOAN,0.4,997.58786797502230151650312221231043711,EUR,,
ETH,,2024-08-24 22:25:41,CREDIT,0.4,981.719892952720785013380909901873327386,EUR,,
ETH,,2024-08-24 22:25:41,EXCHANGE_FEE,-0.00038,-0.932633898305084745762711864406779661,EUR,,
USDC,,2024-08-24 22:25:41,DEBIT,-1101.026472,-982.084183187154326494201605709188225163,EUR,,
ETH,,2024-08-24 22:25:43,LOAN_REPAYMENT,-0.35997332,-883.482422940588760035682426404995539697,EUR,,
ETH,,2024-08-24 22:27:22,LOAN_REPAYMENT,-0.03964668,-97.304836113826940231935771632471008029,EUR,,
ETH,,2024-08-24 22:34:14,LOAN_REPAYMENT,-0.99618912,-2445.684279350579839429081177520071364853,EUR,,
USDC,,2024-08-27 22:46:00,LOAN,168.88295544,151.058099677996422182468694096601073332,EUR,,
USDC,,2024-08-27 22:47:00,LOAN,583.75,522.137745974955277280858676207513416769,EUR,,
ETH,,2024-08-28 01:29:24,CREDIT,0.25,545.338565022421524663677130044843049327,EUR,,
ETH,,2024-08-28 01:29:24,EXCHANGE_FEE,-0.00025,-0.545338565022421524663677130044843049,EUR,,
USDC,,2024-08-28 01:29:24,DEBIT,-606.25,-543.721973094170403587443946188340807425,EUR,,
USDC,,2024-08-28 06:12:28,LOAN_REPAYMENT,-752.63295544,-675.613065924596050269299820466786355207,EUR,,
USDC,,2024-08-28 06:13:07,CREDIT,617.09,553.940754039497307001795332136445242149,EUR,,
ETH,,2024-08-28 06:13:07,DEBIT,-0.25,-554.106019766397124887690925426774483378,EUR,,
USDC,,2024-08-28 06:13:07,EXCHANGE_FEE,-0.5862355,-0.52624371633752244165170556552962298,EUR,,
USDC,,2024-08-28 06:13:09,LOAN_REPAYMENT,-0.06128914,-0.055066612758310871518418688230008985,EUR,,
ETH,,2024-08-28 06:22:58,CREDIT,0.0112,24.830691823899371069182389937106918239,EUR,,
ETH,,2024-08-28 06:22:58,EXCHANGE_FEE,-0.0000112,-0.024830691823899371069182389937106918,EUR,,
EUR,,2024-08-28 06:22:58,DEBIT,-24.826072,-24.826072,EUR,,
BTC,,2024-08-28 06:23:11,CREDIT,0.00187,99.547795058400718778077268643306379155,EUR,,
BTC,,2024-08-28 06:23:11,EXCHANGE_FEE,-0.00000187,-0.099547795058400718778077268643306379,EUR,,
EUR,,2024-08-28 06:23:11,DEBIT,-99.570581,-99.570581,EUR,,
ETH,,2024-08-28 12:11:00,LOAN,0.36643912,834.363076033123312331233123312331233123,EUR,,
USDC,,2024-08-28 12:11:46,CREDIT,935.4895,842.024752475247524752475247524752475341,EUR,,
ETH,,2024-08-28 12:11:46,DEBIT,-0.37,-842.534293429342934293429342934293429343,EUR,,
USDC,,2024-08-28 12:11:46,EXCHANGE_FEE,-0.88871503,-0.799923519351935193519351935193519352,EUR,,
ETH,,2024-08-28 12:12:00,LOAN,0.79,1798.789468946894689468946894689468946895,EUR,,
ETH,,2024-08-28 13:50:28,CREDIT,0.37,835.380738073807380738073807380738073807,EUR,,
ETH,,2024-08-28 13:50:28,EXCHANGE_FEE,-0.0003515,-0.79361170117011701170117011701170117,EUR,,
USDC,,2024-08-28 13:50:28,DEBIT,-929.007432,-836.1066888,EUR,,
ETH,,2024-08-28 13:50:30,LOAN_REPAYMENT,-0.3329858,-752.320122934293429342934293429342934293,EUR,,
ETH,,2024-08-28 13:51:00,LOAN,0.2633373,594.962157272727272727272727272727272727,EUR,,
USDT,,2024-08-29 02:07:56,EARN,0.13838672,0,EUR,0,USD
USDC,,2024-08-29 15:31:12,CREDIT,749.65,677.19060523938572719060523938572719033,EUR,,
ETH,,2024-08-29 15:31:12,DEBIT,-0.29,-677.112014453477868112014453477868112014,EUR,,
USDC,,2024-08-29 15:31:12,EXCHANGE_FEE,-0.74965,-0.67719060523938572719060523938572719,EUR,,
ETH,,2024-08-29 16:55:31,CREDIT,0.29,672.226805054151624548736462093862815884,EUR,,
ETH,,2024-08-29 16:55:31,EXCHANGE_FEE,-0.0002755,-0.638615464801444043321299638989169675,EUR,,
USDC,,2024-08-29 16:55:31,DEBIT,-744.843148,-672.241108303249097472924187725631768754,EUR,,
ETH,,2024-08-29 16:55:33,LOAN_REPAYMENT,-0.26088474,-604.73694916407942238267148014440433213,EUR,,
ETH,,2024-08-29 16:58:00,LOAN,0.27116024,629.529822530685920577617328519855595668,EUR,,
ETH,,2024-08-29 18:45:30,LOAN_REPAYMENT,-1.03449754,-2359.393318014285714285714285714285714286,EUR,,
ETH,,2024-08-29 18:45:42,CREDIT,0.2,455.942186088527551942186088527551942186,EUR,,
ETH,,2024-08-29 18:45:42,EXCHANGE_FEE,-0.00019,-0.433145076784101174345076784101174345,EUR,,
USDC,,2024-08-29 18:45:42,DEBIT,-505.44,-456.58536585365853658536585365853658518,EUR,,
ETH,,2024-08-29 18:45:44,LOAN_REPAYMENT,-0.06263582,-142.854409471428571428571428571428571429,EUR,,
USDC,,2024-08-29 18:46:00,LOAN,1014.27992511,916.242028102981029810298102981029809926,EUR,,
USDC,,2024-08-29 18:47:00,LOAN,735.9,664.769647696476964769647696476964769378,EUR,,
USDC,,2024-08-29 18:48:00,LOAN,246.5,222.450676895306859205776173285198555946,EUR,,
BTC,,2024-08-30 03:25:18,EARN,0.00000001,0,EUR,0,USD
ETH,,2024-08-30 05:16:10,CREDIT,0.1,226.787714543812104787714543812104787714,EUR,,
ETH,,2024-08-30 05:16:10,EXCHANGE_FEE,-0.0001,-0.226787714543812104787714543812104788,EUR,,
USDC,,2024-08-30 05:16:10,DEBIT,-250.5,-226.242005420054200542005420054200542081,EUR,,
ETH,,2024-08-30 14:38:20,CREDIT,0.15,337.918699186991869918699186991869918699,EUR,,
ETH,,2024-08-30 14:38:20,EXCHANGE_FEE,-0.00015,-0.337918699186991869918699186991869919,EUR,,
USDC,,2024-08-30 14:38:20,DEBIT,-373.8,-337.66937669376693766937669376693766924,EUR,,
ETH,,2024-08-30 14:56:08,CREDIT,0.38,847.708943089430894308943089430894308943,EUR,,
ETH,,2024-08-30 14:56:08,EXCHANGE_FEE,-0.00038,-0.847708943089430894308943089430894309,EUR,,
USDC,,2024-08-30 14:56:08,DEBIT,-940.5,-849.508536585365853658536585365853658506,EUR,,
ETH,,2024-08-30 14:59:05,CREDIT,0.1,223.300452488687782805429864253393665158,EUR,,
ETH,,2024-08-30 14:59:05,EXCHANGE_FEE,-0.0001,-0.223300452488687782805429864253393665,EUR,,
USDC,,2024-08-30 14:59:05,DEBIT,-246.5,-222.879238306464737793851717902350813688,EUR,,
ETH,,2024-08-30 15:01:45,CREDIT,0.3,663.95121951219512195121951219512195122,EUR,,
ETH,,2024-08-30 15:01:45,EXCHANGE_FEE,-0.0003,-0.663951219512195121951219512195121951,EUR,,
USDC,,2024-08-30 15:01:45,DEBIT,-735.9,-664.304308943089430894308943089430894289,EUR,,
USDC,,2024-08-30 19:03:51,CREDIT,3105.176033,2812.659450181159420289855072463768117382,EUR,,
ETH,,2024-08-30 19:03:51,DEBIT,-1.23,-2810.778190045248868778280542986425339366,EUR,,
USDC,,2024-08-30 19:03:51,EXCHANGE_FEE,-2.94991723,-2.672026476449275362318840579710144929,EUR,,
USDC,,2024-08-30 19:03:53,LOAN_REPAYMENT,-1997.14966756,-1807.375264760180995475113122171945701195,EUR,,
BTC,,2024-08-31 03:05:10,EARN,0.00000001,0,EUR,0,USD
EURI,,2024-08-31 17:30:59,CREDIT,1000,1000.457332036199095022624434389140271,EUR,,
EUR,,2024-08-31 17:30:59,DEBIT,-1000,-1E+3,EUR,,
BTC,,2024-09-01 03:23:02,EARN,0.00000001,0,EUR,0,USD
BTC,,2024-09-01 10:23:40,CREDIT,0.00019,9.97528568840579710144927536231884058,EUR,,
BTC,,2024-09-01 10:23:40,EXCHANGE_FEE,-0.00000019,-0.009975285688405797101449275362318841,EUR,,
EUR,,2024-09-01 10:23:40,DEBIT,-9.9859174,-9.9859174,EUR,,
ETH,,2024-09-01 10:24:10,CREDIT,0.0022,4.932224637681159420289855072463768116,EUR,,
BNB,,2024-09-01 10:24:10,EXCHANGE_FEE,-0.00000789,-0.003692934510869565217391304347826087,EUR,,
EUR,,2024-09-01 10:24:10,DEBIT,-4.934996,-4.934996,EUR,,
USDT,,2024-09-02 02:06:15,EARN,0.01509934,0,EUR,0,USD
BTC,,2024-09-02 03:04:47,EARN,0.00000001,0,EUR,0,USD
EURI,,2024-09-02 03:06:07,EARN,0.19178,0,EUR,0,USD
ETH,,2024-09-02 14:46:00,LOAN,1.5,3410.596205962059620596205962059620596206,EUR,,
USDC,,2024-09-02 14:46:16,CREDIT,3771.730301,3407.163776874435411020776874435411019394,EUR,,
ETH,,2024-09-02 14:46:16,DEBIT,-1.5,-3410.596205962059620596205962059620596206,EUR,,
USDC,,2024-09-02 14:46:16,EXCHANGE_FEE,-3.58314378,-3.236805582655826558265582655826558264,EUR,,
ETH,,2024-09-02 20:25:08,CREDIT,1.5,3436.761517615176151761517615176151761518,EUR,,
ETH,,2024-09-02 20:25:08,EXCHANGE_FEE,-0.00142501,-3.264946353477868112014453477868112014,EUR,,
USDC,,2024-09-02 20:25:08,DEBIT,-3803.127308,-3435.526023486901535682023486901535680629,EUR,,
ETH,,2024-09-02 20:25:10,LOAN_REPAYMENT,-1.34976068,-3092.537042009394760614272809394760614273,EUR,,
ETH,,2024-09-02 22:05:00,LOAN,0.35118569,807.841293728455284552845528455284552845,EUR,,
USDC,,2024-09-02 22:05:05,CREDIT,1273.87,1150.740740740740740740740740740740740274,EUR,,
ETH,,2024-09-02 22:05:05,DEBIT,-0.5,-1150.64588979223125564588979223125564589,EUR,,
USDC,,2024-09-02 22:05:05,EXCHANGE_FEE,-1.2101765,-1.093203703703703703703703703703703703,EUR,,
ETH,,2024-09-02 22:12:00,LOAN,1,2297.380307136404697380307136404697380307,EUR,,
USDC,,2024-09-02 22:12:03,CREDIT,2543.736344,2297.864809394760614272809394760614271876,EUR,,
ETH,,2024-09-02 22:12:03,DEBIT,-1,-2297.380307136404697380307136404697380307,EUR,,
USDC,,2024-09-02 22:12:03,EXCHANGE_FEE,-2.41654953,-2.182971571815718157181571815718157181,EUR,,
BTC,,2024-09-03 03:00:57,EARN,0.00000001,0,EUR,0,USD
EURI,,2024-09-03 03:01:16,EARN,0.19178,0,EUR,0,USD
ETH,,2024-09-03 12:34:19,CREDIT,1505,3428.496331521739130434782608695652173913,EUR,,
ETH,,2024-09-03 12:34:19,EXCHANGE_FEE,-0.00142976,-3.257094295652173913043478260869565217,EUR,,
USDC,,2024-09-03 12:34:19,DEBIT,-3785.722879,-3429.096810688405797101449275362318842335,EUR,,
ETH,,2024-09-03 12:34:21,LOAN_REPAYMENT,-1.50149602,-3420.514017517934782608695652173913043478,EUR,,
ETH,,2024-09-03 12:54:00,LOAN,0.24792578,564.55953430714932126696832579185520362,EUR,,
ETH,,2024-09-03 12:55:00,LOAN,1.5,3411.71945701357466063348416289592760181,EUR,,
ETH,,2024-09-03 13:47:35,LOAN_REPAYMENT,-1.74792578,-3913.297363929411764705882352941176470588,EUR,,
USDC,,2024-09-03 15:06:00,LOAN,4413.6010186,3997.827009601449275362318840579710146974,EUR,,
ETH,,2024-09-03 15:06:39,CREDIT,2.2531,4995.106373188405797101449275362318840581,EUR,,
ETH,,2024-09-03 15:06:39,EXCHANGE_FEE,-0.00214047,-4.745406479347826086956521739130434783,EUR,,
USDC,,2024-09-03 15:06:39,DEBIT,-5511.918402,-4992.67971195652173913043478260869565473,EUR,,
ETH,,2024-09-03 15:06:42,LOAN_REPAYMENT,-0.00000733,-0.016250556884057971014492753623188406,EUR,,
USDC,,2024-09-03 15:52:06,CREDIT,5489.538716,4976.916333635539437896645512239347234371,EUR,,
ETH,,2024-09-03 15:52:06,DEBIT,-2.25,-4975.06793478260869565217391304347826087,EUR,,
USDC,,2024-09-03 15:52:06,EXCHANGE_FEE,-5.21506179,-4.728070525838621940163191296464188576,EUR,,
USDC,,2024-09-03 15:52:08,LOAN_REPAYMENT,-4413.64746602,-4001.493622864913871260199456029011785682,EUR,,
ETH,,2024-09-03 22:17:00,LOAN,0.49697358,1107.800926171739130434782608695652173913,EUR,,
ETH,,2024-09-03 22:18:00,LOAN,1.25,2787.647192028985507246376811594202898551,EUR,,
BTC,,2024-09-04 03:03:07,EARN,0.00000001,0,EUR,0,USD
EURI,,2024-09-04 03:06:33,EARN,0.19178,0,EUR,0,USD
ETH,,2024-09-04 06:18:52,LOAN_REPAYMENT,-1.74697358,-3747.614047702262443438914027149321266968,EUR,,
BTC,,2024-09-04 06:42:45,CREDIT,0.00097,49.542161322463768115942028985507246377,EUR,,
BTC,,2024-09-04 06:42:45,EXCHANGE_FEE,-0.00000097,-0.049542161322463768115942028985507246,EUR,,
EUR,,2024-09-04 06:42:45,DEBIT,-49.5050946,-49.5050946,EUR,,
ETH,,2024-09-04 06:43:06,CREDIT,0.0127,27.313397644927536231884057971014492754,EUR,,
ETH,,2024-09-04 06:43:06,EXCHANGE_FEE,-0.0000127,-0.027313397644927536231884057971014493,EUR,,
EUR,,2024-09-04 06:43:06,DEBIT,-27.297888,-27.297888,EUR,,
USDT,,2024-09-05 02:04:57,EARN,0.08485559,0,EUR,0,USD
EURI,,2024-09-05 03:01:15,EARN,0.19178,0,EUR,0,USD
BTC,,2024-09-05 03:04:06,EARN,0.00000001,0,EUR,0,USD
ATOM,,2024-09-05 16:30:58,CREDIT,20,70.05405405405405405405405405405405406,EUR,,
ATOM,,2024-09-05 16:30:58,EXCHANGE_FEE,-0.02,-0.070054054054054054054054054054054054,EUR,,
EUR,,2024-09-05 16:30:58,DEBIT,-70,-7E+1,EUR,,
USDT,,2024-09-06 02:04:59,EARN,0.07786,0,EUR,0,USD
BTC,,2024-09-06 03:02:10,EARN,0.00000002,0,EUR,0,USD
EURI,,2024-09-06 03:07:43,EARN,0.19178,0,EUR,0,USD
ETH,,2024-09-06 15:19:30,CREDIT,0.1219,251.193212996389891696750902527075812274,EUR,,
ETH,,2024-09-06 15:19:30,EXCHANGE_FEE,-0.0001219,-0.251193212996389891696750902527075812,EUR,,
EUR,,2024-09-06 15:19:30,DEBIT,-249895,-249895,EUR,,
BTC,,2024-09-06 16:49:11,CREDIT,0.00412,200.606931165311653116531165311653116531,EUR,,
BTC,,2024-09-06 16:49:11,EXCHANGE_FEE,-0.00000412,-0.200606931165311653116531165311653117,EUR,,
EUR,,2024-09-06 16:49:11,DEBIT,-199.82,-199.82,EUR,,
ATOM,,2024-09-06 19:09:35,CREDIT,30,102.14092140921409214092140921409214091,EUR,,
ATOM,,2024-09-06 19:09:35,EXCHANGE_FEE,-0.03,-0.102140921409214092140921409214092141,EUR,,
EUR,,2024-09-06 19:09:35,DEBIT,-102,-102,EUR,,
ATOM,,2024-09-06 19:52:41,WITHDRAWAL,-49.95,-169.234927797833935018050541516245487342,EUR,,
USDC,,2024-09-06 21:48:00,LOAN,3833.1966594,3465.473182399692585895117540687160940007,EUR,,
ETH,,2024-09-06 21:48:33,CREDIT,2.2,4394.88788426763110307414104882459312839,EUR,,
ETH,,2024-09-06 21:48:33,EXCHANGE_FEE,-0.00209002,-4.17518344358047016274864376130198915,EUR,,
USDC,,2024-09-06 21:48:33,DEBIT,-4868.006474,-4401.012362886618444846292947558770343176,EUR,,
ETH,,2024-09-06 21:48:35,LOAN_REPAYMENT,-0.00003298,-0.065883364737793851717902350813743219,EUR,,
USDT,,2024-09-07 02:05:18,EARN,0.61216084,0,EUR,0,USD
EURI,,2024-09-07 03:04:42,EARN,0.19178,0,EUR,0,USD
BTC,,2024-09-07 03:05:24,EARN,0.00000002,0,EUR,0,USD
USDC,,2024-09-07 07:30:18,CREDIT,5033.6,4547.064137308039747064137308039747062291,EUR,,
ETH,,2024-09-07 07:30:18,DEBIT,-2.2,-4555.331526648599819331526648599819331526,EUR,,
USDC,,2024-09-07 07:30:18,EXCHANGE_FEE,-5.0336,-4.547064137308039747064137308039747062,EUR,,
USDC,,2024-09-07 07:30:20,LOAN_REPAYMENT,-3833.71639759,-3463.158444074074074074074074074074072668,EUR,,
BTC,,2024-09-08 03:06:25,EARN,0.00000004,0,EUR,0,USD
EURI,,2024-09-08 03:07:35,EARN,0.19178,0,EUR,0,USD
EURI,,2024-09-09 03:06:50,EARN,0.19178,0,EUR,0,USD
BTC,,2024-09-09 03:07:33,EARN,0.00000004,0,EUR,0,USD
BTC,,2024-09-10 03:24:29,EARN,0.00000004,0,EUR,0,USD
EURI,,2024-09-10 03:26:54,EARN,0.19178,0,EUR,0,USD
BTC,,2024-09-11 04:04:15,EARN,0.00000004,0,EUR,0,USD
EURI,,2024-09-11 04:05:43,EARN,0.19178,0,EUR,0,USD
USDC,,2024-09-11 13:58:00,LOAN,2406.54002942,2185.776593478655767484105358764759310628,EUR,,
ETH,,2024-09-11 13:58:25,CREDIT,0.6,1247.095367847411444141689373297002724796,EUR,,
ETH,,2024-09-11 13:58:25,EXCHANGE_FEE,-0.00057,-1.184740599455040871934604904632152589,EUR,,
USDC,,2024-09-11 13:58:25,DEBIT,-1373814,-1247.78746594005449591280653950953678526,EUR,,
USDC,,2024-09-11 13:59:00,LOAN,2230,2025.43142597638510445049954586739327968,EUR,,
USDC,,2024-09-11 15:35:26,LOAN_REPAYMENT,-1133.70579971,-1029.705540154405086285195277020890100338,EUR,,
USDC,,2024-09-11 15:35:27,LOAN_REPAYMENT,-3360,-3051.77111716621253405994550408719346176,EUR,,
ETH,,2024-09-11 15:36:00,LOAN,0.00057,1.19953160762942779291553133514986376,EUR,,
USDC,,2024-09-11 15:36:13,CREDIT,1389012,1261.591280653950953678474114441416894258,EUR,,
ETH,,2024-09-11 15:36:13,DEBIT,-0.6,-1261.694822888283378746594005449591280654,EUR,,
USDC,,2024-09-11 15:36:13,EXCHANGE_FEE,-1.3195614,-1.19851171662125340599455040871934605,EUR,,
USDC,,2024-09-11 15:36:15,LOAN_REPAYMENT,-142.95366331,-129.839839518619436875567665758401453278,EUR,,
ETH,,2024-09-11 17:09:00,LOAN,1.4,2993.637023593466424682395644283121597096,EUR,,
USDC,,2024-09-11 17:09:17,CREDIT,1648.71,1496.107078039927404718693284936479129635,EUR,,
ETH,,2024-09-11 17:09:17,DEBIT,-0.7,-1496.982742960944595821980018165304268846,EUR,,
USDC,,2024-09-11 17:09:17,EXCHANGE_FEE,-1.5662745,-1.421301724137931034482758620689655173,EUR,,
ETH,,2024-09-11 19:20:23,LOAN_REPAYMENT,-0.7,-1485.861161524500907441016333938294010889,EUR,,
ETH,,2024-09-11 19:24:16,CREDIT,702,1488.469328493647912885662431941923774954,EUR,,
ETH,,2024-09-11 19:24:16,EXCHANGE_FEE,-0.000702,-1.488469328493647912885662431941923775,EUR,,
USDC,,2024-09-11 19:24:16,DEBIT,-1640574,-1488.724137931034482758620689655172414567,EUR,,
ETH,,2024-09-11 19:24:18,LOAN_REPAYMENT,-0.70057801,-1485.454245159709618874773139745916515426,EUR,,
EURI,,2024-09-12 03:02:24,EARN,0.19178,0,EUR,0,USD
BTC,,2024-09-12 03:03:08,EARN,0.00000004,0,EUR,0,USD
BTC,,2024-09-13 03:01:05,EARN,0.00000004,0,EUR,0,USD
EURI,,2024-09-13 03:03:37,EARN,0.19178,0,EUR,0,USD
ETH,,2024-09-13 13:52:00,LOAN,2,4246.943192064923354373309287646528403968,EUR,,
USDC,,2024-09-13 13:52:24,CREDIT,4707.62,4244.923354373309287646528403967538320895,EUR,,
ETH,,2024-09-13 13:52:24,DEBIT,-2,-4246.943192064923354373309287646528403968,EUR,,
USDC,,2024-09-13 13:52:24,EXCHANGE_FEE,-4.47223901,-4.0326771956717763751127141568981064,EUR,,
ETH,,2024-09-13 15:25:17,CREDIT,2005,4313.479981965734896302975653742110009016,EUR,,
ETH,,2024-09-13 15:25:17,EXCHANGE_FEE,-0.00190479,-4.097892037330928764652840396753832281,EUR,,
USDC,,2024-09-13 15:25:17,DEBIT,-4787.199111,-4316.68089359783588818755635707844905125,EUR,,
ETH,,2024-09-13 15:25:19,LOAN_REPAYMENT,-2.00001287,-4302.750862054283137962128043282236248872,EUR,,
ETH,,2024-09-13 15:33:00,LOAN,1.89691766,4116.499474537781785392245266005410279531,EUR,,
USDC,,2024-09-13 15:33:22,CREDIT,4572.380316,4122.975938683498647430117222723174028795,EUR,,
ETH,,2024-09-13 15:33:22,DEBIT,-1.9,-4123.188458070333633904418394950405770965,EUR,,
USDC,,2024-09-13 15:33:22,EXCHANGE_FEE,-4.3437613,-3.916827141568981064021641118124436427,EUR,,
BTC,,2024-09-14 03:06:43,EARN,0.00000004,0,EUR,0,USD
EURI,,2024-09-14 03:07:58,EARN,0.19178,0,EUR,0,USD
EURI,,2024-09-15 03:01:15,EARN,0.19178,0,EUR,0,USD
BTC,,2024-09-15 03:06:28,EARN,0.00000004,0,EUR,0,USD
ETH,,2024-09-15 18:51:33,CREDIT,1905,4076.6656137184115523465703971119133574,EUR,,
ETH,,2024-09-15 18:51:33,EXCHANGE_FEE,-0.00180975,-3.87283233303249097472924187725631769,EUR,,
USDC,,2024-09-15 18:51:33,DEBIT,-4520.16495,-4079.571254512635379061371841155234655832,EUR,,
ETH,,2024-09-15 18:51:35,LOAN_REPAYMENT,-1.89712776,-4063.722999123465703971119133574007220216,EUR,,
ETH,,2024-09-15 23:15:47,CREDIT,0.5,1044.229035166816952209197475202885482416,EUR,,
ETH,,2024-09-15 23:15:47,EXCHANGE_FEE,-0.000475,-0.992017583408476104598737601442741208,EUR,,
USDC,,2024-09-15 23:15:47,DEBIT,-1153865,-1040.455365193868349864743011722272316933,EUR,,
USDC,,2024-09-15 23:16:00,LOAN,2896.94204423,2612.211040784490532010820559062218213427,EUR,,
USDC,,2024-09-15 23:17:32,LOAN_REPAYMENT,-2896.94204423,-2612.211040784490532010820559062218213427,EUR,,
EURI,,2024-09-16 03:02:40,EARN,0.19178,0,EUR,0,USD
BTC,,2024-09-16 03:03:31,EARN,0.00000004,0,EUR,0,USD
USDC,,2024-09-16 06:05:00,CREDIT,1537.85204423,1385.31374686988918918918918918918918948,EUR,,
ETH,,2024-09-16 06:05:25,CREDIT,0.5,1031.662162162162162162162162162162162162,EUR,,
ETH,,2024-09-16 06:05:25,EXCHANGE_FEE,-0.000475,-0.980079054054054054054054054054054054,EUR,,
USDC,,2024-09-16 06:05:25,DEBIT,-1144.91,-1031.347305405405405405405405405405405622,EUR,,
USDC,,2024-09-16 06:06:00,LOAN,676.5,609.337567567567567567567567567567567756,EUR,,
ETH,,2024-09-16 06:13:00,LOAN,0.00988751,20.464918783333333333333333333333333333,EUR,,
USDC,,2024-09-16 08:25:03,CREDIT,2367995,2129.491906474820143884892086330935251049,EUR,,
ETH,,2024-09-16 08:25:03,DEBIT,-1015,-2129.072032374100719424460431654676258993,EUR,,
USDC,,2024-09-16 08:25:03,EXCHANGE_FEE,-2.367995,-2.129491906474820143884892086330935251,EUR,,
USDC,,2024-09-16 08:25:05,LOAN_REPAYMENT,-2214.43130823,-1991.395061357913669064748201438848920162,EUR,,
ETH,,2024-09-16 08:59:35,CREDIT,0.03,62.473111510791366906474820143884892086,EUR,,
ETH,,2024-09-16 08:59:35,EXCHANGE_FEE,-0.0000285,-0.059349455935251798561151079136690647,EUR,,
USDC,,2024-09-16 08:59:35,DEBIT,-69.4665,-62.469874100719424460431654676258992784,EUR,,
ETH,,2024-09-16 08:59:37,LOAN_REPAYMENT,-0.0098876,-20.586795687084226690647482014388489209,EUR,,
ETH,,2024-09-16 13:54:00,LOAN,1,2070.350404312668463611859838274932614555,EUR,,
USDC,,2024-09-16 13:54:28,CREDIT,1151.48,1034.469768194070080862533692722371967683,EUR,,
ETH,,2024-09-16 13:54:28,DEBIT,-0.5,-1034.398023360287511230907457322551662174,EUR,,
USDC,,2024-09-16 13:54:28,EXCHANGE_FEE,-1.093906,-0.982746279784366576819407008086253369,EUR,,
ETH,,2024-09-16 13:55:00,LOAN,0.5,1035.004492362982929020664869721473495058,EUR,,
ETH,,2024-09-16 13:56:00,LOAN,0.5,1035.004492362982929020664869721473495058,EUR,,
ETH,,2024-09-16 13:56:01,LOAN_REPAYMENT,-0.5,-1035.004492362982929020664869721473495058,EUR,,
ETH,,2024-09-16 15:15:30,LOAN_REPAYMENT,-1,-2055.539568345323741007194244604316546763,EUR,,
ETH,,2024-09-16 15:22:00,LOAN,1.5,3091.672661870503597122302158273381294964,EUR,,
USDC,,2024-09-16 15:22:47,CREDIT,3437.371049,3091.161015287769784172661870503597121214,EUR,,
ETH,,2024-09-16 15:22:47,DEBIT,-1.5,-3090.87679856115107913669064748201438849,EUR,,
USDC,,2024-09-16 15:22:47,EXCHANGE_FEE,-3.2655025,-2.93660296762589928057553956834532374,EUR,,
ETH,,2024-09-16 17:18:29,CREDIT,2015,4121.317699910152740341419586702605570529,EUR,,
ETH,,2024-09-16 17:18:29,EXCHANGE_FEE,-0.002015,-4.121317699910152740341419586702605571,EUR,,
USDC,,2024-09-16 17:18:29,DEBIT,-4586.14,-4120.521114106019766397124887690925426115,EUR,,
ETH,,2024-09-16 17:18:31,LOAN_REPAYMENT,-2.00002249,-4090.683914766936208445642407906558849954,EUR,,
ETH,,2024-09-16 17:21:59,CREDIT,0.5,1024.019784172661870503597122302158273382,EUR,,
ETH,,2024-09-16 17:21:59,EXCHANGE_FEE,-0.000475,-0.97281879496402877697841726618705036,EUR,,
USDC,,2024-09-16 17:21:59,DEBIT,-1138235,-1023.592625899280575539568345323741006834,EUR,,
USDC,,2024-09-16 17:22:00,LOAN,2399.15416273,2157.512736267985611510791366906474819384,EUR,,
USDC,,2024-09-16 17:23:05,LOAN_REPAYMENT,-2399.15416273,-2157.512736267985611510791366906474819384,EUR,,
USDC,,2024-09-16 17:24:00,LOAN,4531.39950435,4074.999554271582733812949640287769782738,EUR,,
ETH,,2024-09-16 17:24:09,CREDIT,2,4094.375561545372866127583108715184186882,EUR,,
ETH,,2024-09-16 17:24:09,EXCHANGE_FEE,-0.00190001,-3.889677255345911949685534591194968553,EUR,,
USDC,,2024-09-16 17:24:09,DEBIT,-4560.861804,-4097.399566774123989218328840970350404423,EUR,,
USDC,,2024-09-16 17:46:05,CREDIT,5748094,5173.801980198019801980198019801980198594,EUR,,
ETH,,2024-09-16 17:46:05,DEBIT,-2497,-5164.164262589928057553956834532374100719,EUR,,
USDC,,2024-09-16 17:46:05,EXCHANGE_FEE,-5.748094,-5.173801980198019801980198019801980199,EUR,,
USDC,,2024-09-16 17:46:07,LOAN_REPAYMENT,-4531.45756022,-4078.719676165616561656165616561656166069,EUR,,
USDC,,2024-09-16 21:11:00,LOAN,4492.71039776,4036.577176783468104222821203953279424332,EUR,,
ETH,,2024-09-16 21:11:36,CREDIT,2.5,5122.52920035938903863432165318957771788,EUR,,
ETH,,2024-09-16 21:11:36,EXCHANGE_FEE,-0.002375,-4.866402740341419586702605570530098832,EUR,,
USDC,,2024-09-16 21:11:36,DEBIT,-5703525,-5124.460916442048517520215633423180592172,EUR,,
EURI,,2024-09-17 03:03:46,EARN,0.19178,0,EUR,0,USD
BTC,,2024-09-17 03:05:29,EARN,0.00000004,0,EUR,0,USD
USDC,,2024-09-17 07:58:02,CREDIT,5752.12378,5167.608775940700808625336927223719676689,EUR,,
ETH,,2024-09-17 07:58:02,DEBIT,-2.49,-5167.274489622264150943396226415094339622,EUR,,
USDC,,2024-09-17 07:58:02,EXCHANGE_FEE,-5.46451759,-4.909228336245283018867924528301886793,EUR,,
USDC,,2024-09-17 07:58:04,LOAN_REPAYMENT,-4493.1243777,-4036.545431502452830188679245283018868034,EUR,,
ETH,,2024-09-17 15:18:00,LOAN,2,4294.65827338129496402877697841726618705,EUR,,
USDC,,2024-09-17 15:18:34,CREDIT,4765.2,4285.251798561151079136690647482014386981,EUR,,
ETH,,2024-09-17 15:18:34,DEBIT,-2,-4294.65827338129496402877697841726618705,EUR,,
USDC,,2024-09-17 15:18:34,EXCHANGE_FEE,-4.52694,-4.070989208633093525179856115107913668,EUR,,
ETH,,2024-09-17 15:24:00,LOAN,0.41,879.991996402877697841726618705035971223,EUR,,
USDC,,2024-09-17 15:24:35,CREDIT,1193615,1073.394784172661870503597122302158273003,EUR,,
ETH,,2024-09-17 15:24:35,DEBIT,-0.5,-1073.160971223021582733812949640287769784,EUR,,
USDC,,2024-09-17 15:24:35,EXCHANGE_FEE,-1.13393425,-1.019725044964028776978417266187050359,EUR,,
ETH,,2024-09-17 16:45:04,CREDIT,2.45,5227.951888489208633093525179856115107915,EUR,,
ETH,,2024-09-17 16:45:04,EXCHANGE_FEE,-0.0023275,-4.966554294064748201438848920863309353,EUR,,
USDC,,2024-09-17 16:45:04,DEBIT,-5814.569632,-5228.929525179856115107913669064748199598,EUR,,
ETH,,2024-09-17 16:45:06,LOAN_REPAYMENT,-2.41001039,-5152.740919453956834532374100719424460432,EUR,,
ETH,,2024-09-17 16:47:42,CREDIT,52,110.960611510791366906474820143884892086,EUR,,
ETH,,2024-09-17 16:47:42,EXCHANGE_FEE,-0.0000494,-0.105412580935251798561151079136690647,EUR,,
USDC,,2024-09-17 16:47:42,DEBIT,-123.47972,-111.042913669064748201438848920863309313,EUR,,
EURI,,2024-09-18 05:02:40,EARN,0.19178,0,EUR,0,USD
BTC,,2024-09-18 05:03:31,EARN,0.00000004,0,EUR,0,USD
EURI,,2024-09-19 03:05:18,EARN,0.19178,0,EUR,0,USD
BTC,,2024-09-19 03:08:11,EARN,0.00000004,0,EUR,0,USD
ETH,,2024-09-19 10:45:00,LOAN,2,4348.719785138764547896150402864816472694,EUR,,
USDC,,2024-09-19 10:45:27,CREDIT,4856.74,4348.02148612354521038495971351835273042,EUR,,
ETH,,2024-09-19 10:45:27,DEBIT,-2,-4348.719785138764547896150402864816472694,EUR,,
USDC,,2024-09-19 10:45:27,EXCHANGE_FEE,-4.613903,-4.130620411817367949865711727842435094,EUR,,
ETH,,2024-09-19 12:07:05,CREDIT,2.01,4410.130913978494623655913978494623655914,EUR,,
ETH,,2024-09-19 12:07:05,EXCHANGE_FEE,-0.00190955,-4.189734073028673835125448028673835125,EUR,,
USDC,,2024-09-19 12:07:05,DEBIT,-4930.24317,-4417.780618279569892473118279569892471404,EUR,,
ETH,,2024-09-19 12:07:08,LOAN_REPAYMENT,-2.00001275,-4390.350568951612903225806451612903225806,EUR,,
ETH,,2024-09-19 13:30:00,LOAN,1.9919223,4371.025615617250673854447439353099730458,EUR,,
USDC,,2024-09-19 13:30:31,CREDIT,4892.450073,4395.732320754716981132075471698113206844,EUR,,
ETH,,2024-09-19 13:30:31,DEBIT,-2,-4388.751123090745732255166217430368373764,EUR,,
USDC,,2024-09-19 13:30:31,EXCHANGE_FEE,-4.64782757,-4.175945705300988319856244384546271338,EUR,,
ETH,,2024-09-19 16:30:30,CREDIT,2005,4439.332302867383512544802867383512544802,EUR,,
ETH,,2024-09-19 16:30:30,EXCHANGE_FEE,-0.00190476,-4.217387829032258064516129032258064516,EUR,,
USDC,,2024-09-19 16:30:30,DEBIT,-4942.748662,-4432.958441255605381165919282511210764371,EUR,,
ETH,,2024-09-19 16:30:32,LOAN_REPAYMENT,-1.99193922,-4401.113780655605381165919282511210762332,EUR,,
ETH,,2024-09-19 18:26:00,LOAN,1.88884398,4205.961329802150537634408602150537634408,EUR,,
USDC,,2024-09-19 18:26:54,CREDIT,4722165,4231.330645161290322580645161290322579003,EUR,,
ETH,,2024-09-19 18:26:54,DEBIT,-1.9,-4230.802867383512544802867383512544802867,EUR,,
USDC,,2024-09-19 18:26:54,EXCHANGE_FEE,-4.48605675,-4.01976411290322580645161290322580645,EUR,,
ETH,,2024-09-19 22:18:18,CREDIT,1.9,4187.746415770609318996415770609318996416,EUR,,
ETH,,2024-09-19 22:18:18,EXCHANGE_FEE,-0.001805,-3.978359094982078853046594982078853047,EUR,,
USDC,,2024-09-19 22:18:18,DEBIT,-4673905,-4188.086917562724014336917562724014335293,EUR,,
ETH,,2024-09-19 22:18:20,LOAN_REPAYMENT,-1.88886438,-4163.202651169354838709677419354838709678,EUR,,
EURI,,2024-09-20 03:23:45,EARN,0.19178,0,EUR,0,USD
BTC,,2024-09-20 03:26:53,EARN,0.00000004,0,EUR,0,USD
ETH,,2024-09-20 17:00:00,LOAN,1.9,4333.699463327370304114490161001788908766,EUR,,
USDC,,2024-09-20 17:00:44,CREDIT,4845.395281,4333.985045617173524150268336314847942365,EUR,,
ETH,,2024-09-20 17:00:44,DEBIT,-1.9,-4335.874776386404293381037567084078711986,EUR,,
USDC,,2024-09-20 17:00:44,EXCHANGE_FEE,-4.60312552,-4.117285796064400715563506261180679785,EUR,,
BTC,,2024-09-21 03:02:58,EARN,0.00000004,0,EUR,0,USD
EURI,,2024-09-21 03:03:35,EARN,0.19178,0,EUR,0,USD
ETH,,2024-09-21 23:20:08,CREDIT,1905,4429.50941704035874439461883408071748879,EUR,,
ETH,,2024-09-21 23:20:08,EXCHANGE_FEE,-0.00180977,-4.208080450224215246636771300448430493,EUR,,
USDC,,2024-09-21 23:20:08,DEBIT,-4938.344963,-4429.008935426008968609865470852017939257,EUR,,
ETH,,2024-09-21 23:20:10,LOAN_REPAYMENT,-1.90012742,-4418.179685284304932735426008968609865471,EUR,,
ETH,,2024-09-21 23:54:00,LOAN,1.7,3985.836771300448430493273542600896860986,EUR,,
USDC,,2024-09-21 23:54:15,CREDIT,4445.782468,3987.248850224215246636771300448430495108,EUR,,
ETH,,2024-09-21 23:54:15,DEBIT,-1.7,-3985.836771300448430493273542600896860986,EUR,,
USDC,,2024-09-21 23:54:15,EXCHANGE_FEE,-4.22349334,-3.787886403587443946188340807174887894,EUR,,
ETH,,2024-09-22 00:07:00,LOAN,0.04557321,107.253854545161290322580645161290322581,EUR,,
USDC,,2024-09-22 00:07:26,CREDIT,657.1475,588.841845878136200716845878136200716617,EUR,,
ETH,,2024-09-22 00:07:26,DEBIT,-0.25,-588.360215053763440860215053763440860215,EUR,,
USDC,,2024-09-22 00:07:26,EXCHANGE_FEE,-0.62429013,-0.559399758064516129032258064516129032,EUR,,
ETH,,2024-09-22 00:10:00,LOAN,0.25,588.715246636771300448430493273542600897,EUR,,
USDC,,2024-09-22 00:10:08,CREDIT,657.1475,588.782961693548387096774193548387096944,EUR,,
ETH,,2024-09-22 00:10:08,DEBIT,-0.25,-588.715246636771300448430493273542600897,EUR,,
USDC,,2024-09-22 00:10:08,EXCHANGE_FEE,-0.62429013,-0.55934381808870967741935483870967742,EUR,,
ETH,,2024-09-22 00:15:00,LOAN,0.5,1175.957923008057296329453894359892569382,EUR,,
USDC,,2024-09-22 00:15:16,CREDIT,1310.878296,1174.622129032258064516129032258064515673,EUR,,
ETH,,2024-09-22 00:15:16,DEBIT,-0.5,-1175.957923008057296329453894359892569382,EUR,,
USDC,,2024-09-22 00:15:16,EXCHANGE_FEE,-1.24533438,-1.115891021505376344086021505376344086,EUR,,
ETH,,2024-09-22 02:11:49,CREDIT,2705,6286.773879928315412186379928315412186379,EUR,,
ETH,,2024-09-22 02:11:49,EXCHANGE_FEE,-0.002705,-6.286773879928315412186379928315412186,EUR,,
USDC,,2024-09-22 02:11:49,DEBIT,-7016.77,-6287.428315412186379928315412186379925876,EUR,,
ETH,,2024-09-22 02:11:51,LOAN_REPAYMENT,-2.49559299,-5800.084593147580645161290322580645161289,EUR,,
EURI,,2024-09-22 03:01:17,EARN,0.19178,0,EUR,0,USD
BTC,,2024-09-22 03:05:50,EARN,0.00000004,0,EUR,0,USD
BTC,,2024-09-23 03:03:42,EARN,0.00000004,0,EUR,0,USD
EURI,,2024-09-23 03:06:29,EARN,0.19178,0,EUR,0,USD
ETH,,2024-09-23 19:40:00,LOAN,1.5,3609.09172661870503597122302158273381295,EUR,,
USDC,,2024-09-23 19:40:10,CREDIT,4010.4,3606.474820143884892086330935251798559882,EUR,,
ETH,,2024-09-23 19:40:10,DEBIT,-1.5,-3608.821942446043165467625899280575539568,EUR,,
USDC,,2024-09-23 19:40:10,EXCHANGE_FEE,-3.80988,-3.426151079136690647482014388489208632,EUR,,
ETH,,2024-09-23 19:41:00,LOAN,0.2,481.212230215827338129496402877697841727,EUR,,
USDC,,2024-09-23 19:41:32,CREDIT,535086,481.192446043165467625899280575539568176,EUR,,
ETH,,2024-09-23 19:41:32,DEBIT,-0.2,-481.176258992805755395683453237410071942,EUR,,
USDC,,2024-09-23 19:41:32,EXCHANGE_FEE,-0.5083317,-0.45713282374100719424460431654676259,EUR,,
ETH,,2024-09-23 21:43:10,CREDIT,705,1683.065346534653465346534653465346534653,EUR,,
ETH,,2024-09-23 21:43:10,EXCHANGE_FEE,-0.00066975,-1.598912079207920792079207920792079208,EUR,,
USDC,,2024-09-23 21:43:10,DEBIT,-1871.54235,-1684.556570657065706570657065706570657253,EUR,,
ETH,,2024-09-23 21:43:12,LOAN_REPAYMENT,-0.70433025,-1681.81511279702970297029702970297029703,EUR,,
ETH,,2024-09-24 00:43:34,CREDIT,1.02,2427.508190819081908190819081908190819082,EUR,,
ETH,,2024-09-24 00:43:34,EXCHANGE_FEE,-0.00096901,-2.306156580378037803780378037803780378,EUR,,
USDC,,2024-09-24 00:43:34,DEBIT,-2697.293532,-2427.806959495949594959495949594959496219,EUR,,
ETH,,2024-09-24 00:43:36,LOAN_REPAYMENT,-0.99568701,-2369.645463007020702070207020702070207021,EUR,,
EURI,,2024-09-24 03:26:34,EARN,0.19178,0,EUR,0,USD
BTC,,2024-09-24 03:27:21,EARN,0.00000004,0,EUR,0,USD
ETH,,2024-09-24 13:58:00,LOAN,1.7,4027.289308176100628930817610062893081761,EUR,,
USDC,,2024-09-24 13:58:01,CREDIT,4488017,4032.360287511230907457322551662174303039,EUR,,
ETH,,2024-09-24 13:58:01,DEBIT,-1.7,-4027.289308176100628930817610062893081761,EUR,,
USDC,,2024-09-24 13:58:01,EXCHANGE_FEE,-4.26361615,-3.830742273135669362084456424079065588,EUR,,
ETH,,2024-09-24 14:31:31,CREDIT,1.75,4080.683243727598566308243727598566308243,EUR,,
ETH,,2024-09-24 14:31:31,EXCHANGE_FEE,-0.00166251,-3.876672399731182795698924731182795699,EUR,,
USDC,,2024-09-24 14:31:31,DEBIT,-4555.377077,-4081.879101254480286738351254480286736767,EUR,,
ETH,,2024-09-24 14:31:33,LOAN_REPAYMENT,-1.52974922,-3567.098290948207885304659498207885304659,EUR,,
ETH,,2024-09-24 14:31:48,LOAN_REPAYMENT,-0.0499525,-116.480188418458781362007168458781362007,EUR,,
ETH,,2024-09-24 14:32:12,LOAN_REPAYMENT,-0.12030538,-280.530370455017921146953405017921146953,EUR,,
ETH,,2024-09-24 22:29:00,LOAN,1.6,3806.268336314847942754919499105545617173,EUR,,
USDC,,2024-09-24 22:29:23,CREDIT,4255552,3806.397137745974955277280858676207513074,EUR,,
ETH,,2024-09-24 22:29:23,DEBIT,-1.6,-3806.268336314847942754919499105545617173,EUR,,
USDC,,2024-09-24 22:29:23,EXCHANGE_FEE,-4.0427744,-3.616077280858676207513416815742397137,EUR,,
EURI,,2024-09-25 03:01:22,EARN,0.19178,0,EUR,0,USD
BTC,,2024-09-25 03:08:13,EARN,0.00000004,0,EUR,0,USD
ETH,,2024-09-25 06:13:33,CREDIT,1.6055,3764.890326184092940125111706881143878462,EUR,,
ETH,,2024-09-25 06:13:33,EXCHANGE_FEE,-0.00152523,-3.576657534852546916890080428954423592,EUR,,
USDC,,2024-09-25 06:13:33,DEBIT,-4212.9948,-3764.58757865951742627345844504021447728,EUR,,
ETH,,2024-09-25 06:13:35,LOAN_REPAYMENT,-1.59897952,-3749.599829719392314566577301161751563896,EUR,,
ETH,,2024-09-25 06:13:53,LOAN_REPAYMENT,-0.00105051,-2.463441256032171581769436997319034853,EUR,,
EURI,,2024-09-26 03:01:29,EARN,0.19178,0,EUR,0,USD
BTC,,2024-09-26 03:02:24,EARN,0.00000004,0,EUR,0,USD
ETH,,2024-09-26 22:02:00,LOAN,1.6,3783.012522361359570661896243291592128802,EUR,,
USDC,,2024-09-26 22:02:26,CREDIT,4227.317041,3781.142254919499105545617173524150267996,EUR,,
ETH,,2024-09-26 22:02:26,DEBIT,-1.6,-3781.810375670840787119856887298747763864,EUR,,
USDC,,2024-09-26 22:02:26,EXCHANGE_FEE,-4.01595119,-3.592085143112701252236135957066189624,EUR,,
ETH,,2024-09-26 22:03:00,LOAN,0.08,189.303041144901610017889087656529516995,EUR,,
USDC,,2024-09-26 22:03:39,CREDIT,264.41,236.479033094812164579606440071556350532,EUR,,
ETH,,2024-09-26 22:03:39,DEBIT,-0.1,-236.417710196779964221824686940966010734,EUR,,
USDC,,2024-09-26 22:03:39,EXCHANGE_FEE,-0.2511895,-0.224655081440071556350626118067978533,EUR,,
ETH,,2024-09-26 22:04:00,LOAN,0.24,567.909123434704830053667262969588550984,EUR,,
USDC,,2024-09-26 22:04:34,CREDIT,793236,709.442465474060822898032200357781752848,EUR,,
ETH,,2024-09-26 22:04:34,DEBIT,-0.3,-709.2531305903398926654740608228980322,EUR,,
USDC,,2024-09-26 22:04:34,EXCHANGE_FEE,-0.7535742,-0.673970342200357781753130590339892665,EUR,,
EURI,,2024-09-27 03:25:41,EARN,0.19178,0,EUR,0,USD
BTC,,2024-09-27 03:26:30,EARN,0.00000004,0,EUR,0,USD
ETH,,2024-09-27 14:23:01,CREDIT,2005,4820.080920464700625558534405719392314566,EUR,,
ETH,,2024-09-27 14:23:01,EXCHANGE_FEE,-0.00190475,-4.579076874441465594280607685433422699,EUR,,
USDC,,2024-09-27 14:23:01,DEBIT,-5383.881032,-4811.332468275245755138516532618409292752,EUR,,
ETH,,2024-09-27 14:23:03,LOAN_REPAYMENT,-1.92007132,-4615.909793248614834673815907059874888293,EUR,,
ETH,,2024-09-27 17:57:00,LOAN,1.81697607,4397.879865631451612903225806451612903226,EUR,,
USDC,,2024-09-27 17:57:39,CREDIT,5127.602908,4594.626261648745519713261648745519711479,EUR,,
ETH,,2024-09-27 17:57:39,DEBIT,-1.9,-4597.795698924731182795698924731182795699,EUR,,
USDC,,2024-09-27 17:57:39,EXCHANGE_FEE,-4.87122276,-4.364894946236559139784946236559139783,EUR,,
EURI,,2024-09-28 03:21:35,EARN,0.19178,0,EUR,0,USD
BTC,,2024-09-28 03:22:33,EARN,0.00000004,0,EUR,0,USD
ETH,,2024-09-28 09:07:03,CREDIT,1905,4540.113440860215053763440860215053763441,EUR,,
ETH,,2024-09-28 09:07:03,EXCHANGE_FEE,-0.001905,-4.540113440860215053763440860215053763,EUR,,
USDC,,2024-09-28 09:07:03,DEBIT,-5063.49,-4536.723701612903225806451612903225807758,EUR,,
ETH,,2024-09-28 09:07:05,LOAN_REPAYMENT,-1.81704341,-4324.644724554928315412186379928315412187,EUR,,
BTC,,2024-09-29 03:06:30,EARN,0.00000004,0,EUR,0,USD
EURI,,2024-09-29 03:09:02,EARN,0.19178,0,EUR,0,USD
BTC,,2024-09-30 03:29:10,EARN,0.00000004,0,EUR,0,USD
EURI,,2024-09-30 03:29:28,EARN,0.19178,0,EUR,0,USD
BTC,,2024-09-30 23:41:53,CREDIT,0.00176,99.518006109613656783468104222821203953,EUR,,
EURI,,2024-09-30 23:41:53,DEBIT,-99616,-99.635764192729574699011680143755615407,EUR,,
EURI,,2024-10-01 03:02:04,EARN,0.17388302,0,EUR,0,USD
BTC,,2024-10-01 03:09:27,EARN,0.00000004,0,EUR,0,USD
USDC,,2024-10-01 18:09:00,LOAN,3998.6015545,3612.106191960252935862691960252935861225,EUR,,
ETH,,2024-10-01 18:09:43,CREDIT,2,4542.023486901535682023486901535682023486,EUR,,
ETH,,2024-10-01 18:09:43,EXCHANGE_FEE,-0.0019,-4.314922312556458897922312556458897922,EUR,,
USDC,,2024-10-01 18:09:43,DEBIT,-5027.5,-4541.553748870822041553748870822041551905,EUR,,
USDC,,2024-10-01 18:49:00,CREDIT,4988.84616,4502.568736462093862815884476534296027548,EUR,,
ETH,,2024-10-01 18:49:00,DEBIT,-1998,-4511.035985533453887884267631103074141048,EUR,,
USDC,,2024-10-01 18:49:00,EXCHANGE_FEE,-4.73940385,-4.277440297833935018050541516245487363,EUR,,
USDC,,2024-10-01 18:49:02,LOAN_REPAYMENT,-3998.66399107,-3608.902519016245487364620938628158843697,EUR,,
BTC,,2024-10-02 03:05:32,EARN,0.00000004,0,EUR,0,USD
EURI,,2024-10-02 03:05:58,EARN,0.17392581,0,EUR,0,USD
USDC,,2024-10-02 19:07:00,LOAN,165.84414172,150.221142862318840579710144927536231961,EUR,,
ETH,,2024-10-02 19:07:16,CREDIT,0.5,1077.252946509519492293744333635539437896,EUR,,
ETH,,2024-10-02 19:07:16,EXCHANGE_FEE,-0.000475,-1.023390299184043517679057116953762466,EUR,,
USDC,,2024-10-02 19:07:16,DEBIT,-1188728,-1076.746376811594202898550724637681159972,EUR,,
USDC,,2024-10-02 19:10:00,LOAN,3947.1431388,3578.552256391659111514052583862194016001,EUR,,
ETH,,2024-10-02 19:10:01,CREDIT,1.6517,3574.239901268115942028985507246376811594,EUR,,
ETH,,2024-10-02 19:10:01,EXCHANGE_FEE,-0.00156912,-3.395538726086956521739130434782608696,EUR,,
USDC,,2024-10-02 19:10:01,DEBIT,-3948.980293,-3580.21785403445149592021758839528558445,EUR,,
USDC,,2024-10-02 19:22:00,LOAN,2408.15121433,2183.273993046237533998186763372620126732,EUR,,
ETH,,2024-10-02 19:22:06,CREDIT,1,2159.365367180417044424297370806890299184,EUR,,
ETH,,2024-10-02 19:22:06,EXCHANGE_FEE,-0.00095001,-2.051418692475067996373526745240253853,EUR,,
USDC,,2024-10-02 19:22:06,DEBIT,-2384.831954,-2162.132324569356300997280145058930190197,EUR,,
USDC,,2024-10-02 20:03:37,CREDIT,7802.264375,7060.872737556561085972850678733031673573,EUR,,
ETH,,2024-10-02 20:03:37,DEBIT,-3.3,-7090.878733031674208144796380090497737557,EUR,,
USDC,,2024-10-02 20:03:37,EXCHANGE_FEE,-7.41215115,-6.707829095022624434389140271493212669,EUR,,
USDC,,2024-10-02 20:03:39,LOAN_REPAYMENT,-6521.24444186,-5901.578680416289592760180995475113121641,EUR,,
USDC,,2024-10-02 20:18:00,LOAN,3662.00109068,3314.028136361990950226244343891402714634,EUR,,
USDC,,2024-10-02 22:10:00,LOAN,162.00109068,146.740118369565217391304347826086956597,EUR,,
USDC,,2024-10-02 22:10:27,LOAN_REPAYMENT,-1350.00109068,-1222.827074891304347826086956521739131061,EUR,,
USDC,,2024-10-02 22:11:00,LOAN,1150,1041.6666666666666666666666666666666672,EUR,,
EURI,,2024-10-03 03:02:16,EARN,0.15351747,0,EUR,0,USD
BTC,,2024-10-03 03:03:49,EARN,0.00000006,0,EUR,0,USD
ETH,,2024-10-03 08:55:30,CREDIT,0.5,1057.810516772438803263825929283771532185,EUR,,
ETH,,2024-10-03 08:55:30,EXCHANGE_FEE,-0.0005,-1.057810516772438803263825929283771532,EUR,,
USDC,,2024-10-03 08:55:30,DEBIT,-1163,-1054.291659111514052583862194016319129522,EUR,,
USDC,,2024-10-03 09:39:13,CREDIT,1173.620205,1063.061779891304347826086956521739130979,EUR,,
ETH,,2024-10-03 09:39:13,DEBIT,-0.4995,-1060.992244343891402714932126696832579185,EUR,,
USDC,,2024-10-03 09:39:13,EXCHANGE_FEE,-1.1149392,-1.009908695652173913043478260869565218,EUR,,
USDC,,2024-10-03 09:39:15,LOAN_REPAYMENT,-1056.15131104,-956.658796231884057971014492753623188896,EUR,,
ETH,,2024-10-03 15:19:02,CREDIT,1,2102.624886466848319709355131698455949137,EUR,,
ETH,,2024-10-03 15:19:02,EXCHANGE_FEE,-1,-2.102624886466848319709355131698455949,EUR,,
USDC,,2024-10-03 15:19:02,DEBIT,-2312,-2099.909173478655767484105358764759310592,EUR,,
USDC,,2024-10-03 17:12:29,CREDIT,2330.59707,2112.961985494106980961015412511332728733,EUR,,
ETH,,2024-10-03 17:12:29,DEBIT,-999,-2114.501695376246600181323662737987307344,EUR,,
USDC,,2024-10-03 17:12:29,EXCHANGE_FEE,-2.21406722,-2.007313889392565729827742520398912058,EUR,,
USDC,,2024-10-03 17:12:31,LOAN_REPAYMENT,-2329.92021702,-2112.348338186763372620126926563916590927,EUR,,
USDC,,2024-10-03 17:12:49,LOAN_REPAYMENT,-239.04711127,-216.72448891205802357207615593834995465,EUR,,
EURI,,2024-10-04 03:02:13,EARN,0.15361925,0,EUR,0,USD
BTC,,2024-10-04 03:05:27,EARN,0.00000006,0,EUR,0,USD
BTC,,2024-10-04 19:03:46,CREDIT,0.00534552,304.164132468185961713764813126709206928,EUR,,
BTC,,2024-10-04 19:03:46,EXCHANGE_FEE,-0.00000535,-0.304419047857793983591613491340018232,EUR,,
ETH,,2024-10-04 19:03:46,DEBIT,-0.1371,-303.553397447584320875113947128532360984,EUR,,
EURI,,2024-10-04 19:07:50,CREDIT,12.5037572,12.503862632008520844003646308113035555,EUR,,
BTC,,2024-10-04 19:07:50,DEBIT,-0.00022,-12.497562260711030082041932543299908842,EUR,,
EURI,,2024-10-04 19:07:50,EXCHANGE_FEE,-0.01250376,-0.012503865432032130517411121239744758,EUR,,
ETH,,2024-10-04 22:13:00,LOAN,1.6524,3647.63157702825888787602552415679124886,EUR,,
USDC,,2024-10-04 22:13:41,CREDIT,4001.78232,3647.93283500455788514129443938012762267,EUR,,
ETH,,2024-10-04 22:13:41,DEBIT,-1.6524,-3647.63157702825888787602552415679124886,EUR,,
USDC,,2024-10-04 22:13:41,EXCHANGE_FEE,-3.8016932,-3.465536189608021877848678213309024614,EUR,,
EURI,,2024-10-05 03:04:13,EARN,0.15365266,0,EUR,0,USD
BTC,,2024-10-05 03:05:20,EARN,0.00000006,0,EUR,0,USD
ETH,,2024-10-05 21:14:23,CREDIT,1655,3612.131619654231119199272065514103730664,EUR,,
ETH,,2024-10-05 21:14:23,EXCHANGE_FEE,-0.00157225,-3.431525038671519563239308462238398544,EUR,,
USDC,,2024-10-05 21:14:23,DEBIT,-3973.10885,-3614.842164799818016378525932666060054161,EUR,,
ETH,,2024-10-05 21:14:26,LOAN_REPAYMENT,-1.65248895,-3612.238504765027322404371584699453551913,EUR,,
EURI,,2024-10-06 03:01:34,EARN,0.17653769,0,EUR,0,USD
BTC,,2024-10-06 03:02:44,EARN,0.00000006,0,EUR,0,USD
ETH,,2024-10-06 12:35:00,LOAN,1.6390612,3629.72939002550091074681238615664845173,EUR,,
USDC,,2024-10-06 12:35:28,CREDIT,3988.8736,3632.490630819672131147540983606557376003,EUR,,
ETH,,2024-10-06 12:35:28,DEBIT,-1.64,-3631.80837887067395264116575591985428051,EUR,,
USDC,,2024-10-06 12:35:28,EXCHANGE_FEE,-3.78942991,-3.450866090172131147540983606557377048,EUR,,
ETH,,2024-10-06 14:39:19,CREDIT,1643,3657.066612021857923497267759562841530055,EUR,,
ETH,,2024-10-06 14:39:19,EXCHANGE_FEE,-0.00156086,-3.47423553989071038251366120218579235,EUR,,
USDC,,2024-10-06 14:39:19,DEBIT,-4014.196168,-3655.91636429872495446265938069216757889,EUR,,
ETH,,2024-10-06 14:39:21,LOAN_REPAYMENT,-1.63907199,-3648.323462768852459016393442622950819672,EUR,,
EURI,,2024-10-07 03:01:39,EARN,0.17657144,0,EUR,0,USD
BTC,,2024-10-07 03:09:43,EARN,0.00000006,0,EUR,0,USD
ETH,,2024-10-07 21:42:00,LOAN,1.6245,3632.734443938012762078395624430264357339,EUR,,
USDC,,2024-10-07 21:42:51,CREDIT,3984.979725,3632.615975387420237010027347310847768514,EUR,,
ETH,,2024-10-07 21:42:51,DEBIT,-1.6245,-3632.734443938012762078395624430264357339,EUR,,
USDC,,2024-10-07 21:42:51,EXCHANGE_FEE,-3.78573074,-3.450985177757520510483135824977210576,EUR,,
EURI,,2024-10-07 21:50:24,CREDIT,57.59446,57.592264237796254673108477666362807683,EUR,,
BTC,,2024-10-07 21:50:24,DEBIT,-1,-57.677885141294439380127620783956244303,EUR,,
EURI,,2024-10-07 21:50:24,EXCHANGE_FEE,-0.05759446,-0.057592264237796254673108477666362808,EUR,,
BTC,,2024-10-08 03:05:12,EARN,0.00000006,0,EUR,0,USD
EURI,,2024-10-08 03:08:53,EARN,0.17660965,0,EUR,0,USD
ETH,,2024-10-08 06:52:15,CREDIT,1.63,3605.147679708826205641492265696087352138,EUR,,
ETH,,2024-10-08 06:52:15,EXCHANGE_FEE,-0.0015485,-3.424890295723384895359417652411282985,EUR,,
USDC,,2024-10-08 06:52:15,DEBIT,-3969.278056,-3611.356804544494995450409463148316651068,EUR,,
ETH,,2024-10-08 06:52:17,LOAN_REPAYMENT,-1.62453246,-3603.254385642038216560509554140127388535,EUR,,
ETH,,2024-10-08 21:46:00,LOAN,1.60008096,3586.177808428415300546448087431693989071,EUR,,
USDC,,2024-10-08 21:46:35,CREDIT,3941028,3588.560832786885245901639344262295082391,EUR,,
ETH,,2024-10-08 21:46:35,DEBIT,-1604,-3594.96134790528233151183970856102003643,EUR,,
USDC,,2024-10-08 21:46:35,EXCHANGE_FEE,-3.941028,-3.588560832786885245901639344262295082,EUR,,
EURI,,2024-10-09 04:02:10,EARN,0.18768224,0,EUR,0,USD
BTC,,2024-10-09 04:07:06,EARN,0.00000006,0,EUR,0,USD
ETH,,2024-10-09 19:19:16,CREDIT,1603,3537.164561243144424131627056672760511884,EUR,,
ETH,,2024-10-09 19:19:16,EXCHANGE_FEE,-0.00152285,-3.360306333180987202925045703839122486,EUR,,
USDC,,2024-10-09 19:19:16,DEBIT,-3868.74432,-3535.975727210237659963436928702010967245,EUR,,
ETH,,2024-10-09 19:19:18,LOAN_REPAYMENT,-1.60017172,-3530.923705481901279707495429616087751372,EUR,,
BTC,,2024-10-09 19:20:58,CREDIT,0.00049,27.328572029250457038391224862888482633,EUR,,
BTC,,2024-10-09 19:20:58,EXCHANGE_FEE,-0.00000047,-0.02621312010968921389396709323583181,EUR,,
USDC,,2024-10-09 19:20:58,DEBIT,-29.8974431,-27.328558592321755027422303473491773295,EUR,,
USDC,,2024-10-09 21:17:00,LOAN,3694.45072161,3377.011628528336380255941499085923215794,EUR,,
ETH,,2024-10-09 21:17:29,CREDIT,2,4325.813528336380255941499085923217550274,EUR,,
ETH,,2024-10-09 21:17:29,EXCHANGE_FEE,-0.0019,-4.109522851919561243144424131627056673,EUR,,
USDC,,2024-10-09 21:17:29,DEBIT,-4734.68,-4327.861060329067641681901279707495427366,EUR,,
BTC,,2024-10-09 21:20:16,CREDIT,0.00033,18.273460420475319926873857404021937843,EUR,,
BTC,,2024-10-09 21:20:16,EXCHANGE_FEE,-0.00000033,-0.018273460420475319926873857404021938,EUR,,
USDC,,2024-10-09 21:20:16,DEBIT,-19.9755666,-18.259201645338208409506398537477148071,EUR,,
ETH,,2024-10-09 21:21:17,CREDIT,0.01,21.6561243144424131627056672760511883,EUR,,
ETH,,2024-10-09 21:21:17,EXCHANGE_FEE,-0.0000095,-0.020573318098720292504570383912248629,EUR,,
USDC,,2024-10-09 21:21:17,DEBIT,-23.6866,-21.651371115173674588665447897623400354,EUR,,
USDC,,2024-10-09 21:56:52,CREDIT,2377.99,2173.665447897623400365630712979890309656,EUR,,
ETH,,2024-10-09 21:56:52,DEBIT,-1,-2174.314442413162705667276051188299817185,EUR,,
USDC,,2024-10-09 21:56:52,EXCHANGE_FEE,-2.2590905,-2.064982175502742230347349177330895794,EUR,,
USDC,,2024-10-09 21:56:54,LOAN_REPAYMENT,-2375.7309095,-2171.600465722120658135283363802559413862,EUR,,
USDC,,2024-10-09 21:57:14,CREDIT,2353.8141,2151.566819012797074954296160877513710033,EUR,,
ETH,,2024-10-09 21:57:14,DEBIT,-0.99,-2152.571297989031078610603290676416819013,EUR,,
USDC,,2024-10-09 21:57:14,EXCHANGE_FEE,-2.2361234,-2.043988482632541133455210237659963436,EUR,,
USDC,,2024-10-09 21:57:16,LOAN_REPAYMENT,-1318.79069902,-1205.475958884826325411334552102376599008,EUR,,
BTC,,2024-10-10 03:04:46,EARN,0.00000006,0,EUR,0,USD
EURI,,2024-10-10 03:09:22,EARN,0.09589,0,EUR,0,USD
ETH,,2024-10-10 18:13:00,LOAN,0.5,1074.789377289377289377289377289377289378,EUR,,
ETH,,2024-10-10 18:16:00,LOAN,1,2145.421245421245421245421245421245421245,EUR,,
USDC,,2024-10-10 18:16:33,CREDIT,2342.18,2144.638994505494505494505494505494504697,EUR,,
ETH,,2024-10-10 18:16:33,DEBIT,-1,-2147.298534798534798534798534798534798535,EUR,,
USDC,,2024-10-10 18:16:33,EXCHANGE_FEE,-2.225071,-2.037407044780219780219780219780219779,EUR,,
ETH,,2024-10-10 18:16:50,LOAN_REPAYMENT,-0.5,-1072.710622710622710622710622710622710622,EUR,,
ETH,,2024-10-10 18:18:00,LOAN,0.8,1718.029304029304029304029304029304029304,EUR,,
USDC,,2024-10-10 18:18:12,CREDIT,1874064,1716.004206593406593406593406593406592768,EUR,,
ETH,,2024-10-10 18:18:12,DEBIT,-0.8,-1716.644688644688644688644688644688644689,EUR,,
USDC,,2024-10-10 18:18:12,EXCHANGE_FEE,-1.7803608,-1.630203996263736263736263736263736263,EUR,,
ETH,,2024-10-10 18:32:54,CREDIT,1637,3504.364276556776556776556776556776556776,EUR,,
ETH,,2024-10-10 18:32:54,EXCHANGE_FEE,-0.001637,-3.504364276556776556776556776556776557,EUR,,
USDC,,2024-10-10 18:32:54,DEBIT,-3817484,-3495.86446886446886446886446886446886479,EUR,,
ETH,,2024-10-10 18:34:01,LOAN_REPAYMENT,-1.4733,-3167.190247252747252747252747252747252748,EUR,,
ETH,,2024-10-10 18:34:20,LOAN_REPAYMENT,-0.162063,-348.390927197802197802197802197802197802,EUR,,
ETH,,2024-10-10 18:34:51,CREDIT,167,357.500815018315018315018315018315018315,EUR,,
ETH,,2024-10-10 18:34:51,EXCHANGE_FEE,-0.00015865,-0.339625774267399267399267399267399267,EUR,,
USDC,,2024-10-10 18:34:51,DEBIT,-392.17278,-359.132582417582417582417582417582417615,EUR,,
ETH,,2024-10-10 18:34:53,LOAN_REPAYMENT,-0.16464291,-353.937024931318681318681318681318681319,EUR,,
ETH,,2024-10-10 18:49:00,LOAN,0.8759599,1881.557052233516483516483516483516483516,EUR,,
ETH,,2024-10-10 18:50:00,LOAN,0.8759599,1878.60509945695970695970695970695970696,EUR,,
ETH,,2024-10-10 18:50:37,DEBIT,-0.8759599,-1879.976794904761904761904761904761904762,EUR,,
BTC,,2024-10-10 18:50:43,CREDIT,0.035658,1930.681511538461538461538461538461538462,EUR,,
BTC,,2024-10-10 18:50:43,EXCHANGE_FEE,-0.00003565,-1.930248356227106227106227106227106227,EUR,,
ETH,,2024-10-10 18:50:43,LOAN_REPAYMENT,-0.9,-1930.162087912087912087912087912087912088,EUR,,
ETH,,2024-10-10 21:33:00,LOAN,0.5,1084.803293687099725526075022872827081428,EUR,,
ETH,,2024-10-10 21:34:00,LOAN,0.5,1084.803293687099725526075022872827081428,EUR,,
ETH,,2024-10-10 21:34:11,LOAN_REPAYMENT,-0.5,-1084.803293687099725526075022872827081428,EUR,,
ETH,,2024-10-10 21:34:49,LOAN_REPAYMENT,-0.5,-1084.803293687099725526075022872827081428,EUR,,
ETH,,2024-10-10 21:38:00,LOAN,2,4331.3449222323879231473010064043915828,EUR,,
ETH,,2024-10-10 21:38:32,LOAN_REPAYMENT,-1,-2165.6724611161939615736505032021957914,EUR,,
ETH,,2024-10-10 21:38:37,LOAN_REPAYMENT,-1,-2165.6724611161939615736505032021957914,EUR,,
ETH,,2024-10-10 21:41:00,LOAN,0.5,1082.822506861848124428179322964318389753,EUR,,
ETH,,2024-10-10 21:42:00,LOAN,0.3,649.693504117108874656907593778591033852,EUR,,
ETH,,2024-10-10 21:48:36,LOAN_REPAYMENT,-0.5,-1083.3683729433272394881170018281535649,EUR,,
ETH,,2024-10-10 21:49:00,LOAN,0.9,1950.063071297989031078610603290676416819,EUR,,
ETH,,2024-10-10 21:53:56,LOAN_REPAYMENT,-0.6,-1303.377859103385178408051235132662397072,EUR,,
ETH,,2024-10-10 21:53:58,LOAN_REPAYMENT,-0.3,-651.688929551692589204025617566331198536,EUR,,
ETH,,2024-10-10 21:53:59,LOAN_REPAYMENT,-0.3,-651.688929551692589204025617566331198536,EUR,,
ETH,,2024-10-10 21:59:00,LOAN,0.6,1306.494577640840950639853747714808043876,EUR,,
ETH,,2024-10-10 22:01:00,LOAN,0.6,1307.473010064043915827996340347666971638,EUR,,
ETH,,2024-10-10 22:01:48,LOAN_REPAYMENT,-0.6,-1307.473010064043915827996340347666971638,EUR,,
ETH,,2024-10-10 22:03:00,LOAN,0.5,1088.083257090576395242451967063129002744,EUR,,
ETH,,2024-10-10 22:06:00,LOAN,0.6,1305.540713632204940530649588289112534309,EUR,,
ETH,,2024-10-10 22:11:00,LOAN,0.6,1304.305580969807868252516010978956999085,EUR,,
ETH,,2024-10-10 22:11:11,LOAN_REPAYMENT,-0.6,-1304.305580969807868252516010978956999085,EUR,,
USDC,,2024-10-11 00:10:25,CREDIT,1431.6,1309.658591033851784080512351326623971167,EUR,,
ETH,,2024-10-11 00:10:25,DEBIT,-0.6,-1309.921317474839890210430009149130832571,EUR,,
USDC,,2024-10-11 00:10:25,EXCHANGE_FEE,-1.4316,-1.309658591033851784080512351326623971,EUR,,
USDC,,2024-10-11 01:51:20,CREDIT,1196,1094.236047575480329368709972552607502284,EUR,,
ETH,,2024-10-11 01:51:20,DEBIT,-0.5,-1096.720036596523330283623055809698078682,EUR,,
USDC,,2024-10-11 01:51:20,EXCHANGE_FEE,-1196,-1.094236047575480329368709972552607502,EUR,,
USDC,,2024-10-11 01:55:03,CREDIT,1443,1321.296428571428571428571428571428570937,EUR,,
ETH,,2024-10-11 01:55:03,DEBIT,-0.6,-1321.681318681318681318681318681318681319,EUR,,
USDC,,2024-10-11 01:55:03,EXCHANGE_FEE,-1443,-1.321296428571428571428571428571428571,EUR,,
BTC,,2024-10-11 03:02:33,EARN,0.00000006,0,EUR,0,USD
EURI,,2024-10-11 03:02:59,EARN,0.09589,0,EUR,0,USD
ETH,,2024-10-11 16:11:22,CREDIT,0.88,1963.63071297989031078610603290676416819,EUR,,
ETH,,2024-10-11 16:11:22,EXCHANGE_FEE,-0.00088,-1.963630712979890310786106032906764168,EUR,,
BTC,,2024-10-11 16:11:22,DEBIT,-0.03453119,-1965.744490594698354661791590493601462523,EUR,,
ETH,,2024-10-11 16:11:25,LOAN_REPAYMENT,-0.87601361,-1954.911651778519195612431444241316270567,EUR,,
BTC,,2024-10-12 03:01:28,EARN,0.00000006,0,EUR,0,USD
EURI,,2024-10-12 03:03:47,EARN,0.09589,0,EUR,0,USD
USDC,,2024-10-12 22:50:22,CREDIT,7.700369,7.032300456621004566210045662100456618,EUR,,
ETH,,2024-10-12 22:50:22,DEBIT,-0.0031,-7.041303196347031963470319634703196347,EUR,,
USDC,,2024-10-12 22:50:22,EXCHANGE_FEE,-0.00731535,-0.006680684931506849315068493150684932,EUR,,
BTC,,2024-10-12 22:56:00,LOAN,0.0161,930.579411872146118721461187214611872146,EUR,,
USDC,,2024-10-12 22:56:10,CREDIT,1139.00742,1040.08540571506849315068493150684931563,EUR,,
BTC,,2024-10-12 22:56:10,DEBIT,-18,-1040.043945205479452054794520547945205479,EUR,,
USDC,,2024-10-12 22:56:10,EXCHANGE_FEE,-1.08205705,-0.988081136342465753424657534246575343,EUR,,
ETH,,2024-10-12 23:03:00,LOAN,0.68,1542.420091324200913242009132420091324201,EUR,,
BTC,,2024-10-12 23:03:21,CREDIT,0.0266968,1542.49039227031963470319634703196347032,EUR,,
BTC,,2024-10-12 23:03:21,EXCHANGE_FEE,-0.0000267,-1.542675282191780821917808219178082192,EUR,,
ETH,,2024-10-12 23:03:21,DEBIT,-0.68,-1542.420091324200913242009132420091324201,EUR,,
BTC,,2024-10-13 03:01:17,EARN,0.00000006,0,EUR,0,USD
EURI,,2024-10-13 03:03:07,EARN,0.09589,0,EUR,0,USD
BTC,,2024-10-13 11:29:50,CREDIT,0.0164,937.895930593607305936073059360730593607,EUR,,
BTC,,2024-10-13 11:29:50,EXCHANGE_FEE,-0.00001558,-0.891001134063926940639269406392694064,EUR,,
USDC,,2024-10-13 11:29:50,DEBIT,-1026.893052,-937.801873972602739726027397260273972171,EUR,,
BTC,,2024-10-13 11:29:52,LOAN_REPAYMENT,-0.01610042,-920.763317002922374429223744292237442922,EUR,,
EURI,,2024-10-14 03:04:31,EARN,0.09589,0,EUR,0,USD
BTC,,2024-10-14 03:05:30,EARN,0.00000006,0,EUR,0,USD
ETH,,2024-10-14 13:46:09,CREDIT,1705,3990.698353156450137236962488563586459287,EUR,,
ETH,,2024-10-14 13:46:09,EXCHANGE_FEE,-0.00161977,-3.791210247209515096065873741994510522,EUR,,
USDC,,2024-10-14 13:46:09,DEBIT,-4368.713436,-3996.993079597438243366880146386093321123,EUR,,
ETH,,2024-10-14 13:46:11,LOAN_REPAYMENT,-1.70039842,-3987.939902847392497712717291857273559012,EUR,,
ETH,,2024-10-14 15:08:00,LOAN,1.3,3125.150045745654162854528819762122598354,EUR,,
USDC,,2024-10-14 15:08:39,CREDIT,3414.028026,3123.22655370301921317474839890210430115,EUR,,
ETH,,2024-10-14 15:08:39,DEBIT,-1.3,-3125.126258005489478499542543458371454712,EUR,,
USDC,,2024-10-14 15:08:39,EXCHANGE_FEE,-3.24332662,-2.967065221718206770356816102470265326,EUR,,
BTC,,2024-10-15 03:01:32,EARN,0.00000006,0,EUR,0,USD
EURI,,2024-10-15 03:06:59,EARN,0.09589,0,EUR,0,USD
ETH,,2024-10-15 15:11:20,CREDIT,1305,3047.563748854262144821264894592117323556,EUR,,
ETH,,2024-10-15 15:11:20,EXCHANGE_FEE,-0.00123975,-2.895185561411549037580201649862511457,EUR,,
USDC,,2024-10-15 15:11:20,DEBIT,-3332.09565,-3057.220665123739688359303391384051329795,EUR,,
ETH,,2024-10-15 15:11:22,LOAN_REPAYMENT,-1.30009372,-3043.887619381118240146654445462878093492,EUR,,
ETH,,2024-10-15 15:12:00,LOAN,1,2341.283226397800183318056828597616865261,EUR,,
ETH,,2024-10-15 15:13:00,LOAN,0.2,469.127406049495875343721356553620531622,EUR,,
USDC,,2024-10-15 16:18:38,CREDIT,518.4,475.596330275229357798165137614678899187,EUR,,
ETH,,2024-10-15 16:18:38,DEBIT,-0.2,-475.763302752293577981651376146788990826,EUR,,
USDC,,2024-10-15 16:18:38,EXCHANGE_FEE,-0.5184,-0.475596330275229357798165137614678899,EUR,,
USDC,,2024-10-15 16:33:09,CREDIT,1301.5,1192.942254812098991750687442713107241037,EUR,,
ETH,,2024-10-15 16:33:09,DEBIT,-0.5,-1193.4876260311640696608615948670944088,EUR,,
USDC,,2024-10-15 16:33:09,EXCHANGE_FEE,-1.3015,-1.192942254812098991750687442713107241,EUR,,
ETH,,2024-10-15 16:46:16,CREDIT,683,1631.311036697247706422018348623853211009,EUR,,
ETH,,2024-10-15 16:46:16,EXCHANGE_FEE,-0.000683,-1.631311036697247706422018348623853211,EUR,,
BTC,,2024-10-15 16:46:16,DEBIT,-0.02654821,-1629.82286504091743119266055045871559633,EUR,,
ETH,,2024-10-15 16:46:18,LOAN_REPAYMENT,-0.6801239,-1622.688270036697247706422018348623853211,EUR,,
ETH,,2024-10-15 17:26:33,DEBIT,-0.5,-1184.866850321395775941230486685032139578,EUR,,
ETH,,2024-10-15 17:26:52,CREDIT,702,1663.553057851239669421487603305785123967,EUR,,
ETH,,2024-10-15 17:26:52,EXCHANGE_FEE,-0.0006669,-1.580375404958677685950413223140495868,EUR,,
USDC,,2024-10-15 17:26:52,DEBIT,-1811.56014,-1663.507933884297520661157024793388429241,EUR,,
ETH,,2024-10-15 17:26:54,LOAN_REPAYMENT,-0.70001027,-1658.837927615059687786960514233241505969,EUR,,
ETH,,2024-10-15 18:47:00,LOAN,1.4,3330.343119266055045871559633027522935779,EUR,,
USDC,,2024-10-15 18:47:47,CREDIT,3630.2,3330.125669724770642201834862385321101417,EUR,,
ETH,,2024-10-15 18:47:47,DEBIT,-1.4,-3330.842975206611570247933884297520661156,EUR,,
USDC,,2024-10-15 18:47:47,EXCHANGE_FEE,-3.6302,-3.330125669724770642201834862385321101,EUR,,
ETH,,2024-10-15 21:20:02,CREDIT,1404,3314.998568807339449541284403669724770642,EUR,,
ETH,,2024-10-15 21:20:02,EXCHANGE_FEE,-0.001404,-3.314998568807339449541284403669724771,EUR,,
USDC,,2024-10-15 21:20:02,DEBIT,-3616002,-3317.101284220183486238532110091743119764,EUR,,
ETH,,2024-10-15 21:20:04,LOAN_REPAYMENT,-1.40001596,-3305.591811757431192660550458715596330275,EUR,,
ETH,,2024-10-15 21:25:00,LOAN,0.5,1184.706691109074243813015582034830430798,EUR,,
ETH,,2024-10-15 21:34:18,LOAN_REPAYMENT,-0.5,-1185.509174311926605504587155963302752294,EUR,,
ETH,,2024-10-15 22:28:00,LOAN,0.1,238.305504587155963302752293577981651376,EUR,,
ETH,,2024-10-15 22:29:00,LOAN,0.1,238.305504587155963302752293577981651376,EUR,,
ETH,,2024-10-15 22:30:00,LOAN,0.5,1191.380733944954128440366972477064220184,EUR,,
ETH,,2024-10-15 22:31:00,LOAN,0.2,476.552293577981651376146788990825688073,EUR,,
USDC,,2024-10-15 22:32:31,CREDIT,259.9,238.416522935779816513761467889908256916,EUR,,
ETH,,2024-10-15 22:32:31,DEBIT,-0.1,-238.569724770642201834862385321100917431,EUR,,
USDC,,2024-10-15 22:32:31,EXCHANGE_FEE,-0.2599,-0.238416522935779816513761467889908257,EUR,,
ETH,,2024-10-15 22:33:00,LOAN,0.3,715.709174311926605504587155963302752294,EUR,,
USDC,,2024-10-15 22:33:58,CREDIT,260,238.5082568807339449541284403669724771,EUR,,
ETH,,2024-10-15 22:33:58,DEBIT,-0.1,-238.569724770642201834862385321100917431,EUR,,
USDC,,2024-10-15 22:33:58,EXCHANGE_FEE,-0.26,-0.238508256880733944954128440366972477,EUR,,
USDC,,2024-10-15 23:40:37,CREDIT,260.3,238.807339449541284403669724770642201887,EUR,,
ETH,,2024-10-15 23:40:37,DEBIT,-0.1,-238.910091743119266055045871559633027523,EUR,,
USDC,,2024-10-15 23:40:37,EXCHANGE_FEE,-0.2603,-0.238807339449541284403669724770642202,EUR,,
USDC,,2024-10-15 23:42:17,CREDIT,260.6,239.082568807339449541284403669724770695,EUR,,
ETH,,2024-10-15 23:42:17,DEBIT,-0.1,-238.910091743119266055045871559633027523,EUR,,
USDC,,2024-10-15 23:42:17,EXCHANGE_FEE,-0.2606,-0.239082568807339449541284403669724771,EUR,,
USDC,,2024-10-16 01:17:01,CREDIT,260.9,239.333862385321100917431192660550458752,EUR,,
ETH,,2024-10-16 01:17:01,DEBIT,-0.1,-239.751147842056932966023875114784205693,EUR,,
USDC,,2024-10-16 01:17:01,EXCHANGE_FEE,-0.2609,-0.239333862385321100917431192660550459,EUR,,
USDC,,2024-10-16 01:28:48,CREDIT,524.8,481.419743119266055045871559633027523008,EUR,,
ETH,,2024-10-16 01:28:48,DEBIT,-0.2,-481.352293577981651376146788990825688073,EUR,,
USDC,,2024-10-16 01:28:48,EXCHANGE_FEE,-0.5248,-0.481419743119266055045871559633027523,EUR,,
USDC,,2024-10-16 02:12:30,CREDIT,526,482.568807339449541284403669724770642308,EUR,,
ETH,,2024-10-16 02:12:30,DEBIT,-0.2,-482.377981651376146788990825688073394495,EUR,,
USDC,,2024-10-16 02:12:30,EXCHANGE_FEE,-526,-0.482568807339449541284403669724770642,EUR,,
EURI,,2024-10-16 03:06:40,EARN,0.09589,0,EUR,0,USD
BTC,,2024-10-16 03:07:39,EARN,0.00000006,0,EUR,0,USD
USDC,,2024-10-16 10:17:04,CREDIT,263.8,242.240587695133149678604224058769513241,EUR,,
ETH,,2024-10-16 10:17:04,DEBIT,-0.1,-241.199265381083562901744719926538108356,EUR,,
USDC,,2024-10-16 10:17:04,EXCHANGE_FEE,-0.2638,-0.242240587695133149678604224058769513,EUR,,
ETH,,2024-10-16 11:46:23,LOAN_REPAYMENT,-0.2,-483.211009174311926605504587155963302752,EUR,,
ETH,,2024-10-16 11:47:00,LOAN,0.2,483.211009174311926605504587155963302752,EUR,,
ETH,,2024-10-16 11:48:29,LOAN_REPAYMENT,-0.2,-482.965137614678899082568807339449541284,EUR,,
ETH,,2024-10-16 11:49:00,LOAN,0.4,965.930275229357798165137614678899082569,EUR,,
USDC,,2024-10-16 11:50:28,CREDIT,1054,966.87577981651376146788990825688073409,EUR,,
ETH,,2024-10-16 11:50:28,DEBIT,-0.4,-966.469724770642201834862385321100917431,EUR,,
USDC,,2024-10-16 11:50:28,EXCHANGE_FEE,-1054,-0.966875779816513761467889908256880734,EUR,,
EURI,,2024-10-17 03:24:33,EARN,0.09589,0,EUR,0,USD
BTC,,2024-10-17 03:26:57,EARN,0.00000006,0,EUR,0,USD
ETH,,2024-10-17 20:18:04,CREDIT,1405,3373.453000923361034164358264081255771007,EUR,,
ETH,,2024-10-17 20:18:04,EXCHANGE_FEE,-0.00133476,-3.204804361218836565096952908587257618,EUR,,
USDC,,2024-10-17 20:18:04,DEBIT,-3654.619968,-3374.196219762880886426592797783933518421,EUR,,
ETH,,2024-10-17 20:18:06,LOAN_REPAYMENT,-1.40018519,-3361.892477618467220683287165281625115421,EUR,,
EURI,,2024-10-18 03:25:49,EARN,0.09589,0,EUR,0,USD
BTC,,2024-10-18 03:28:09,EARN,0.00000006,0,EUR,0,USD
ETH,,2024-10-18 06:21:00,LOAN,0.2,484.836866359447004608294930875576036866,EUR,,
ETH,,2024-10-18 06:22:00,LOAN,0.3,727.2552995391705069124423963133640553,EUR,,
USDC,,2024-10-18 06:25:46,CREDIT,527,485.714285714285714285714285714285714293,EUR,,
USDC,,2024-10-18 06:25:46,CREDIT,42687,39.342857142857142857142857142857142858,EUR,,
ETH,,2024-10-18 06:25:46,DEBIT,-0.0162,-39.348829493087557603686635944700460829,EUR,,
USDC,,2024-10-18 06:25:46,EXCHANGE_FEE,-0.042687,-0.039342857142857142857142857142857143,EUR,,
ETH,,2024-10-18 06:25:46,DEBIT,-0.2,-485.788018433179723502304147465437788018,EUR,,
USDC,,2024-10-18 06:25:46,EXCHANGE_FEE,-527,-0.485714285714285714285714285714285714,EUR,,
USDC,,2024-10-18 07:54:58,CREDIT,792,730.408118081180811808118081180811807744,EUR,,
ETH,,2024-10-18 07:54:58,DEBIT,-0.3,-729.796313364055299539170506912442396313,EUR,,
USDC,,2024-10-18 07:54:58,EXCHANGE_FEE,-792,-0.730408118081180811808118081180811808,EUR,,
ETH,,2024-10-18 09:39:06,CREDIT,502,1215.154907749077490774907749077490774908,EUR,,
ETH,,2024-10-18 09:39:06,EXCHANGE_FEE,-0.0004769,-1.154397162361623616236162361623616236,EUR,,
USDC,,2024-10-18 09:39:06,DEBIT,-1317.37852,-1215.172308254612546125461254612546125495,EUR,,
ETH,,2024-10-18 09:39:08,LOAN_REPAYMENT,-0.50000579,-1210.327668568634686346863468634686346863,EUR,,
ETH,,2024-10-18 16:11:00,LOAN,0.4,970.788213627992633517495395948434622468,EUR,,
ETH,,2024-10-18 16:13:17,LOAN_REPAYMENT,-0.4,-969.957603686635944700460829493087557604,EUR,,
ETH,,2024-10-18 16:14:00,LOAN,1.4,3394.851612903225806451612903225806451613,EUR,,
USDC,,2024-10-18 16:14:55,CREDIT,3686494,3397.690322580645161290322580645161290374,EUR,,
ETH,,2024-10-18 16:14:55,DEBIT,-1.4,-3394.851612903225806451612903225806451613,EUR,,
USDC,,2024-10-18 16:14:55,EXCHANGE_FEE,-3.5021693,-3.227805806451612903225806451612903226,EUR,,
BTC,,2024-10-18 17:15:00,LOAN,0.02687805,1702.413156874885004599816007359705611776,EUR,,
USDC,,2024-10-18 17:15:37,CREDIT,2064.7047,1899.452345906163753449862005519779208359,EUR,,
BTC,,2024-10-18 17:15:37,DEBIT,-0.03,-1900.152529898804047838086476540938362466,EUR,,
USDC,,2024-10-18 17:15:37,EXCHANGE_FEE,-1.96146947,-1.804479733210671573137074517019319227,EUR,,
ETH,,2024-10-18 18:33:26,CREDIT,1405,3446.605887764489420423183072677092916284,EUR,,
ETH,,2024-10-18 18:33:26,EXCHANGE_FEE,-0.00133476,-3.274300124379024839006439742410303588,EUR,,
USDC,,2024-10-18 18:33:26,DEBIT,-3744.591782,-3444.886643974241030358785648574057036861,EUR,,
ETH,,2024-10-18 18:33:29,LOAN_REPAYMENT,-1.40001407,-3432.455838980772769089236430542778288869,EUR,,
ETH,,2024-10-18 18:47:00,LOAN,1.39634883,3428.338256191904323827046918123275068997,EUR,,
USDC,,2024-10-18 18:48:12,CREDIT,3738,3438.822447102115915363385464581416742474,EUR,,
ETH,,2024-10-18 18:48:12,DEBIT,-1.4,-3437.753449862005519779208831646734130635,EUR,,
USDC,,2024-10-18 18:48:12,EXCHANGE_FEE,-3738,-3.438822447102115915363385464581416742,EUR,,
ETH,,2024-10-18 23:48:59,CREDIT,1.4,3404.022079116835326586936522539098436063,EUR,,
ETH,,2024-10-18 23:48:59,EXCHANGE_FEE,-0.00133,-3.233820975160993560257589696412143514,EUR,,
USDC,,2024-10-18 23:48:59,DEBIT,-3702.58,-3405.556103035878564857405703771849124649,EUR,,
ETH,,2024-10-18 23:49:01,LOAN_REPAYMENT,-1.39637445,-3394.076296545538178472861085556577736891,EUR,,
BTC,,2024-10-19 03:02:49,EARN,0.00000006,0,EUR,0,USD
EURI,,2024-10-19 03:03:25,EARN,0.09589,0,EUR,0,USD
BTC,,2024-10-19 10:57:08,CREDIT,0.03,1883.528334866605335786568537258509659614,EUR,,
BTC,,2024-10-19 10:57:08,EXCHANGE_FEE,-0.00003,-1.88352833486660533578656853725850966,EUR,,
USDC,,2024-10-19 10:57:08,DEBIT,-2047.5,-1883.624655013799448022079116835326586468,EUR,,
BTC,,2024-10-19 10:57:10,LOAN_REPAYMENT,-0.02687895,-1687.348712045078196872125114995400183993,EUR,,
BTC,,2024-10-19 16:13:08,CREDIT,0.00022,13.784933088235294117647058823529411765,EUR,,
BTC,,2024-10-19 16:13:08,EXCHANGE_FEE,-0.00000021,-0.013158345220588235294117647058823529,EUR,,
USDC,,2024-10-19 16:13:08,DEBIT,-14.9986804,-13.784173283051470588235294117647058825,EUR,,
ETH,,2024-10-19 23:01:00,LOAN,1.4,3411625,EUR,,
USDC,,2024-10-19 23:01:56,CREDIT,3711.4,3410.872113970588235294117647058823529848,EUR,,
ETH,,2024-10-19 23:01:56,DEBIT,-1.4,-3411625,EUR,,
USDC,,2024-10-19 23:01:56,EXCHANGE_FEE,-3.7114,-3.41087211397058823529411764705882353,EUR,,
EURI,,2024-10-20 03:21:31,EARN,0.09589,0,EUR,0,USD
BTC,,2024-10-20 03:25:14,EARN,0.00000006,0,EUR,0,USD
ETH,,2024-10-20 14:12:13,CREDIT,1403,3469.738815426997245179063360881542699724,EUR,,
ETH,,2024-10-20 14:12:13,EXCHANGE_FEE,-0.00133285,-3.296251874655647382920110192837465565,EUR,,
USDC,,2024-10-20 14:12:13,DEBIT,-3781085,-3471.723500000000000000000000000000000687,EUR,,
ETH,,2024-10-20 14:12:15,LOAN_REPAYMENT,-1.40007352,-3462.501380467217630853994490358126721763,EUR,,
ETH,,2024-10-20 14:47:00,LOAN,1.29840637,3228.501150367033976124885215794306703397,EUR,,
USDC,,2024-10-20 14:47:41,CREDIT,3517553,3229.753209090909090909090909090909091549,EUR,,
ETH,,2024-10-20 14:47:41,DEBIT,-1.3,-3229.276400367309458218549127640036730946,EUR,,
USDC,,2024-10-20 14:47:41,EXCHANGE_FEE,-3.34167535,-3.068265548636363636363636363636363637,EUR,,
ETH,,2024-10-20 15:37:00,LOAN,0.69615639,1721.487995704958677685950413223140495868,EUR,,
BTC,,2024-10-20 15:37:58,CREDIT,0.02751,1730.616460055096418732782369146005509642,EUR,,
BTC,,2024-10-20 15:37:58,EXCHANGE_FEE,-0.00002751,-1.73061646005509641873278236914600551,EUR,,
ETH,,2024-10-20 15:37:58,DEBIT,-0.7,-1732.477502295684113865932047750229568412,EUR,,
ETH,,2024-10-20 22:02:36,CREDIT,1305,3275.669944852941176470588235294117647059,EUR,,
ETH,,2024-10-20 22:02:36,EXCHANGE_FEE,-0.0012398,-3.112011952205882352941176470588235294,EUR,,
USDC,,2024-10-20 22:02:36,DEBIT,-3565.052387,-3276.702561580882352941176470588235293489,EUR,,
ETH,,2024-10-20 22:02:38,LOAN_REPAYMENT,-1.29843803,-3259.198797030698529411764705882352941176,EUR,,
ETH,,2024-10-20 22:54:00,LOAN,0.41467783,1047.786921361707988980716253443526170799,EUR,,
USDC,,2024-10-20 22:54:33,CREDIT,550278,505.305785123966942148760330578512396539,EUR,,
ETH,,2024-10-20 22:54:33,DEBIT,-0.2,-505.985307621671258034894398530762167126,EUR,,
USDC,,2024-10-20 22:54:33,EXCHANGE_FEE,-0.5227641,-0.480040495867768595041322314049586777,EUR,,
ETH,,2024-10-20 22:55:00,LOAN,0.28,707.052708907254361799816345270890725436,EUR,,
ETH,,2024-10-20 22:55:57,LOAN_REPAYMENT,-0.1,-252.51882460973370064279155188246097337,EUR,,
ETH,,2024-10-20 22:56:00,LOAN,0.6,1515.112947658402203856749311294765840221,EUR,,
USDC,,2024-10-21 00:16:27,CREDIT,551.6,506.985294117647058823529411764705882256,EUR,,
ETH,,2024-10-21 00:16:27,DEBIT,-0.2,-507.450367647058823529411764705882352941,EUR,,
USDC,,2024-10-21 00:16:27,EXCHANGE_FEE,-0.5516,-0.506985294117647058823529411764705882,EUR,,
BTC,,2024-10-21 03:22:45,EARN,0.00000006,0,EUR,0,USD
EURI,,2024-10-21 03:23:03,EARN,0.09589,0,EUR,0,USD
ETH,,2024-10-21 06:12:45,CREDIT,0.4,1005.799448022079116835326586936522539098,EUR,,
ETH,,2024-10-21 06:12:45,EXCHANGE_FEE,-0.00038,-0.955509475620975160993560257589696412,EUR,,
USDC,,2024-10-21 06:12:45,DEBIT,-1093604,-1005.974829438822447102115915363385464251,EUR,,
ETH,,2024-10-21 06:12:48,LOAN_REPAYMENT,-0.39962,-1005.079225390984360625574977000919963201,EUR,,
ETH,,2024-10-21 14:04:45,LOAN_REPAYMENT,-0.02,-49.239447004608294930875576036866359447,EUR,,
ETH,,2024-10-21 14:04:46,LOAN_REPAYMENT,-0.1,-246.197235023041474654377880184331797235,EUR,,
ETH,,2024-10-21 14:04:47,LOAN_REPAYMENT,-0.1,-246.197235023041474654377880184331797235,EUR,,
ETH,,2024-10-21 14:04:49,LOAN_REPAYMENT,-0.1,-246.197235023041474654377880184331797235,EUR,,
ETH,,2024-10-21 14:04:57,LOAN_REPAYMENT,-0.2,-492.39447004608294930875576036866359447,EUR,,
ETH,,2024-10-21 14:04:58,LOAN_REPAYMENT,-0.1,-246.197235023041474654377880184331797235,EUR,,
ETH,,2024-10-21 14:04:59,LOAN_REPAYMENT,-0.17510418,-431.101649569769585253456221198156682028,EUR,,
ETH,,2024-10-21 14:05:00,LOAN,1.19510418,2944.318137687373271889400921658986175116,EUR,,
USDC,,2024-10-21 14:05:18,CREDIT,3206.58,2954.782197235023041474654377880184332906,EUR,,
ETH,,2024-10-21 14:05:18,DEBIT,-1.2,-2959.730875576036866359447004608294930875,EUR,,
USDC,,2024-10-21 14:05:18,EXCHANGE_FEE,-3.046251,-2.807043087373271889400921658986175116,EUR,,
EURI,,2024-10-22 04:25:38,EARN,0.09589,0,EUR,0,USD
BTC,,2024-10-22 04:28:39,EARN,0.00000006,0,EUR,0,USD
ETH,,2024-10-22 06:21:15,CREDIT,1.2,2941.695290858725761772853185595567867036,EUR,,
ETH,,2024-10-22 06:21:15,EXCHANGE_FEE,-0.00114,-2.794610526315789473684210526315789474,EUR,,
USDC,,2024-10-22 06:21:15,DEBIT,-3185.22,-2940.813922437673130193905817174515235819,EUR,,
ETH,,2024-10-22 06:21:17,LOAN_REPAYMENT,-1.19516593,-2929.844990063157894736842105263157894737,EUR,,
USDC,,2024-10-22 10:00:00,LOAN,3370.71018176,3114.947422127378927911275415896487985026,EUR,,
ETH,,2024-10-22 10:00:21,CREDIT,1.6,3880.221811460258780036968576709796672829,EUR,,
ETH,,2024-10-22 10:00:21,EXCHANGE_FEE,-0.00152002,-3.686259223659889094269870609981515712,EUR,,
USDC,,2024-10-22 10:00:21,DEBIT,-4196.455549,-3878.03687933927911275415896487985212546,EUR,,
USDC,,2024-10-22 12:17:16,CREDIT,4214.165512,3894.792524953789279112754158964879853247,EUR,,
ETH,,2024-10-22 12:17:16,DEBIT,-1597,-3891.735499075785582255083179297597042513,EUR,,
USDC,,2024-10-22 12:17:16,EXCHANGE_FEE,-4.00345724,-3.700052902033271719038817005545286508,EUR,,
USDC,,2024-10-22 12:17:18,LOAN_REPAYMENT,-3370.91419131,-3115.447496589648798521256931608133087773,EUR,,
ETH,,2024-10-22 12:18:00,LOAN,1.3,3166.701478743068391866913123844731977819,EUR,,
USDC,,2024-10-22 12:18:04,CREDIT,3426.808524,3167.105844731977818853974121996303143241,EUR,,
ETH,,2024-10-22 12:18:04,DEBIT,-1.3,-3166.701478743068391866913123844731977819,EUR,,
USDC,,2024-10-22 12:18:04,EXCHANGE_FEE,-3.25546809,-3.008750545286506469500924214417744918,EUR,,
ETH,,2024-10-22 15:22:19,CREDIT,1303,3154.875189639222941720629047178538390379,EUR,,
ETH,,2024-10-22 15:22:19,EXCHANGE_FEE,-0.00123786,-2.997155642553191489361702127659574468,EUR,,
USDC,,2024-10-22 15:22:19,DEBIT,-3412.02277,-3156.042153305272895467160037002775209005,EUR,,
ETH,,2024-10-22 15:22:21,LOAN_REPAYMENT,-1.30001532,-3147.660590294542090656799259944495837187,EUR,,
ETH,,2024-10-22 15:22:43,CREDIT,697,1687.784532839962997224791859389454209066,EUR,,
ETH,,2024-10-22 15:22:43,EXCHANGE_FEE,-0.000697,-1.687784532839962997224791859389454209,EUR,,
BTC,,2024-10-22 15:22:43,DEBIT,-0.02716906,-1687.19762066938020351526364477335800185,EUR,,
ETH,,2024-10-22 15:22:45,LOAN_REPAYMENT,-0.69625583,-1685.808623281313598519888991674375578168,EUR,,
ETH,,2024-10-22 22:00:00,LOAN,0.3,730.755555555555555555555555555555555556,EUR,,
ETH,,2024-10-22 22:01:00,LOAN,1,2435.851851851851851851851851851851851852,EUR,,
BTC,,2024-10-23 03:03:02,EARN,0.00000006,0,EUR,0,USD
EURI,,2024-10-23 03:03:28,EARN,0.09589,0,EUR,0,USD
ETH,,2024-10-23 09:50:04,LOAN_REPAYMENT,-1.3,-3108.566265060240963855421686746987951807,EUR,,
ETH,,2024-10-23 17:24:58,CREDIT,0.0019,4.423948003714020427112349117920148561,EUR,,
ETH,,2024-10-23 17:24:58,EXCHANGE_FEE,-0.00000181,-0.004214392571959145775301764159702878,EUR,,
USDC,,2024-10-23 17:24:58,DEBIT,-4.764668,-4.423133766388115134633240482822655523,EUR,,
ETH,,2024-10-23 17:25:00,LOAN_REPAYMENT,-0.0000452,-0.105121686165273909006499535747446611,EUR,,
ETH,,2024-10-23 17:26:00,LOAN,1.4,3255.981429897864438254410399257195914577,EUR,,
ETH,,2024-10-23 17:26:30,LOAN_REPAYMENT,-1.40000401,-3255.990755958960074280408542246982358403,EUR,,
USDC,,2024-10-23 23:11:00,LOAN,3389.43269951,3143.871759035295918367346938775510204981,EUR,,
ETH,,2024-10-24 00:22:43,CREDIT,1.4635,3410.674531539888682745825602968460111318,EUR,,
ETH,,2024-10-24 00:22:43,EXCHANGE_FEE,-0.0014635,-3.410674531539888682745825602968460111,EUR,,
USDC,,2024-10-24 00:22:43,DEBIT,-3674.8485,-3408.609476020408163265306122448979592812,EUR,,
ETH,,2024-10-24 00:26:48,CREDIT,0.2365,550.803673469387755102040816326530612245,EUR,,
ETH,,2024-10-24 00:26:48,EXCHANGE_FEE,-0.0002365,-0.550803673469387755102040816326530612,EUR,,
USDC,,2024-10-24 00:26:48,DEBIT,-593.8515,-550.82756479591836734693877551020408179,EUR,,
BTC,,2024-10-24 03:26:39,EARN,0.00000006,0,EUR,0,USD
EURI,,2024-10-24 03:28:46,EARN,0.09589,0,EUR,0,USD
ETH,,2024-10-24 08:34:00,LOAN,0.00285102,6.716014907321594068582020389249304912,EUR,,
USDC,,2024-10-24 08:34:59,CREDIT,4330.08186,4012.248233204819277108433734939759034511,EUR,,
ETH,,2024-10-24 08:34:59,DEBIT,-1703,-4011.999935185185185185185185185185185186,EUR,,
USDC,,2024-10-24 08:34:59,EXCHANGE_FEE,-4.11357777,-3.811635824324374420759962928637627431,EUR,,
ETH,,2024-10-24 08:35:00,LOAN,0.00198566,4.6760544735866543095458758109360519,EUR,,
USDC,,2024-10-24 08:35:01,LOAN_REPAYMENT,-3390.12158617,-3141.596454134738646895273401297497683505,EUR,,
USDC,,2024-10-24 08:35:26,CREDIT,4.830997,4.476843281093605189990732159406858203,EUR,,
ETH,,2024-10-24 08:35:26,DEBIT,-0.0019,-4.467111111111111111111111111111111111,EUR,,
USDC,,2024-10-24 08:35:26,EXCHANGE_FEE,-0.00458945,-0.004253003758109360518999073215940686,EUR,,
ETH,,2024-10-24 08:36:25,CREDIT,5,11.755555555555555555555555555555555556,EUR,,
ETH,,2024-10-24 08:36:25,EXCHANGE_FEE,-0.00000475,-0.011167777777777777777777777777777778,EUR,,
USDC,,2024-10-24 08:36:25,DEBIT,-12.7036,-11.772316626506024096385542168674698797,EUR,,
ETH,,2024-10-24 08:36:27,LOAN_REPAYMENT,-0.0048367,-11.390002655236329935125115848007414272,EUR,,
ETH,,2024-10-24 22:32:00,LOAN,1.4,3275.689750692520775623268698060941828254,EUR,,
USDC,,2024-10-24 22:32:46,CREDIT,3548454,3276.504155124653739612188365650969528237,EUR,,
ETH,,2024-10-24 22:32:46,DEBIT,-1.4,-3275.689750692520775623268698060941828254,EUR,,
USDC,,2024-10-24 22:32:46,EXCHANGE_FEE,-3.3710313,-3.112678947368421052631578947368421052,EUR,,
BTC,,2024-10-24 22:38:00,LOAN,0.03468657,2186.044366645983379501385041551246537396,EUR,,
USDC,,2024-10-24 22:38:59,CREDIT,2593.71698,2394.937192982456140350877192982456139731,EUR,,
BTC,,2024-10-24 22:38:59,DEBIT,-38,-2394.865964912280701754385964912280701754,EUR,,
USDC,,2024-10-24 22:38:59,EXCHANGE_FEE,-2.46403113,-2.275190332409972299168975069252077562,EUR,,
BTC,,2024-10-25 03:07:03,EARN,0.00000006,0,EUR,0,USD
EURI,,2024-10-25 03:09:18,EARN,0.09589,0,EUR,0,USD
ETH,,2024-10-25 06:13:09,CREDIT,1404,3239.178521256931608133086876155268022181,EUR,,
ETH,,2024-10-25 06:13:09,EXCHANGE_FEE,-0.00133381,-3.077242666266173752310536044362292052,EUR,,
USDC,,2024-10-25 06:13:09,DEBIT,-3506.087637,-3240.052706318207024029574861367837338068,EUR,,
ETH,,2024-10-25 06:13:11,LOAN_REPAYMENT,-1.40003454,-3230.029779904436229205175600739371534196,EUR,,
BTC,,2024-10-25 06:15:18,CREDIT,35,2191.003881700554528650646950092421441774,EUR,,
BTC,,2024-10-25 06:15:18,EXCHANGE_FEE,-0.00003325,-2.08145368761552680221811460258780037,EUR,,
USDC,,2024-10-25 06:15:18,DEBIT,-2371.6707,-2191.493868632162661737523105360443622026,EUR,,
BTC,,2024-10-25 06:15:21,LOAN_REPAYMENT,-0.03468711,-2171.416932999260628465804066543438077634,EUR,,
BTC,,2024-10-25 22:53:00,EARN,0.00000046,0,EUR,0,USD
EURI,,2024-10-26 03:31:31,EARN,0.09589,0,EUR,0,USD
ETH,,2024-10-26 14:10:00,LOAN,1.5,3423.975903614457831325301204819277108434,EUR,,
USDC,,2024-10-26 14:10:24,CREDIT,3694815,3423.95321455050973123262279888785912933,EUR,,
ETH,,2024-10-26 14:10:24,DEBIT,-1.5,-3423.975903614457831325301204819277108434,EUR,,
USDC,,2024-10-26 14:10:24,EXCHANGE_FEE,-3.51007425,-3.252755553822984244670991658943466173,EUR,,
ETH,,2024-10-26 14:52:16,CREDIT,1504,3408.211751621872103799814643188137164041,EUR,,
ETH,,2024-10-26 14:52:16,EXCHANGE_FEE,-0.00142881,-3.237823825023169601482854494902687674,EUR,,
USDC,,2024-10-26 14:52:16,DEBIT,-3681.536459,-3411.648105054772937905468025949953661302,EUR,,
ETH,,2024-10-26 14:52:18,LOAN_REPAYMENT,-1.5000043,-3403.383250313253012048192771084337349397,EUR,,
USDC,,2024-10-26 14:57:00,LOAN,3956.84336491,3670.541154833024118738404452690166975602,EUR,,
ETH,,2024-10-26 14:57:11,CREDIT,2,4534.452690166975881261595547309833024118,EUR,,
ETH,,2024-10-26 14:57:11,EXCHANGE_FEE,-0.00190001,-4.307752727922077922077922077922077922,EUR,,
USDC,,2024-10-26 14:57:11,DEBIT,-4894.6331,-4540.475974025974025974025974025974025629,EUR,,
USDC,,2024-10-26 17:45:56,CREDIT,4950.86293,4592.637226345083487940630797773654916163,EUR,,
ETH,,2024-10-26 17:45:56,DEBIT,-2,-4592.430426716141001855287569573283858998,EUR,,
USDC,,2024-10-26 17:45:56,EXCHANGE_FEE,-4.70331978,-4.363005361781076066790352504638218924,EUR,,
USDC,,2024-10-26 17:45:59,LOAN_REPAYMENT,-3957.06552783,-3670.74724288497217068645640074211502755,EUR,,
BTC,,2024-10-26 23:21:00,LOAN,0.08908925,5539.434856764842300556586270871985157699,EUR,,
USDC,,2024-10-26 23:21:24,CREDIT,6703,6217.374489795918367346938775510204083411,EUR,,
BTC,,2024-10-26 23:21:24,DEBIT,-0.1,-6217.733766233766233766233766233766233766,EUR,,
USDC,,2024-10-26 23:21:24,EXCHANGE_FEE,-6703,-6.217374489795918367346938775510204083,EUR,,
USDC,,2024-10-26 23:27:00,LOAN,93703,86.914313265306122448979591836734693902,EUR,,
ETH,,2024-10-26 23:39:00,LOAN,1.6,3682.879406307977736549165120593692022264,EUR,,
EURI,,2024-10-27 03:01:32,EARN,0.09589,0,EUR,0,USD
BTC,,2024-10-27 13:08:42,CREDIT,0.1,6248.280296022201665124884366327474560592,EUR,,
BTC,,2024-10-27 13:08:42,EXCHANGE_FEE,-0.000095,-5.935866281221091581868640148011100833,EUR,,
USDC,,2024-10-27 13:08:42,DEBIT,-6753011,-6247.003700277520814061054579093432009019,EUR,,
BTC,,2024-10-27 13:08:44,LOAN_REPAYMENT,-0.0890912,-5566.667895089731729879740980573543015726,EUR,,
USDC,,2024-10-27 13:23:46,CREDIT,3986.4,3687.69657724329324699352451433857539411,EUR,,
ETH,,2024-10-27 13:23:46,DEBIT,-1.6,-3690.044444444444444444444444444444444445,EUR,,
USDC,,2024-10-27 13:23:46,EXCHANGE_FEE,-3.9864,-3.687696577243293246993524514338575394,EUR,,
ETH,,2024-10-27 17:35:40,CREDIT,1.6,3709.866666666666666666666666666666666667,EUR,,
ETH,,2024-10-27 17:35:40,EXCHANGE_FEE,-0.00152003,-3.524442893333333333333333333333333333,EUR,,
USDC,,2024-10-27 17:35:40,DEBIT,-4010.112636,-3713.067255555555555555555555555555555853,EUR,,
BTC,,2024-10-27 21:54:00,LOAN,0.0791862,4973.268028038888888888888888888888888889,EUR,,
USDC,,2024-10-27 21:54:51,CREDIT,2135.4458,1977.066903166666666666666666666666665955,EUR,,
BTC,,2024-10-27 21:54:51,DEBIT,-0.03148,-1977.092947037037037037037037037037037037,EUR,,
USDC,,2024-10-27 21:54:51,EXCHANGE_FEE,-2.1354458,-1.977066903166666666666666666666666666,EUR,,
USDC,,2024-10-27 21:55:00,CREDIT,3969.7042,3675.652037037037037037037037037037037331,EUR,,
BTC,,2024-10-27 21:55:00,DEBIT,-0.05852,-3673.492215555555555555555555555555555556,EUR,,
USDC,,2024-10-27 21:55:00,EXCHANGE_FEE,-3.9697042,-3.675652037037037037037037037037037037,EUR,,
USDC,,2024-10-27 22:09:00,LOAN,97.46615,90.153934676225716928769657724329324724,EUR,,
BTC,,2024-10-27 22:11:55,CREDIT,91,5739.444148148148148148148148148148148148,EUR,,
BTC,,2024-10-27 22:11:55,EXCHANGE_FEE,-0.00008645,-5.452471940740740740740740740740740741,EUR,,
USDC,,2024-10-27 22:11:55,DEBIT,-6202.8949363,-5743.421237314814814814814814814814815274,EUR,,
BTC,,2024-10-27 22:11:57,LOAN_REPAYMENT,-0.07918644,-4996.018407947777777777777777777777777778,EUR,,
USDC,,2024-10-27 22:19:00,LOAN,5472.21447766,5066.358570566883333333333333333333331509,EUR,,
BTC,,2024-10-27 22:19:38,CREDIT,0.08,5040.577037037037037037037037037037037037,EUR,,
BTC,,2024-10-27 22:19:38,EXCHANGE_FEE,-0.000076,-4.788548185185185185185185185185185185,EUR,,
USDC,,2024-10-27 22:19:38,DEBIT,-5447.6808,-5043.644473999999999999999999999999998184,EUR,,
EURI,,2024-10-28 03:21:33,EARN,0.09589,0,EUR,0,USD
USDC,,2024-10-28 05:43:43,CREDIT,5468.1561,5067.79990732159406858202038924930491005,EUR,,
BTC,,2024-10-28 05:43:43,DEBIT,-81,-5080.504670991658943466172381835032437442,EUR,,
USDC,,2024-10-28 05:43:43,EXCHANGE_FEE,-5.1947483,-4.814409916589434661723818350324374419,EUR,,
USDC,,2024-10-28 05:43:45,LOAN_REPAYMENT,-5462.9613517,-5062.985497405004633920296570898980535631,EUR,,
BTC,,2024-10-28 14:56:00,LOAN,0.06934889,4413.401139697045244690674053554939981533,EUR,,
USDC,,2024-10-28 14:59:58,CREDIT,4012.5399,3708.977491179736774491682070240295747776,EUR,,
ETH,,2024-10-28 14:59:58,DEBIT,-1.59,-3710.416358595194085027726432532347504622,EUR,,
USDC,,2024-10-28 14:59:58,EXCHANGE_FEE,-3.8119129,-3.523528611999017088724584103512014787,EUR,,
ETH,,2024-10-28 15:01:29,LOAN_REPAYMENT,-0.00847997,-19.749865804621072088724584103512014787,EUR,,
BTC,,2024-10-28 15:06:06,LOAN_REPAYMENT,-0.06934889,-4397.767223267220683287165281625115420129,EUR,,
BTC,,2024-10-28 15:07:00,LOAN,0.06934889,4397.767223267220683287165281625115420129,EUR,,
USDC,,2024-10-28 15:07:42,CREDIT,5494.561822,5073.46428624192059095106186518928901069,EUR,,
BTC,,2024-10-28 15:07:42,DEBIT,-0.08,-5072.469500924214417744916820702402957486,EUR,,
USDC,,2024-10-28 15:07:42,EXCHANGE_FEE,-5.21983372,-4.819791061865189289012003693444136656,EUR,,
USDC,,2024-10-28 15:07:44,LOAN_REPAYMENT,-201.08341401,-185.672589113573407202216066481994459786,EUR,,
USDC,,2024-10-28 15:09:00,LOAN,275.50268437,254.388443554939981532779316712834718309,EUR,,
ETH,,2024-10-28 17:34:40,CREDIT,1.6,3703.357340720221606648199445983379501386,EUR,,
ETH,,2024-10-28 17:34:40,EXCHANGE_FEE,-0.00152001,-3.518212619667590027700831024930747922,EUR,,
USDC,,2024-10-28 17:34:40,DEBIT,-4012.48,-3708.391866913123844731977818853974123064,EUR,,
ETH,,2024-10-28 17:34:42,LOAN_REPAYMENT,-1.59171284,-3687.71325999260628465804066543438077634,EUR,,
BTC,,2024-10-28 19:04:09,CREDIT,0.0805,5158.989810536044362292051756007393715342,EUR,,
BTC,,2024-10-28 19:04:09,EXCHANGE_FEE,-0.00007649,-4.902001622458410351201478743068391867,EUR,,
USDC,,2024-10-28 19:04:09,DEBIT,-5581.6688078,-5158.658787245841035120147874306839188177,EUR,,
BTC,,2024-10-28 19:04:11,LOAN_REPAYMENT,-0.06934955,-4444.39281758086876155268022181146025878,EUR,,
USDC,,2024-10-28 23:25:35,CREDIT,772.6760819,713.458986057248384118190212373037857618,EUR,,
BTC,,2024-10-28 23:25:35,DEBIT,-0.01107,-713.53734432132963988919667590027700831,EUR,,
USDC,,2024-10-28 23:25:35,EXCHANGE_FEE,-0.73404228,-0.677786038781163434903047091412742382,EUR,,
USDC,,2024-10-28 23:25:37,LOAN_REPAYMENT,-275.54116934,-254.423979076638965835641735918744228928,EUR,,
BTC,,2024-10-28 23:30:00,LOAN,0.06895604,4443.460999426777469990766389658356417359,EUR,,
USDC,,2024-10-28 23:30:36,CREDIT,4812.4370432,4443.172483375512465373961218836565097499,EUR,,
BTC,,2024-10-28 23:30:36,DEBIT,-0.06896,-4443.716178024007386888273314866112650046,EUR,,
USDC,,2024-10-28 23:30:36,EXCHANGE_FEE,-4.57181519,-4.221013858246537396121883656509695291,EUR,,
ETH,,2024-10-28 23:33:00,LOAN,1.49323285,3534.384261644967682363804247460757156049,EUR,,
USDC,,2024-10-28 23:33:58,CREDIT,3845265,3550.212810249307479224376731301939058608,EUR,,
ETH,,2024-10-28 23:33:58,DEBIT,-1.5,-3550.401662049861495844875346260387811635,EUR,,
USDC,,2024-10-28 23:33:58,EXCHANGE_FEE,-3.65300175,-3.372702169736842105263157894736842106,EUR,,
ETH,,2024-10-29 01:24:16,CREDIT,1.5,3591.058225508317929759704251386321626618,EUR,,
ETH,,2024-10-29 01:24:16,EXCHANGE_FEE,-0.001425,-3.411505314232902033271719038817005545,EUR,,
USDC,,2024-10-29 01:24:16,DEBIT,-3885,-3590.21395563770794824399260628465804045,EUR,,
ETH,,2024-10-29 01:24:18,LOAN_REPAYMENT,-1.49324524,-3574.887067868761552680221811460258780037,EUR,,
BTC,,2024-10-29 01:55:57,CREDIT,0.07,4539.075092250922509225092250922509225092,EUR,,
BTC,,2024-10-29 01:55:57,EXCHANGE_FEE,-0.0000665,-4.312121337638376383763837638376383764,EUR,,
USDC,,2024-10-29 01:55:57,DEBIT,-4921,-4539.667896678966789667896678966789666789,EUR,,
BTC,,2024-10-29 01:55:59,LOAN_REPAYMENT,-0.06895637,-4471.402021700553505535055350553505535055,EUR,,
EURI,,2024-10-29 03:05:53,EARN,0.09589,0,EUR,0,USD
BTC,,2024-10-29 14:05:00,LOAN,0.05902287,3919.641638392784458834412580943570767808,EUR,,
USDC,,2024-10-29 14:05:10,CREDIT,4309.1988,3986.307863089731729879740980573543016759,EUR,,
BTC,,2024-10-29 14:05:10,DEBIT,-0.06,-3984.53172987974098057354301572617946346,EUR,,
USDC,,2024-10-29 14:05:10,EXCHANGE_FEE,-4.09373885,-3.786992460684551341350601295097132286,EUR,,
ETH,,2024-10-29 14:06:00,LOAN,1.39467024,3396.273616913228492136910268270120259019,EUR,,
USDC,,2024-10-29 14:06:23,CREDIT,3686732,3410.482886216466234967622571692876966656,EUR,,
ETH,,2024-10-29 14:06:23,DEBIT,-1.4,-3409.252543940795559666975023126734505088,EUR,,
USDC,,2024-10-29 14:06:23,EXCHANGE_FEE,-3.5023954,-3.239958741905642923219241443108233118,EUR,,
BTC,,2024-10-29 14:18:00,LOAN,0.06,3972.479444444444444444444444444444444444,EUR,,
USDC,,2024-10-29 14:18:15,CREDIT,4294.32,3972.54394079555966697502312673450508891,EUR,,
BTC,,2024-10-29 14:18:15,DEBIT,-0.06,-3967.922109158186864014801110083256244218,EUR,,
USDC,,2024-10-29 14:18:15,EXCHANGE_FEE,-4.079604,-3.773916743755781683626271970397779834,EUR,,
BTC,,2024-10-29 15:47:51,CREDIT,0.1205,8071.833083333333333333333333333333333333,EUR,,
BTC,,2024-10-29 15:47:51,EXCHANGE_FEE,-0.00011446,-7.667236636666666666666666666666666667,EUR,,
USDC,,2024-10-29 15:47:51,DEBIT,-8718.3805853,-8065.106924421831637372802960222016653338,EUR,,
BTC,,2024-10-29 15:47:53,LOAN_REPAYMENT,-0.11902323,-7964.863889244310823311748381128584643848,EUR,,
ETH,,2024-10-29 16:52:41,CREDIT,1.4,3455.435707678075855689176688251618871415,EUR,,
ETH,,2024-10-29 16:52:41,EXCHANGE_FEE,-0.00133004,-3.282762649028677150786308973172987974,EUR,,
USDC,,2024-10-29 16:52:41,DEBIT,-3733.07322,-3456.549277777777777777777777777777778054,EUR,,
ETH,,2024-10-29 16:52:43,LOAN_REPAYMENT,-1.39468278,-3440.514539777222222222222222222222222223,EUR,,
BTC,,2024-10-29 17:09:00,LOAN,0.10863769,7308.456380980203515263644773358001850139,EUR,,
USDC,,2024-10-29 17:09:11,CREDIT,8005.9921599,7406.098205272895467160037002775208142529,EUR,,
BTC,,2024-10-29 17:09:11,DEBIT,-0.11,-7400.103977798334875115633672525439407956,EUR,,
USDC,,2024-10-29 17:09:11,EXCHANGE_FEE,-7.60569255,-7.035793293246993524514338575393154488,EUR,,
ETH,,2024-10-29 17:52:00,LOAN,0.99601282,2447.399752884921369102682701202590194265,EUR,,
USDC,,2024-10-29 19:00:22,CREDIT,2668,2463.280886426592797783933518005540166508,EUR,,
ETH,,2024-10-29 19:00:22,DEBIT,-1,-2467.276084949215143120960295475530932595,EUR,,
USDC,,2024-10-29 19:00:22,EXCHANGE_FEE,-2668,-2.463280886426592797783933518005540167,EUR,,
BTC,,2024-10-29 19:00:23,CREDIT,0.11,7455.694367497691597414589104339796860573,EUR,,
BTC,,2024-10-29 19:00:23,EXCHANGE_FEE,-0.0001045,-7.082909649122807017543859649122807018,EUR,,
USDC,,2024-10-29 19:00:23,DEBIT,-8067.0693086,-7448.072577718504155124653739612188366567,EUR,,
BTC,,2024-10-29 19:00:25,LOAN_REPAYMENT,-0.10863803,-7360.081079920590951061865189289012003693,EUR,,
EURI,,2024-10-30 03:57:22,EARN,0.09589,0,EUR,0,USD
BTC,,2024-10-30 22:09:00,LOAN,0.09,5999.54820607175712971481140754369825207,EUR,,
USDC,,2024-10-30 22:09:30,CREDIT,6513.8391,5991.893023081876724931002759889604413858,EUR,,
BTC,,2024-10-30 22:09:30,DEBIT,-0.09,-5999.54820607175712971481140754369825207,EUR,,
USDC,,2024-10-30 22:09:30,EXCHANGE_FEE,-6.18814714,-5.692298367328426862925482980680772767,EUR,,
EURI,,2024-10-31 03:17:07,EARN,0.09589,0,EUR,0,USD
ETH,,2024-10-31 14:04:29,CREDIT,1.05,2487.28176795580110497237569060773480663,EUR,,
ETH,,2024-10-31 14:04:29,EXCHANGE_FEE,-0.00105,-2.487281767955801104972375690607734807,EUR,,
USDC,,2024-10-31 14:04:29,DEBIT,-2703.75,-2489.391919889502762430939226519337015574,EUR,,
ETH,,2024-10-31 14:04:32,LOAN_REPAYMENT,-0.99613245,-2359.678172718232044198895027624309392265,EUR,,
BTC,,2024-10-31 15:37:37,CREDIT,0.0905,5901.566666666666666666666666666666666667,EUR,,
BTC,,2024-10-31 15:37:37,EXCHANGE_FEE,-0.00008598,-5.606814386740331491712707182320441989,EUR,,
USDC,,2024-10-31 15:37:37,DEBIT,-6409.029905,-5905.75861660737327188940092165898617733,EUR,,
BTC,,2024-10-31 15:37:39,LOAN_REPAYMENT,-0.09000232,-5869.112614747697974217311233885819521179,EUR,,
USDC,,2024-11-01 00:03:00,LOAN,3991.22519069,3668.038665598282169117647058823529412234,EUR,,
ETH,,2024-11-01 00:03:12,CREDIT,1.9283,4463.60686305147058823529411764705882353,EUR,,
ETH,,2024-11-01 00:03:12,EXCHANGE_FEE,-0.00183189,-4.240438093841911764705882352941176471,EUR,,
USDC,,2024-11-01 00:03:12,DEBIT,-4855.941475,-4458.191264191919191919191919191919190198,EUR,,
USDC,,2024-11-01 00:13:00,LOAN,7662.51893218,7042.052095851821691176470588235294118549,EUR,,
BTC,,2024-11-01 00:13:13,CREDIT,0.12,7757.348161764705882352941176470588235294,EUR,,
BTC,,2024-11-01 00:13:13,EXCHANGE_FEE,-0.000114,-7.369480753676470588235294117647058824,EUR,,
USDC,,2024-11-01 00:13:13,DEBIT,-8433.3694514,-7750.483561079834558823529411764705883345,EUR,,
USDC,,2024-11-01 01:31:20,CREDIT,8354.6940587,7678.178850454163602941176470588235295101,EUR,,
BTC,,2024-11-01 01:31:20,DEBIT,-0.1198,-7669.110413602941176470588235294117647059,EUR,,
USDC,,2024-11-01 01:31:20,EXCHANGE_FEE,-7.93695936,-7.294269911823529411764705882352941177,EUR,,
USDC,,2024-11-01 01:31:22,LOAN_REPAYMENT,-7662.819542,-7042.328364012683823529411764705882353843,EUR,,
USDC,,2024-11-01 02:03:33,CREDIT,4912.360113,4515.036868566176470588235294117647057957,EUR,,
ETH,,2024-11-01 02:03:33,DEBIT,-1979,-4517.285772058823529411764705882352941177,EUR,,
USDC,,2024-11-01 02:03:33,EXCHANGE_FEE,-4.6667421,-4.289285018382352941176470588235294117,EUR,,
USDC,,2024-11-01 02:03:35,LOAN_REPAYMENT,-3991.38177125,-3668.549422104779411764705882352941175766,EUR,,
EURI,,2024-11-01 04:01:54,EARN,0.09589,0,EUR,0,USD
USDC,,2024-11-01 09:04:00,LOAN,6232.85056167,5732.846358378717571297148114075436980187,EUR,,
BTC,,2024-11-01 09:04:20,CREDIT,0.1,6381.576816927322907083716651333946642134,EUR,,
BTC,,2024-11-01 09:04:20,EXCHANGE_FEE,-0.000095,-6.06249797608095676172953081876724931,EUR,,
USDC,,2024-11-01 09:04:20,DEBIT,-6931112,-6375.092711683532658693652253909843603661,EUR,,
USDC,,2024-11-01 14:20:43,CREDIT,7119408,6555.624309392265193370165745856353588735,EUR,,
BTC,,2024-11-01 14:20:43,DEBIT,-0.0996,-6545.26169060773480662983425414364640884,EUR,,
USDC,,2024-11-01 14:20:43,EXCHANGE_FEE,-7.119408,-6.555624309392265193370165745856353589,EUR,,
USDC,,2024-11-01 14:20:46,LOAN_REPAYMENT,-6233.64583104,-5740.005369281767955801104972375690605611,EUR,,
EURI,,2024-11-01 18:24:00,EARN,2.06864455,0,EUR,0,USD
USDC,,2024-11-01 18:45:00,LOAN,6752.89893282,6228.988600485902214022140221402214022315,EUR,,
BTC,,2024-11-01 18:45:52,CREDIT,0.11,7035.2630996309963099630996309963099631,EUR,,
BTC,,2024-11-01 18:45:52,EXCHANGE_FEE,-0.0001045,-6.683499944649446494464944649446494465,EUR,,
USDC,,2024-11-01 18:45:52,DEBIT,-7626916,-7035.196778966789667896678966789667896876,EUR,,
USDC,,2024-11-01 18:48:00,LOAN,1528.06642103,1409.514404416879151291512915129151291552,EUR,,
BTC,,2024-11-01 18:48:57,CREDIT,0.02302,1469.996464575645756457564575645756457565,EUR,,
BTC,,2024-11-01 18:48:57,EXCHANGE_FEE,-0.00002187,-1.396560498708487084870848708487084871,EUR,,
USDC,,2024-11-01 18:48:57,DEBIT,-1593.12212,-1469.52288541328413284132841328413284137,EUR,,
USDC,,2024-11-02 09:52:55,CREDIT,9165.6116199,8470.990406561922365988909426987061000591,EUR,,
BTC,,2024-11-02 09:52:55,DEBIT,-0.13189,-8470.636468946395563770794824399260628466,EUR,,
USDC,,2024-11-02 09:52:55,EXCHANGE_FEE,-8.70733104,-8.047440887245841035120147874306839189,EUR,,
USDC,,2024-11-02 09:52:57,LOAN_REPAYMENT,-8283.14719207,-7655.404059214417744916820702402957488342,EUR,,
USDC,,2024-11-02 22:45:01,CREDIT,0.69828476,0.645961850138760407030527289546716004,EUR,,
ETH,,2024-11-02 22:45:01,DEBIT,-0.00028566,-0.658367096672828096118299445471349353,EUR,,
ETH,,2024-11-02 22:52:00,LOAN,1.48948922,3434.40940381739130434782608695652173913,EUR,,
BTC,,2024-11-02 22:52:00,LOAN,0.11,7067.194727104532839962997224791859389454,EUR,,
USDC,,2024-11-02 22:52:31,CREDIT,7639.9862,7067.517298797409805735430157261794636428,EUR,,
BTC,,2024-11-02 22:52:31,DEBIT,-0.11,-7067.194727104532839962997224791859389454,EUR,,
USDC,,2024-11-02 22:52:31,EXCHANGE_FEE,-7.25798689,-6.714141433857539315448658649398704905,EUR,,
USDC,,2024-11-02 22:52:47,CREDIT,3738.952764,3458.790716003700277520814061054579094328,EUR,,
ETH,,2024-11-02 22:52:47,DEBIT,-1.5,-3458.644773358001850138760407030527289546,EUR,,
USDC,,2024-11-02 22:52:47,EXCHANGE_FEE,-3.55200512,-3.285851174838112858464384828862164663,EUR,,
EURI,,2024-11-03 01:16:29,STAKING,0.12329,0,EUR,0,USD
ETH,,2024-11-03 02:26:41,CREDIT,1495,3399.375531914893617021276595744680851063,EUR,,
ETH,,2024-11-03 02:26:41,EXCHANGE_FEE,-0.001495,-3.399375531914893617021276595744680851,EUR,,
USDC,,2024-11-03 02:26:41,DEBIT,-3670225,-3394.87324468085106382978723404255319242,EUR,,
ETH,,2024-11-03 02:26:44,LOAN_REPAYMENT,-1.48950898,-3384.533679531914893617021276595744680851,EUR,,
BTC,,2024-11-03 02:42:01,CREDIT,0.1103,6926.124733580018501387604070305272895467,EUR,,
BTC,,2024-11-03 02:42:01,EXCHANGE_FEE,-0.0001103,-6.926124733580018501387604070305272895,EUR,,
USDC,,2024-11-03 02:42:01,DEBIT,-7498194,-6936.349676225716928769657724329324701149,EUR,,
BTC,,2024-11-03 02:42:03,LOAN_REPAYMENT,-0.11000075,-6907.333774137372802960222016651248843663,EUR,,
BTC,,2024-11-03 03:10:30,EARN,0.00000001,0,EUR,0,USD
EURI,,2024-11-03 03:19:01,EARN,0.09239516,0,EUR,0,USD
USDC,,2024-11-03 14:02:00,LOAN,8604.96194663,7952.034612232289279112754158964879851649,EUR,,
BTC,,2024-11-03 14:02:33,CREDIT,0.14,8807.515157116451016635859519408502772643,EUR,,
BTC,,2024-11-03 14:02:33,EXCHANGE_FEE,-0.000133,-8.367139399260628465804066543438077634,EUR,,
USDC,,2024-11-03 14:02:33,DEBIT,-9528.8853053,-8806.733184195933456561922365988909429523,EUR,,
USDC,,2024-11-03 14:10:00,LOAN,3928.61079428,3630.878737781885397412199630314232903079,EUR,,
ETH,,2024-11-03 14:10:18,CREDIT,2,4505.619223659889094269870609981515711646,EUR,,
ETH,,2024-11-03 14:10:18,EXCHANGE_FEE,-0.00190001,-4.280360790573012939001848428835489834,EUR,,
USDC,,2024-11-03 14:10:18,DEBIT,-4872.14,-4502.902033271719038817005545286506470798,EUR,,
USDC,,2024-11-03 14:25:43,CREDIT,4835.226291,4468.338972616358595194085027726432532079,EUR,,
ETH,,2024-11-03 14:25:43,DEBIT,-1995,-4471.639463955637707948243992606284658041,EUR,,
USDC,,2024-11-03 14:25:43,EXCHANGE_FEE,-4.59346497,-4.24492201802495378927911275415896488,EUR,,
USDC,,2024-11-03 14:25:45,LOAN_REPAYMENT,-3928.66965273,-3630.570042296420517560073937153419593128,EUR,,
USDC,,2024-11-03 14:40:00,LOAN,8551.39179792,7903.319591423290203327171903881700556805,EUR,,
BTC,,2024-11-03 14:40:53,CREDIT,0.14,8769.405914972273567467652495378927911275,EUR,,
BTC,,2024-11-03 14:40:53,EXCHANGE_FEE,-0.000133,-8.330935619223659889094269870609981516,EUR,,
USDC,,2024-11-03 14:40:53,DEBIT,-9492.5586,-8773.159519408502772643253234750462109736,EUR,,
USDC,,2024-11-03 16:30:18,CREDIT,19002.5022186,17560.63028500752310536044362292051755902,EUR,,
BTC,,2024-11-03 16:30:18,DEBIT,-278,-17541.365785582255083179297597042513863216,EUR,,
USDC,,2024-11-03 16:30:18,EXCHANGE_FEE,-18.0523771,-16.68259876366913123844731977818853974,EUR,,
USDC,,2024-11-03 16:30:20,LOAN_REPAYMENT,-17157.13774875,-15856.874074630314232902033271719038821572,EUR,,
USDC,,2024-11-03 16:38:00,LOAN,17358.63089434,16043.096944861367837338262476894639560997,EUR,,
BTC,,2024-11-03 16:38:27,CREDIT,0.28,17644.981515711645101663585951940850277264,EUR,,
BTC,,2024-11-03 16:38:27,EXCHANGE_FEE,-0.00026599,-16.762102262014787430683918669131238447,EUR,,
USDC,,2024-11-03 16:38:27,DEBIT,-19098.2456,-17650.873937153419593345656192236598896026,EUR,,
USDC,,2024-11-03 20:44:04,CREDIT,18573.2973,17181.588621646623496762257169287696581693,EUR,,
BTC,,2024-11-03 20:44:04,DEBIT,-0.27,-17177.287604070305272895467160037002775208,EUR,,
USDC,,2024-11-03 20:44:04,EXCHANGE_FEE,-17.64463243,-16.322509185938945420906567992599444963,EUR,,
USDC,,2024-11-03 20:44:06,LOAN_REPAYMENT,-17359.96384629,-16059.170995642923219241443108233117487971,EUR,,
BTC,,2024-11-03 21:32:00,LOAN,0.1,6383.079409048938134810710987996306555863,EUR,,
USDC,,2024-11-03 21:32:35,CREDIT,6921599,6385.238929889298892988929889298892987372,EUR,,
BTC,,2024-11-03 21:32:35,DEBIT,-0.1,-6383.079409048938134810710987996306555863,EUR,,
USDC,,2024-11-03 21:32:35,EXCHANGE_FEE,-6.57551905,-6.065976983394833948339483394833948338,EUR,,
BTC,,2024-11-03 22:49:42,CREDIT,0.1002,6364.670753917050691244239631336405529954,EUR,,
BTC,,2024-11-03 22:49:42,EXCHANGE_FEE,-0.00009519,-6.046437216221198156682027649769585253,EUR,,
USDC,,2024-11-03 22:49:42,DEBIT,-6906.979386,-6364.606442509493087557603686635944702848,EUR,,
BTC,,2024-11-03 22:49:44,LOAN_REPAYMENT,-0.10000028,-6351.984605783594470046082949308755760369,EUR,,
EURI,,2024-11-04 01:16:26,STAKING,0.12329,0,EUR,0,USD
BTC,,2024-11-04 03:10:41,EARN,0.00000001,0,EUR,0,USD
EURI,,2024-11-04 03:18:52,EARN,0.09239766,0,EUR,0,USD
EURI,,2024-11-05 01:16:48,STAKING,0.12329,0,EUR,0,USD
EURI,,2024-11-05 03:08:29,EARN,0.09244154,0,EUR,0,USD
BTC,,2024-11-05 03:11:35,EARN,0.00000006,0,EUR,0,USD
EURI,,2024-11-06 01:17:02,STAKING,0.12329,0,EUR,0,USD
BTC,,2024-11-06 03:05:48,EARN,0.00000006,0,EUR,0,USD
EURI,,2024-11-06 03:17:49,EARN,0.09248547,0,EUR,0,USD
BTC,,2024-11-06 23:18:00,LOAN,0.1,7040.553488372093023255813953488372093023,EUR,,
USDC,,2024-11-06 23:19:11,CREDIT,7572,7037.174721189591078066914498141263940436,EUR,,
BTC,,2024-11-06 23:19:11,DEBIT,-0.1,-7041.115241635687732342007434944237918216,EUR,,
USDC,,2024-11-06 23:19:11,EXCHANGE_FEE,-7572,-7.03717472118959107806691449814126394,EUR,,
EURI,,2024-11-07 01:17:10,STAKING,0.12329,0,EUR,0,USD
EURI,,2024-11-07 03:06:57,EARN,0.09252945,0,EUR,0,USD
BTC,,2024-11-07 03:40:45,EARN,0.00000006,0,EUR,0,USD
BTC,,2024-11-07 06:48:39,CREDIT,0.10005,6927.291840613382899628252788104089219331,EUR,,
BTC,,2024-11-07 06:48:39,EXCHANGE_FEE,-0.00009505,-6.581100344330855018587360594795539033,EUR,,
USDC,,2024-11-07 06:48:39,DEBIT,-7456.672473,-6929.300005346375464684014869888475835239,EUR,,
BTC,,2024-11-07 06:48:41,LOAN_REPAYMENT,-0.08999209,-6230.899258138382899628252788104089219331,EUR,,
BTC,,2024-11-07 06:49:35,LOAN_REPAYMENT,-0.00996286,-689.811482130669144981412639405204460967,EUR,,
BTC,,2024-11-07 06:50:01,CREDIT,1,69.366970260223048327137546468401486989,EUR,,
BTC,,2024-11-07 06:50:01,EXCHANGE_FEE,-0.00000095,-0.065898621747211895910780669144981413,EUR,,
USDC,,2024-11-07 06:50:01,DEBIT,-74.54516,-69.279888475836431226765799256505576207,EUR,,
BTC,,2024-11-07 06:50:03,LOAN_REPAYMENT,-0.00004617,-3.202673016914498141263940520446096654,EUR,,
BTC,,2024-11-07 22:56:00,LOAN,0.1,7017.708603145235892691951896392229417206,EUR,,
USDC,,2024-11-07 22:56:05,CREDIT,7585.3514748,7016.976387419056429232192414431082332992,EUR,,
BTC,,2024-11-07 22:56:05,DEBIT,-0.1,-7017.708603145235892691951896392229417206,EUR,,
USDC,,2024-11-07 22:56:05,EXCHANGE_FEE,-7.2060839,-6.666127567067530064754856614246068457,EUR,,
EURI,,2024-11-08 01:17:03,STAKING,0.12329,0,EUR,0,USD
BTC,,2024-11-08 03:05:58,EARN,0.00000006,0,EUR,0,USD
EURI,,2024-11-08 03:10:21,EARN,0.09257645,0,EUR,0,USD
BTC,,2024-11-08 15:24:27,CREDIT,0.1002,7114.699601860465116279069767441860465116,EUR,,
BTC,,2024-11-08 15:24:27,EXCHANGE_FEE,-0.00009519,-6.758964621767441860465116279069767442,EUR,,
USDC,,2024-11-08 15:24:27,DEBIT,-7665.3,-7137.150837988826815642458100558659219818,EUR,,
BTC,,2024-11-08 15:24:29,LOAN_REPAYMENT,-0.10000252,-7117.097409649906890130353817504655493482,EUR,,
EURI,,2024-11-09 01:17:07,STAKING,0.12329,0,EUR,0,USD
EURI,,2024-11-09 03:10:13,EARN,0.09262832,0,EUR,0,USD
BTC,,2024-11-09 03:17:06,EARN,0.00000006,0,EUR,0,USD
BTC,,2024-11-09 18:21:00,LOAN,0.09989771,7113.234146300839552238805970149253731343,EUR,,
USDC,,2024-11-09 18:21:25,CREDIT,7632.0683694,7119.466762500000000000000000000000001253,EUR,,
BTC,,2024-11-09 18:21:25,DEBIT,-0.1,-7120.517723880597014925373134328358208955,EUR,,
USDC,,2024-11-09 18:21:25,EXCHANGE_FEE,-7.25046496,-6.763493432835820895522388059701492539,EUR,,
BTC,,2024-11-09 23:25:58,CREDIT,0.1001,7170.931708294501397949673811742777260019,EUR,,
BTC,,2024-11-09 23:25:58,EXCHANGE_FEE,-0.0000951,-6.812743311276794035414725069897483691,EUR,,
USDC,,2024-11-09 23:25:58,DEBIT,-7694.130444,-7169.95436249356943150046598322460391603,EUR,,
BTC,,2024-11-09 23:26:00,LOAN_REPAYMENT,-0.09989855,-7158.650025196644920782851817334575955266,EUR,,
EURI,,2024-11-10 03:02:37,EARN,0.09267228,0,EUR,0,USD
BTC,,2024-11-10 03:09:53,EARN,0.00000006,0,EUR,0,USD
BTC,,2024-11-10 07:22:00,LOAN,0.09989365,7350.193369169459962756052141527001862197,EUR,,
USDC,,2024-11-10 07:22:46,CREDIT,7902986,7358.459962756052141527001862197392925651,EUR,,
BTC,,2024-11-10 07:22:46,DEBIT,-0.1,-7358.018621973929236499068901303538175047,EUR,,
USDC,,2024-11-10 07:22:46,EXCHANGE_FEE,-7.5078367,-6.990536964618249534450651769087523279,EUR,,
BTC,,2024-11-10 10:48:00,LOAN,48,3562.007977632805219012115563839701770736,EUR,,
USDC,,2024-11-10 10:48:09,CREDIT,3981185,3709.959815004659832246039142590866729714,EUR,,
BTC,,2024-11-10 10:48:09,DEBIT,-0.05,-3710.424976700838769804287045666356011184,EUR,,
USDC,,2024-11-10 10:48:09,EXCHANGE_FEE,-3.78212575,-3.524461824254426840633737185461323393,EUR,,
USDC,,2024-11-10 10:59:00,LOAN,445.13159527,414.816314981227162019571295433364398832,EUR,,
USDC,,2024-11-10 10:59:28,LOAN_REPAYMENT,-445.13159527,-414.816314981227162019571295433364398832,EUR,,
USDC,,2024-11-10 11:50:57,LOAN_REPAYMENT,-0.00706771,-0.006585551219012115563839701770736253,EUR,,
BTC,,2024-11-10 12:01:30,CREDIT,0.15,11192.440820130475302889095992544268406337,EUR,,
BTC,,2024-11-10 12:01:30,EXCHANGE_FEE,-0.0001425,-10.632818779123951537744641192917054986,EUR,,
USDC,,2024-11-10 12:01:30,DEBIT,-12017.3429375,-11188.213410806564245810055865921787715338,EUR,,
BTC,,2024-11-10 12:01:32,LOAN_REPAYMENT,-0.14789448,-11035.334766826467847157502329916123019571,EUR,,
BTC,,2024-11-10 16:57:00,LOAN,0.12,8908.067720930232558139534883720930232558,EUR,,
USDC,,2024-11-10 16:57:31,CREDIT,9577.9416,8909.713116279069767441860465116279070881,EUR,,
BTC,,2024-11-10 16:57:31,DEBIT,-0.12,-8908.31106976744186046511627906976744186,EUR,,
USDC,,2024-11-10 16:57:31,EXCHANGE_FEE,-9.09904452,-8.464227460465116279069767441860465117,EUR,,
BTC,,2024-11-10 16:59:00,LOAN,0.01803692,1340.69652333147113594040968342644320298,EUR,,
USDC,,2024-11-10 16:59:44,CREDIT,1596801,1485.396279069767441860465116279069767628,EUR,,
BTC,,2024-11-10 16:59:44,DEBIT,-0.02,-1484.718511627906976744186046511627906977,EUR,,
USDC,,2024-11-10 16:59:44,EXCHANGE_FEE,-1.51696095,-1.411126465116279069767441860465116279,EUR,,
BTC,,2024-11-10 17:51:00,LOAN,0.02523,1892.180764186046511627906976744186046512,EUR,,
USDC,,2024-11-10 17:51:43,CREDIT,2338.4312424,2174.632291188167441860465116279069767387,EUR,,
BTC,,2024-11-10 17:51:43,DEBIT,-29,-2171.796254646840148698884758364312267658,EUR,,
USDC,,2024-11-10 17:51:43,EXCHANGE_FEE,-2.22150968,-2.065900676368372093023255813953488372,EUR,,
USDC,,2024-11-10 20:43:00,LOAN,2121.10027323,1969.452435682451253481894150417827297008,EUR,,
USDC,,2024-11-10 20:43:17,LOAN_REPAYMENT,-2121.10027323,-1969.452435682451253481894150417827297008,EUR,,
BTC,,2024-11-10 20:45:40,CREDIT,164,12053.594948932219127205199628597957288765,EUR,,
BTC,,2024-11-10 20:45:40,EXCHANGE_FEE,-0.0001558,-11.450915201485608170844939647168059424,EUR,,
USDC,,2024-11-10 20:45:40,DEBIT,-13016.28476,-12085.686870937790157845868152274837505213,EUR,,
BTC,,2024-11-10 20:45:42,LOAN_REPAYMENT,-0.163268,-12023.851394651810584958217270194986072423,EUR,,
USDC,,2024-11-10 20:47:00,LOAN,2309.94983366,2144.800216954503249767873723305478178995,EUR,,
BTC,,2024-11-10 20:47:04,CREDIT,49,3601.378978644382544103992571959145775302,EUR,,
BTC,,2024-11-10 20:47:04,EXCHANGE_FEE,-0.00004655,-3.421310029712163416898792943361188487,EUR,,
USDC,,2024-11-10 20:47:04,DEBIT,-3879.42898,-3602.069619312906220984215413184772514343,EUR,,
USDC,,2024-11-10 21:09:47,CREDIT,3466.8612,3204.123105360443622920517560073937154342,EUR,,
BTC,,2024-11-10 21:09:47,DEBIT,-44,-3204.857116451016635859519408502772643253,EUR,,
USDC,,2024-11-10 21:09:47,EXCHANGE_FEE,-3.29351814,-3.043916950092421441774491682070240297,EUR,,
USDC,,2024-11-10 21:09:49,LOAN_REPAYMENT,-2310.07177185,-2135.001637569316081330868761552680222426,EUR,,
USDC,,2024-11-10 21:15:00,LOAN,10003.44427225,9211.274652163904235727440147329650088673,EUR,,
BTC,,2024-11-10 21:15:26,CREDIT,0.14,10208.119337016574585635359116022099447514,EUR,,
BTC,,2024-11-10 21:15:26,EXCHANGE_FEE,-0.00013301,-9.698442521546961325966850828729281768,EUR,,
USDC,,2024-11-10 21:15:26,DEBIT,-11078.533954,-10201.228318600368324125230202578268872837,EUR,,
USDC,,2024-11-10 21:35:51,CREDIT,11087.166993,10265.89536388888888888888888888888888971,EUR,,
BTC,,2024-11-10 21:35:51,DEBIT,-0.1393,-10286.768733766233766233766233766233766234,EUR,,
USDC,,2024-11-10 21:35:51,EXCHANGE_FEE,-10.53280864,-9.752600592592592592592592592592592593,EUR,,
USDC,,2024-11-10 21:35:53,DEBIT,-10003.62393111,-9262.614751027777777777777777777777778519,EUR,,
BTC,,2024-11-10 21:37:00,CREDIT,0.13,9599.999536178107606679035250463821892393,EUR,,
USDC,,2024-11-10 21:37:39,CREDIT,10339.8984,9591.742486085343228200371057513914656043,EUR,,
BTC,,2024-11-10 21:37:39,DEBIT,-0.13,-9587.749628942486085343228200371057513915,EUR,,
USDC,,2024-11-10 21:37:39,EXCHANGE_FEE,-9.82290348,-9.112155361781076066790352504638218923,EUR,,
BTC,,2024-11-10 22:07:24,CREDIT,0.1301,9668.485483271375464684014869888475836431,EUR,,
BTC,,2024-11-10 22:07:24,EXCHANGE_FEE,-0.00012362,-9.186919104089219330855018587360594796,EUR,,
USDC,,2024-11-10 22:07:24,DEBIT,-10423.5722084,-9685.397299217769516728624535315985126895,EUR,,
BTC,,2024-11-10 22:07:26,LOAN_REPAYMENT,-0.11698569,-8737.208478685674418604651162790697674419,EUR,,
BTC,,2024-11-10 22:07:46,LOAN_REPAYMENT,-0.01299069,-970.224365150790697674418604651162790698,EUR,,
BTC,,2024-11-10 22:08:27,CREDIT,0.00006,4.481167813953488372093023255813953488,EUR,,
BTC,,2024-11-10 22:08:27,EXCHANGE_FEE,-0.00000006,-0.004481167813953488372093023255813953,EUR,,
USDC,,2024-11-10 22:08:27,DEBIT,-4.822977,-4.48649023255813953488372093023255814,EUR,,
BTC,,2024-11-10 22:08:29,LOAN_REPAYMENT,-0.00002398,-1.790973402976744186046511627906976744,EUR,,
BTC,,2024-11-11 03:40:58,EARN,0.00000006,0,EUR,0,USD
EURI,,2024-11-11 03:41:11,EARN,0.09271552,0,EUR,0,USD
BTC,,2024-11-11 12:27:00,LOAN,0.09996404,7689.858849158762886597938144329896907217,EUR,,
USDC,,2024-11-11 12:27:10,CREDIT,8211198,7694.823692783505154639175257731958761448,EUR,,
BTC,,2024-11-11 12:27:10,DEBIT,-0.1,-7692.625117150890346766635426429240862231,EUR,,
USDC,,2024-11-11 12:27:10,EXCHANGE_FEE,-7.8006381,-7.310082508144329896907216494845360823,EUR,,
BTC,,2024-11-11 14:41:51,CREDIT,0.10005,7747.096542174320524835988753514526710403,EUR,,
BTC,,2024-11-11 14:41:51,EXCHANGE_FEE,-0.00009505,-7.359935295688847235238987816307403936,EUR,,
USDC,,2024-11-11 14:41:51,DEBIT,-8283187,-7763.061855670103092783505154639175260899,EUR,,
BTC,,2024-11-11 14:41:54,LOAN_REPAYMENT,-0.09002205,-6970.609817835520149953139643861293345829,EUR,,
BTC,,2024-11-11 15:37:00,LOAN,0.0300671,2371.582207828651685393258426966292134831,EUR,,
USDC,,2024-11-11 15:37:27,CREDIT,1686,1577.174929840972871842843779232927969698,EUR,,
BTC,,2024-11-11 15:37:27,DEBIT,-0.02,-1577.468101028999064546304957904583723106,EUR,,
USDC,,2024-11-11 15:37:27,EXCHANGE_FEE,-1.6017,-1.498316183348924228250701590271281571,EUR,,
BTC,,2024-11-11 15:38:00,LOAN,0.06,4736.532584269662921348314606741573033708,EUR,,
BTC,,2024-11-11 15:38:36,LOAN_REPAYMENT,-0.02,-1578.844194756554307116104868913857677903,EUR,,
BTC,,2024-11-11 15:39:00,LOAN,0.02,1578.844194756554307116104868913857677903,EUR,,
BTC,,2024-11-11 15:40:40,LOAN_REPAYMENT,-0.06,-4719.754076850984067478912839737582005623,EUR,,
BTC,,2024-11-11 15:40:41,LOAN_REPAYMENT,-0.02,-1573.251358950328022492970946579194001874,EUR,,
BTC,,2024-11-11 15:41:00,LOAN,0.08,6293.005435801312089971883786316776007498,EUR,,
USDC,,2024-11-11 15:41:46,CREDIT,6708.1584,6286.933833177132146204311152764761014749,EUR,,
BTC,,2024-11-11 15:41:46,DEBIT,-0.08,-6281.226616682286785379568884723523898782,EUR,,
USDC,,2024-11-11 15:41:46,EXCHANGE_FEE,-6.37275048,-5.972587141518275538894095595126522964,EUR,,
BTC,,2024-11-11 15:54:00,LOAN,0.05389466,4248.443380842696629213483146067415730337,EUR,,
USDC,,2024-11-11 15:54:55,CREDIT,5050.7994,4729.212921348314606741573033707865167499,EUR,,
BTC,,2024-11-11 15:54:55,DEBIT,-0.06,-4729.719101123595505617977528089887640449,EUR,,
USDC,,2024-11-11 15:54:55,EXCHANGE_FEE,-4.79825943,-4.492752275280898876404494382022471909,EUR,,
BTC,,2024-11-11 16:03:00,EARN,0.00000015,0,EUR,0,USD
BTC,,2024-11-11 16:06:00,LOAN,0.02,1588.641385767790262172284644194756554307,EUR,,
USDC,,2024-11-11 16:06:38,CREDIT,2543.4072,2381.229268988764044943820224719101123538,EUR,,
BTC,,2024-11-11 16:06:38,DEBIT,-0.03,-2380.66853932584269662921348314606741573,EUR,,
USDC,,2024-11-11 16:06:38,EXCHANGE_FEE,-2.41623684,-2.262167805539325842696629213483146067,EUR,,
BTC,,2024-11-11 16:07:00,LOAN,0.06,4765.924157303370786516853932584269662921,EUR,,
USDC,,2024-11-11 16:07:14,CREDIT,5090.8806,4766.265460617977528089887640449438202133,EUR,,
BTC,,2024-11-11 16:07:14,DEBIT,-0.06,-4761.337078651685393258426966292134831461,EUR,,
USDC,,2024-11-11 16:07:14,EXCHANGE_FEE,-4.83633657,-4.527952187587078651685393258426966292,EUR,,
EURI,,2024-11-11 18:45:00,EARN,0.25200136,0,EUR,0,USD
BTC,,2024-11-11 18:45:49,CREDIT,0.01232,982.865881121495327102803738317757009346,EUR,,
BTC,,2024-11-11 18:45:49,EXCHANGE_FEE,-0.00001232,-0.982865881121495327102803738317757009,EUR,,
EURI,,2024-11-11 18:45:49,DEBIT,-983.480568,-981.098549283342618946542056074766355094,EUR,,
BTC,,2024-11-11 18:49:00,LOAN,0.07769232,6199.934748029077353215284249767008387698,EUR,,
USDC,,2024-11-11 18:49:04,CREDIT,7696.7982,7185.83428588235294117647058823529412101,EUR,,
BTC,,2024-11-11 18:49:04,DEBIT,-0.09,-7164.168067226890756302521008403361344538,EUR,,
USDC,,2024-11-11 18:49:04,EXCHANGE_FEE,-7.31195829,-6.826542571588235294117647058823529415,EUR,,
BTC,,2024-11-11 22:17:41,CREDIT,312,25070.038554216867469879518072289156626506,EUR,,
BTC,,2024-11-11 22:17:41,EXCHANGE_FEE,-0.000312,-25.070038554216867469879518072289156627,EUR,,
USDC,,2024-11-11 22:17:41,DEBIT,-25974,-24069.881927710843373493975903614457834888,EUR,,
BTC,,2024-11-11 22:17:43,LOAN_REPAYMENT,-0.31159896,-25037.813912352177942539388322520852641334,EUR,,
BTC,,2024-11-12 23:02:00,LOAN,0.29991096,24801.577717543820224719101123595505617977,EUR,,
USDC,,2024-11-12 23:02:30,CREDIT,26492.3358707,24782.353480542563143124415341440598684591,EUR,,
BTC,,2024-11-12 23:02:30,DEBIT,-0.3,-24808.941011235955056179775280898876404494,EUR,,
USDC,,2024-11-12 23:02:30,EXCHANGE_FEE,-25.16771911,-23.543235837231057062675397567820392885,EUR,,
BTC,,2024-11-13 07:04:25,CREDIT,0.3004,24462.864254920337394564198687910028116214,EUR,,
BTC,,2024-11-13 07:04:25,EXCHANGE_FEE,-0.00028539,-23.240535385192127460168697282099343955,EUR,,
USDC,,2024-11-13 07:04:25,DEBIT,-26094.0116744,-24455.493602999062792877225866916588576051,EUR,,
BTC,,2024-11-13 07:04:28,LOAN_REPAYMENT,-0.27008025,-21993.796583505154639175257731958762886598,EUR,,
BTC,,2024-11-13 07:04:52,LOAN_REPAYMENT,-0.00029971,-24.406674586691658856607310215557638238,EUR,,
BTC,,2024-11-13 07:05:01,LOAN_REPAYMENT,-0.02953387,-2407.249277819212746016869728209934395501,EUR,,
EURI,,2024-11-14 05:45:53,EARN,0.00004625,0,EUR,0,USD
BTC,,2024-11-14 17:21:00,LOAN,0.3,25275.429383886255924170616113744075829384,EUR,,
USDC,,2024-11-14 17:21:45,CREDIT,26678.2676366,25287.45747545023696682464454976303316739,EUR,,
BTC,,2024-11-14 17:21:45,DEBIT,-0.3,-25275.429383886255924170616113744075829384,EUR,,
USDC,,2024-11-14 17:21:45,EXCHANGE_FEE,-25.34435425,-24.023084597156398104265402843601895727,EUR,,
BTC,,2024-11-14 19:05:38,CREDIT,0.3005,25522.054606635071090047393364928909952607,EUR,,
BTC,,2024-11-14 19:05:38,EXCHANGE_FEE,-0.00028549,-24.247225855734597156398104265402843602,EUR,,
USDC,,2024-11-14 19:05:38,DEBIT,-26938.5412732,-25534.162344265402843601895734597156390061,EUR,,
BTC,,2024-11-14 19:05:40,LOAN_REPAYMENT,-0.30000041,-25479.623447696872037914691943127962085308,EUR,,
USDC,,2024-11-14 19:10:00,LOAN,24372.00900011,23123.348197447817836812144212523719166149,EUR,,
BTC,,2024-11-14 19:10:18,CREDIT,0.3,25477.502846299810246679316888045540796964,EUR,,
BTC,,2024-11-14 19:10:18,EXCHANGE_FEE,-0.00028501,-24.204476954079696394686907020872865275,EUR,,
USDC,,2024-11-14 19:10:18,DEBIT,-26841288,-25466.117647058823529411764705882352942348,EUR,,
USDC,,2024-11-14 20:08:42,CREDIT,26514.6,25175.020968660968660968660968660968651702,EUR,,
BTC,,2024-11-14 20:08:42,DEBIT,-0.2996,-25199.839684710351377018043684710351377018,EUR,,
USDC,,2024-11-14 20:08:42,EXCHANGE_FEE,-25.18887,-23.916269920227920227920227920227920219,EUR,,
USDC,,2024-11-14 20:08:44,LOAN_REPAYMENT,-24373.12485793,-23166.052799851907794676806083650190119444,EUR,,
USDC,,2024-11-14 22:58:00,LOAN,6472.17868521,6146.41850447293447293447293447293447326,EUR,,
BTC,,2024-11-14 22:58:42,CREDIT,0.1,8325.084520417853751187084520417853751187,EUR,,
BTC,,2024-11-14 22:58:42,EXCHANGE_FEE,-0.000095,-7.908830294396961063627730294396961064,EUR,,
USDC,,2024-11-14 22:58:42,DEBIT,-8769.6,-8328.20512820512820512820512820512820557,EUR,,
USDC,,2024-11-14 23:07:00,LOAN,13148.40979814,12484.121667787627730294396961063627725699,EUR,,
BTC,,2024-11-14 23:07:31,CREDIT,0.15,12449.458689458689458689458689458689458689,EUR,,
BTC,,2024-11-14 23:07:31,EXCHANGE_FEE,-0.0001425,-11.826985754985754985754985754985754986,EUR,,
USDC,,2024-11-14 23:07:31,DEBIT,-13080603,-12419.740626210826210826210826210826206255,EUR,,
USDC,,2024-11-15 01:02:34,CREDIT,21924.1145389,20820.621594396961063627730294396961064731,EUR,,
BTC,,2024-11-15 01:02:34,DEBIT,-0.2496,-20816.855703703703703703703703703703703704,EUR,,
USDC,,2024-11-15 01:02:34,EXCHANGE_FEE,-20.8279088,-19.779590503323836657169990503323836658,EUR,,
USDC,,2024-11-15 01:02:37,LOAN_REPAYMENT,-19621.63496264,-18634.031303551756885090218423551756886078,EUR,,
EURI,,2024-11-15 03:41:09,EARN,0.00004625,0,EUR,0,USD
BTC,,2024-11-15 18:11:00,LOAN,0.24,20338.716966824644549763033175355450236967,EUR,,
USDC,,2024-11-15 18:11:45,CREDIT,21469.5447351,20350.279369763033175355450236966824638139,EUR,,
BTC,,2024-11-15 18:11:45,DEBIT,-0.24,-20394.335545023696682464454976303317535545,EUR,,
USDC,,2024-11-15 18:11:45,EXCHANGE_FEE,-20.3960675,-19.332765402843601895734597156398104259,EUR,,
BTC,,2024-11-15 19:40:17,CREDIT,0.2405,20582.828900473933649289099526066350710901,EUR,,
BTC,,2024-11-15 19:40:17,EXCHANGE_FEE,-0.0002285,-19.555827042654028436018957345971563981,EUR,,
USDC,,2024-11-15 19:40:17,DEBIT,-21724.5165823,-20591.958845781990521327014218009478666499,EUR,,
BTC,,2024-11-15 19:40:19,LOAN_REPAYMENT,-0.24000033,-20561.98163761478672985781990521327014218,EUR,,
BTC,,2024-11-15 19:41:00,LOAN,0.1,8567.480568720379146919431279620853080569,EUR,,
BTC,,2024-11-15 19:42:00,LOAN,0.1,8567.480568720379146919431279620853080569,EUR,,
BTC,,2024-11-15 19:44:37,LOAN_REPAYMENT,-0.1,-8589.02654028436018957345971563981042654,EUR,,
BTC,,2024-11-15 19:45:00,LOAN,0.1,8585.183111954459203036053130929791271347,EUR,,
BTC,,2024-11-15 19:47:52,LOAN_REPAYMENT,-0.2,-17213.436966824644549763033175355450236967,EUR,,
BTC,,2024-11-15 19:49:00,LOAN,0.05,4303.359241706161137440758293838862559242,EUR,,
BTC,,2024-11-15 19:50:00,LOAN,0.1,8608.16018957345971563981042654028436019,EUR,,
BTC,,2024-11-15 19:52:00,LOAN,0.05,4304.080094786729857819905213270142180095,EUR,,
USDC,,2024-11-15 20:18:11,CREDIT,6374,6047.438330170777988614800759013282732726,EUR,,
BTC,,2024-11-15 20:18:11,DEBIT,-0.07,-6053.015559772296015180265654648956356736,EUR,,
USDC,,2024-11-15 20:18:11,EXCHANGE_FEE,-6374,-6.047438330170777988614800759013282733,EUR,,
BTC,,2024-11-15 21:03:34,LOAN_REPAYMENT,-0.08,-6932.066096866096866096866096866096866097,EUR,,
BTC,,2024-11-15 21:05:00,LOAN,0.04,3469.196581196581196581196581196581196581,EUR,,
BTC,,2024-11-15 21:06:00,LOAN,0.04,3469.196581196581196581196581196581196581,EUR,,
BTC,,2024-11-15 21:59:00,LOAN,0.02,1739.057440758293838862559241706161137441,EUR,,
BTC,,2024-11-15 22:00:00,LOAN,0.02,1740.215545023696682464454976303317535545,EUR,,
BTC,,2024-11-15 22:01:04,DEBIT,-0.02,-1740.215545023696682464454976303317535545,EUR,,
USDC,,2024-11-15 22:01:47,CREDIT,1838.2,1742.369668246445497630331753554502369119,EUR,,
BTC,,2024-11-15 22:01:47,LOAN_REPAYMENT,-0.02,-1740.215545023696682464454976303317535545,EUR,,
USDC,,2024-11-15 22:01:47,EXCHANGE_FEE,-1.8382,-1.742369668246445497630331753554502369,EUR,,
BTC,,2024-11-15 22:08:10,CREDIT,0.02,1732.023127962085308056872037914691943128,EUR,,
BTC,,2024-11-15 22:08:10,EXCHANGE_FEE,-0.000019,-1.645421971563981042654028436018957346,EUR,,
USDC,,2024-11-15 22:08:10,DEBIT,-1828.4004,-1733.080947867298578199052132701421800402,EUR,,
BTC,,2024-11-15 22:08:12,LOAN_REPAYMENT,-0.019981,-1730.377705990521327014218009478672985782,EUR,,
BTC,,2024-11-15 22:12:00,LOAN,0.03,2598.259052132701421800947867298578199052,EUR,,
BTC,,2024-11-15 22:25:00,LOAN,0.08,6917.568181818181818181818181818181818182,EUR,,
USDC,,2024-11-15 22:25:38,CREDIT,7304.6408,6917.273484848484848484848484848484850698,EUR,,
BTC,,2024-11-15 22:25:38,DEBIT,-0.08,-6917.568181818181818181818181818181818182,EUR,,
USDC,,2024-11-15 22:25:38,EXCHANGE_FEE,-6.93940876,-6.571409810606060606060606060606060608,EUR,,
BTC,,2024-11-16 02:20:18,CREDIT,0.15,13027.181818181818181818181818181818181818,EUR,,
BTC,,2024-11-16 02:20:18,EXCHANGE_FEE,-0.00014257,-12.381902078787878787878787878787878788,EUR,,
USDC,,2024-11-16 02:20:18,DEBIT,-13766.2219605,-13036.195038352272727272727272727272731444,EUR,,
BTC,,2024-11-16 02:20:21,LOAN_REPAYMENT,-0.13494035,-11719.283160393939393939393939393939393939,EUR,,
EURI,,2024-11-16 03:14:29,EARN,0.00004626,0,EUR,0,USD
BTC,,2024-11-16 13:34:21,LOAN_REPAYMENT,-0.16,-13757.56896877956480605487228003784295175,EUR,,
BTC,,2024-11-16 13:54:00,LOAN,0.28508292,24523.979043688552507095553453169347209082,EUR,,
USDC,,2024-11-16 13:54:44,CREDIT,27273.928378,25803.148891201513718070009460737937549582,EUR,,
BTC,,2024-11-16 13:54:44,DEBIT,-0.3,-25807.206244087038789025543992431409649953,EUR,,
USDC,,2024-11-16 13:54:44,EXCHANGE_FEE,-25.91023198,-24.512991466414380321665089877010406803,EUR,,
BTC,,2024-11-17 01:52:16,CREDIT,0.3005,25603.849716446124763705103969754253308129,EUR,,
BTC,,2024-11-17 01:52:16,EXCHANGE_FEE,-0.00028547,-24.323231209829867674858223062381852552,EUR,,
USDC,,2024-11-17 01:52:16,DEBIT,-27119.8550052,-25657.384110879848628192999053926206234594,EUR,,
BTC,,2024-11-17 01:52:18,LOAN_REPAYMENT,-0.30017177,-25600.605199805581835383159886471144749291,EUR,,
ATOM,,2024-11-17 02:47:25,CREDIT,400,2306.5279091769157994323557237464522232,EUR,,
ATOM,,2024-11-17 02:47:25,EXCHANGE_FEE,-0.38,-2.191201513718070009460737937559129612,EUR,,
USDC,,2024-11-17 02:47:25,DEBIT,-2442,-2310.31220435193945127719962157048249678,EUR,,
EURI,,2024-11-17 03:06:49,EARN,0.00004627,0,EUR,0,USD
USDC,,2024-11-17 03:10:47,CREDIT,96.0372,90.858278145695364238410596026490066192,EUR,,
USDC,,2024-11-17 03:10:47,EXCHANGE_FEE,-0.0960372,-0.090858278145695364238410596026490066,EUR,,
ATOM,,2024-11-17 03:10:47,DEBIT,-15.54,-90.814172185430463576158940397350993384,EUR,,
USDC,,2024-11-17 03:21:13,CREDIT,2333.2,2207.379375591296121097445600756859034188,EUR,,
USDC,,2024-11-17 03:21:13,EXCHANGE_FEE,-2.3332,-2.207379375591296121097445600756859034,EUR,,
ATOM,,2024-11-17 03:21:13,DEBIT,-380,-2206.66035950804162724692526017029328304,EUR,,
ATOM,,2024-11-17 12:20:23,CREDIT,50,274.5746691871455576559546313799621928,EUR,,
ATOM,,2024-11-17 12:20:23,EXCHANGE_FEE,-0.05,-0.274574669187145557655954631379962193,EUR,,
USDC,,2024-11-17 12:20:23,DEBIT,-290.35,-274.432892249527410207939508506616257015,EUR,,
ATOM,,2024-11-17 12:23:40,WITHDRAWAL,-54.03,-296.347911153119092627599243856332703212,EUR,,
BTC,,2024-11-17 13:44:00,LOAN,0.25,21376.533553875236294896030245746691871456,EUR,,
USDC,,2024-11-17 13:44:12,CREDIT,22627,21386.578449905482041587901701323251411995,EUR,,
BTC,,2024-11-17 13:44:12,DEBIT,-0.25,-21376.533553875236294896030245746691871456,EUR,,
USDC,,2024-11-17 13:44:12,EXCHANGE_FEE,-21.49565,-20.317249527410207939508506616257088841,EUR,,
BTC,,2024-11-17 21:04:39,CREDIT,0.2502,21194.141665406427221172022684310018903592,EUR,,
BTC,,2024-11-17 21:04:39,EXCHANGE_FEE,-0.00023769,-20.134434582136105860113421550094517958,EUR,,
USDC,,2024-11-17 21:04:39,DEBIT,-22417.92,-21188.960302457466918714555765595463132275,EUR,,
BTC,,2024-11-17 21:04:41,LOAN_REPAYMENT,-0.24996231,-21174.007230824291115311909262759924385633,EUR,,
USDC,,2024-11-17 21:13:00,LOAN,27960.20618766,26452.41834215704824976348155156102174991,EUR,,
USDC,,2024-11-17 21:13:39,LOAN_REPAYMENT,-27960.20618766,-26452.41834215704824976348155156102174991,EUR,,
USDC,,2024-11-17 21:17:00,LOAN,23878.62218953,22569.586190482041587901701323251417763282,EUR,,
BTC,,2024-11-17 21:17:05,CREDIT,0.3,25369.403591682419659735349716446124763705,EUR,,
BTC,,2024-11-17 21:17:05,EXCHANGE_FEE,-0.00028501,-24.10177905888468809073724007561436673,EUR,,
USDC,,2024-11-17 21:17:05,DEBIT,-26832.51,-25361.540642722117202268431001890359161394,EUR,,
USDC,,2024-11-17 21:23:24,CREDIT,26820.3853524,25350.08067334593572778827977315689980412,EUR,,
BTC,,2024-11-17 21:23:24,DEBIT,-0.2995,-25360.468227788279773156899810964083175803,EUR,,
USDC,,2024-11-17 21:23:24,EXCHANGE_FEE,-25.47936609,-24.082576644612476370510396975425330806,EUR,,
USDC,,2024-11-17 21:23:26,LOAN_REPAYMENT,-23879.93207379,-22568.56718391552079395085066162570887426,EUR,,
BTC,,2024-11-17 21:24:00,LOAN,0.3,25433.517958412098298676748582230623818526,EUR,,
USDC,,2024-11-17 21:24:49,CREDIT,26908686,25433.540642722117202268431001890359161375,EUR,,
BTC,,2024-11-17 21:24:49,DEBIT,-0.3,-25402.806238185255198487712665406427221172,EUR,,
USDC,,2024-11-17 21:24:49,EXCHANGE_FEE,-25.5632517,-24.161863610586011342155009451795841203,EUR,,
BTC,,2024-11-18 01:18:19,CREDIT,0.3005,25664.354597918637653736991485335856196783,EUR,,
BTC,,2024-11-18 01:18:19,EXCHANGE_FEE,-0.00028549,-24.382417950614947965941343424787133396,EUR,,
USDC,,2024-11-18 01:18:19,DEBIT,-27115.9593184,-25653.698503689687795648060548722800368938,EUR,,
BTC,,2024-11-18 01:18:21,LOAN_REPAYMENT,-0.30004205,-25625.243146377483443708609271523178807947,EUR,,
EURI,,2024-11-18 03:02:45,EARN,0.00004628,0,EUR,0,USD
BTC,,2024-11-18 07:48:00,LOAN,0.27982754,24333.241103414393939393939393939393939394,EUR,,
USDC,,2024-11-18 07:48:39,CREDIT,25714.8512155,24351.184863162878787878787878787878795671,EUR,,
BTC,,2024-11-18 07:48:39,DEBIT,-0.28,-24348.237878787878787878787878787878787879,EUR,,
USDC,,2024-11-18 07:48:39,EXCHANGE_FEE,-24.42910865,-23.133625615530303030303030303030303038,EUR,,
BTC,,2024-11-18 12:01:32,CREDIT,0.2803,24015.221918483412322274881516587677725119,EUR,,
BTC,,2024-11-18 12:01:32,EXCHANGE_FEE,-0.00026629,-22.814889206824644549763033175355450237,EUR,,
USDC,,2024-11-18 12:01:32,DEBIT,-25352.6418498,-24030.940141990521327014218009478672978212,EUR,,
BTC,,2024-11-18 12:01:34,LOAN_REPAYMENT,-0.27982906,-24001.307160933080568720379146919431279621,EUR,,
USDC,,2024-11-18 13:36:00,LOAN,24189.63372264,22917.098488889744075829383886255924161789,EUR,,
BTC,,2024-11-18 13:36:41,CREDIT,0.3,25490.274881516587677725118483412322274881,EUR,,
BTC,,2024-11-18 13:36:41,EXCHANGE_FEE,-0.00028502,-24.217460489099526066350710900473933649,EUR,,
USDC,,2024-11-18 13:36:41,DEBIT,-26906.8440496,-25491.365523767962085308056872037914682124,EUR,,
USDC,,2024-11-18 14:12:20,CREDIT,26998.029997,25545.863232009848484848484848484848481576,EUR,,
BTC,,2024-11-18 14:12:20,DEBIT,-0.2995,-25482.722097537878787878787878787878787879,EUR,,
USDC,,2024-11-18 14:12:20,EXCHANGE_FEE,-25.64812849,-24.268570063643939393939393939393939391,EUR,,
USDC,,2024-11-18 14:12:22,LOAN_REPAYMENT,-24191.07384282,-22899.050580760295454545454545454545456745,EUR,,
BTC,,2024-11-18 23:23:00,LOAN,0.28,23945.129367327667610953729933899905571294,EUR,,
USDC,,2024-11-18 23:23:51,CREDIT,25365.7364636,23952.536792823418319169027384324834753045,EUR,,
BTC,,2024-11-18 23:23:51,DEBIT,-0.28,-23945.129367327667610953729933899905571294,EUR,,
USDC,,2024-11-18 23:23:51,EXCHANGE_FEE,-24.09744965,-22.754909962228517469310670443814919739,EUR,,
BTC,,2024-11-19 00:52:46,CREDIT,0.2806,24135.816941509433962264150943396226415094,EUR,,
BTC,,2024-11-19 00:52:46,EXCHANGE_FEE,-0.00026662,-22.933326845849056603773584905660377358,EUR,,
USDC,,2024-11-19 00:52:46,DEBIT,-25589.0403671,-24140.604119905660377358490566037735845194,EUR,,
BTC,,2024-11-19 00:52:49,LOAN_REPAYMENT,-0.28000038,-24084.240610239056603773584905660377358491,EUR,,
EURI,,2024-11-19 03:07:05,EARN,0.00004629,0,EUR,0,USD
BTC,,2024-11-20 03:02:02,EARN,0.00000001,0,EUR,0,USD
EURI,,2024-11-20 03:10:46,EARN,0.0000463,0,EUR,0,USD
BTC,,2024-11-20 17:49:00,LOAN,0.25,22336.566350710900473933649289099526066351,EUR,,
USDC,,2024-11-20 17:49:28,CREDIT,23529.8126914,22303.139991848341232227488151658767765486,EUR,,
BTC,,2024-11-20 17:49:28,DEBIT,-0.25,-22336.566350710900473933649289099526066351,EUR,,
USDC,,2024-11-20 17:49:28,EXCHANGE_FEE,-22.35332205,-21.187982985781990521327014218009478666,EUR,,
BTC,,2024-11-20 18:48:01,CREDIT,0.2508,22220.75150664136622390891840607210626186,EUR,,
BTC,,2024-11-20 18:48:01,EXCHANGE_FEE,-0.00023826,-21.109713931309297912713472485768500949,EUR,,
USDC,,2024-11-20 18:48:01,DEBIT,-23430.736692,-22228.077436746489563567362428842504732318,EUR,,
BTC,,2024-11-20 18:48:03,LOAN_REPAYMENT,-0.25000066,-22173.362617219165085388994307400379506641,EUR,,
USDC,,2024-11-20 18:49:00,LOAN,20751.77044948,19688.586764212523719165085388994307401285,EUR,,
BTC,,2024-11-20 18:49:46,CREDIT,0.25,22149.871916508538899430740037950664136622,EUR,,
BTC,,2024-11-20 18:49:46,EXCHANGE_FEE,-0.0002375,-21.04237832068311195445920303605313093,EUR,,
USDC,,2024-11-20 18:49:46,DEBIT,-23397.2313071,-22196.291825397808349146110056925996193435,EUR,,
USDC,,2024-11-20 22:07:27,CREDIT,23509.58151,22262.861278409090909090909090909090916215,EUR,,
BTC,,2024-11-20 22:07:27,DEBIT,-249,-22260.524545454545454545454545454545454546,EUR,,
USDC,,2024-11-20 22:07:27,EXCHANGE_FEE,-22.33410244,-21.149718219696969696969696969696969704,EUR,,
USDC,,2024-11-20 22:07:29,LOAN_REPAYMENT,-20754.4404968,-19653.826228030303030303030303030303036592,EUR,,
ETH,,2024-11-20 22:14:05,CREDIT,0.0971,284.182091856060606060606060606060606061,EUR,,
ETH,,2024-11-20 22:14:05,EXCHANGE_FEE,-0.00009225,-0.269987620738636363636363636363636364,EUR,,
USDC,,2024-11-20 22:14:05,DEBIT,-299.861307,-283.959571022727272727272727272727272818,EUR,,
BTC,,2024-11-20 23:19:00,LOAN,0.1,8899.298295454545454545454545454545454546,EUR,,
USDC,,2024-11-20 23:19:08,CREDIT,9401.2,8902.651515151515151515151515151515154364,EUR,,
BTC,,2024-11-20 23:19:08,DEBIT,-0.1,-8899.298295454545454545454545454545454546,EUR,,
USDC,,2024-11-20 23:19:08,EXCHANGE_FEE,-8.93114,-8.457518939393939393939393939393939397,EUR,,
BTC,,2024-11-20 23:22:00,LOAN,0.18,16014.591477272727272727272727272727272727,EUR,,
USDC,,2024-11-20 23:22:52,CREDIT,16910.9758907,16014.181714678030303030303030303030308155,EUR,,
BTC,,2024-11-20 23:22:52,DEBIT,-0.18,-16014.591477272727272727272727272727272727,EUR,,
USDC,,2024-11-20 23:22:52,EXCHANGE_FEE,-16.06542711,-15.21347264204545454545454545454545455,EUR,,
BTC,,2024-11-21 00:00:01,CREDIT,0.2805,25022.082036862003780718336483931947069943,EUR,,
BTC,,2024-11-21 00:00:01,EXCHANGE_FEE,-0.00026649,-23.772316014272211720226843100189035917,EUR,,
USDC,,2024-11-21 00:00:01,DEBIT,-26473.8845617,-25022.575200094517958412098298676748575475,EUR,,
BTC,,2024-11-21 00:00:03,LOAN_REPAYMENT,-0.28000038,-24977.513293092816635160680529300567107751,EUR,,
BTC,,2024-11-21 03:05:47,EARN,0.00000001,0,EUR,0,USD
EURI,,2024-11-21 03:13:52,EARN,0.00004631,0,EUR,0,USD
BTC,,2024-11-21 08:48:00,LOAN,0.2,18380.665402843601895734597156398104265403,EUR,,
USDC,,2024-11-21 08:48:52,CREDIT,19393326,18382.299526066350710900473933649289093736,EUR,,
BTC,,2024-11-21 08:48:52,DEBIT,-0.2,-18357.329545454545454545454545454545454545,EUR,,
USDC,,2024-11-21 08:48:52,EXCHANGE_FEE,-18.4236597,-17.463184549763033175355450236966824639,EUR,,
BTC,,2024-11-21 09:10:17,CREDIT,0.2005,18515.166803977272727272727272727272727273,EUR,,
BTC,,2024-11-21 09:10:17,EXCHANGE_FEE,-0.00019048,-17.589870188636363636363636363636363636,EUR,,
USDC,,2024-11-21 09:10:17,DEBIT,-19553.4375338,-18498.994828571428571428571428571428564584,EUR,,
BTC,,2024-11-21 09:10:20,LOAN_REPAYMENT,-0.20000054,-18457.10186809914853358561967833491012299,EUR,,
BTC,,2024-11-21 17:37:00,LOAN,0.21969102,20436.127801357864632983794089609151572927,EUR,,
USDC,,2024-11-21 17:37:20,CREDIT,21475.5155458,20472.369443088655862726406101048617728122,EUR,,
BTC,,2024-11-21 17:37:20,DEBIT,-0.22,-20461.583412774070543374642516682554814109,EUR,,
USDC,,2024-11-21 17:37:20,EXCHANGE_FEE,-20.40173977,-19.448750972354623450905624404194470922,EUR,,
BTC,,2024-11-21 18:00:00,CREDIT,0.2202,20553.858068571428571428571428571428571429,EUR,,
BTC,,2024-11-21 18:00:00,EXCHANGE_FEE,-0.00020921,-19.528032000571428571428571428571428571,EUR,,
USDC,,2024-11-21 18:00:00,DEBIT,-21613.5871638,-20582.310290555828571428571428571428577604,EUR,,
BTC,,2024-11-21 18:00:02,LOAN_REPAYMENT,-0.21969132,-20491.479812486857142857142857142857142857,EUR,,
BTC,,2024-11-21 18:29:00,LOAN,0.04970053,4654.142528412464319695528068506184586108,EUR,,
USDC,,2024-11-21 18:29:22,CREDIT,4921223,4682.419600380589914367269267364414844219,EUR,,
BTC,,2024-11-21 18:29:22,DEBIT,-0.05,-4678.679828734538534728829686013320647003,EUR,,
USDC,,2024-11-21 18:29:22,EXCHANGE_FEE,-4.67516185,-4.448298620361560418648905803996194102,EUR,,
BTC,,2024-11-21 18:36:00,LOAN,0.15,14033.646051379638439581351094196003805899,EUR,,
USDC,,2024-11-21 18:36:50,CREDIT,14745.3582408,14029.836575451950523311132254995242629704,EUR,,
BTC,,2024-11-21 18:36:50,DEBIT,-0.15,-14033.646051379638439581351094196003805899,EUR,,
USDC,,2024-11-21 18:36:50,EXCHANGE_FEE,-14.00809033,-13.328344747859181731684110371075166512,EUR,,
USDC,,2024-11-21 19:13:00,LOAN,39.22712335,37.35916509523809523809523809523809524,EUR,,
EURI,,2024-11-22 03:48:16,EARN,0.00004632,0,EUR,0,USD
BTC,,2024-11-22 03:56:37,EARN,0.00000001,0,EUR,0,USD
BTC,,2024-11-22 19:33:10,CREDIT,221,21079.14707177033492822966507177033492823,EUR,,
BTC,,2024-11-22 19:33:10,EXCHANGE_FEE,-0.00020995,-20.025189718181818181818181818181818182,EUR,,
USDC,,2024-11-22 19:33:10,DEBIT,-22011.6,-21063.732057416267942583732057416267943532,EUR,,
BTC,,2024-11-22 19:33:12,LOAN_REPAYMENT,-0.19970761,-19048.262816931004784688995215311004784689,EUR,,
USDC,,2024-11-22 19:34:54,LOAN_REPAYMENT,-39.25159768,-37.598898830315789473684210526315789467,EUR,,
BTC,,2024-11-22 19:39:00,LOAN,0.16091756,15316.304451309195402298850574712643678161,EUR,,
USDC,,2024-11-22 19:39:18,CREDIT,17903.3089759,17165.912150264272030651340996168582374519,EUR,,
BTC,,2024-11-22 19:39:18,DEBIT,-0.18,-17171.233492822966507177033492822966507177,EUR,,
USDC,,2024-11-22 19:39:18,EXCHANGE_FEE,-17.00814353,-16.30761654552681992337164750957854406,EUR,,
BTC,,2024-11-23 03:48:31,EARN,0.00000002,0,EUR,0,USD
EURI,,2024-11-23 03:49:07,EARN,0.00004634,0,EUR,0,USD
BTC,,2024-11-23 17:19:47,CREDIT,162,15103.794337464251668255481410867492850334,EUR,,
BTC,,2024-11-23 17:19:47,EXCHANGE_FEE,-0.00015393,-14.351401619542421353670162059103908484,EUR,,
USDC,,2024-11-23 17:19:47,DEBIT,-15842.7928337,-15115.65701757312022900763358778625953618,EUR,,
BTC,,2024-11-23 17:19:49,LOAN_REPAYMENT,-0.16092283,-15003.366225448903717826501429933269780744,EUR,,
BTC,,2024-11-23 17:51:00,LOAN,0.02,1874.581852913085004775549188156638013372,EUR,,
USDC,,2024-11-23 17:51:28,CREDIT,1962.9112,1874.795797516714422158548233046800381086,EUR,,
BTC,,2024-11-23 17:51:28,DEBIT,-0.02,-1874.581852913085004775549188156638013372,EUR,,
USDC,,2024-11-23 17:51:28,EXCHANGE_FEE,-1.86476564,-1.781056007640878701050620821394460362,EUR,,
BTC,,2024-11-23 18:48:00,LOAN,0.05,4675.670964660936007640878701050620821394,EUR,,
BTC,,2024-11-23 19:28:02,CREDIT,0.02,1863.322519083969465648854961832061068702,EUR,,
BTC,,2024-11-23 19:28:02,EXCHANGE_FEE,-0.000019,-1.770156393129770992366412213740458015,EUR,,
USDC,,2024-11-23 19:28:02,DEBIT,-1953.0002,-1863.36345417938931297709923664122137333,EUR,,
BTC,,2024-11-23 19:28:04,LOAN_REPAYMENT,-0.01799384,-1676.416363839694656488549618320610687023,EUR,,
BTC,,2024-11-23 19:28:33,LOAN_REPAYMENT,-0.05,-4658.306297709923664122137404580152671756,EUR,,
BTC,,2024-11-23 19:29:04,CREDIT,0.00205,190.990558206106870229007633587786259542,EUR,,
BTC,,2024-11-23 19:29:04,EXCHANGE_FEE,-0.00000195,-0.181673945610687022900763358778625954,EUR,,
USDC,,2024-11-23 19:29:04,DEBIT,-200.1620615,-190.975234059017175572519083969465648782,EUR,,
BTC,,2024-11-23 19:29:06,LOAN_REPAYMENT,-0.0020064,-186.928515114503816793893129770992366412,EUR,,
BTC,,2024-11-23 21:54:00,LOAN,0.02,1872.474236641221374045801526717557251908,EUR,,
BTC,,2024-11-23 21:59:29,LOAN_REPAYMENT,-0.02,-1871.399236641221374045801526717557251908,EUR,,
BTC,,2024-11-23 22:46:00,LOAN,0.05258,4900.57340190839694656488549618320610687,EUR,,
BTC,,2024-11-23 22:46:39,LOAN_REPAYMENT,-0.05258,-4900.57340190839694656488549618320610687,EUR,,
USDC,,2024-11-23 23:51:00,LOAN,15836.49460241,15109.647855868090648854961832061068696487,EUR,,
BTC,,2024-11-23 23:51:13,CREDIT,0.18,16764.253625954198473282442748091603053435,EUR,,
BTC,,2024-11-23 23:51:13,EXCHANGE_FEE,-0.00017101,-15.926972292080152671755725190839694656,EUR,,
USDC,,2024-11-23 23:51:13,DEBIT,-17580.2382,-16773.35894673664122137404580152671755081,EUR,,
EURI,,2024-11-24 03:45:51,EARN,0.00004635,0,EUR,0,USD
BTC,,2024-11-24 03:51:47,EARN,0.00000002,0,EUR,0,USD
USDC,,2024-11-24 12:29:11,CREDIT,17467.57,16681.779601719197707736389684813753585866,EUR,,
BTC,,2024-11-24 12:29:11,DEBIT,-0.1798,-16710.101965616045845272206303724928366762,EUR,,
USDC,,2024-11-24 12:29:11,EXCHANGE_FEE,-16.5941915,-15.847690621633237822349570200573065907,EUR,,
USDC,,2024-11-24 12:29:13,LOAN_REPAYMENT,-15842.18146707,-15131.023368739255014326647564469914032383,EUR,,
USDC,,2024-11-24 14:33:00,LOAN,15807.72076913,15082.194653676609732824427480916030528559,EUR,,
BTC,,2024-11-24 14:33:30,CREDIT,0.18,16605.467175572519083969465648854961832061,EUR,,
BTC,,2024-11-24 14:33:30,EXCHANGE_FEE,-0.000171,-15.77519381679389312977099236641221374,EUR,,
USDC,,2024-11-24 14:33:30,DEBIT,-17416.8018,-16617.423778454198473282442748091603047053,EUR,,
BTC,,2024-11-24 14:33:33,LOAN_REPAYMENT,-0.00000028,-0.025830726717557251908396946564885496,EUR,,
USDC,,2024-11-24 15:37:43,CREDIT,17295.6226203,16500.156007419790076335877862595419848781,EUR,,
BTC,,2024-11-24 15:37:43,DEBIT,-0.1795,-16497.380834923664122137404580152671755725,EUR,,
USDC,,2024-11-24 15:37:43,EXCHANGE_FEE,-16.43084152,-15.675148236351145038167938931297709925,EUR,,
USDC,,2024-11-24 15:37:45,LOAN_REPAYMENT,-15808.54891033,-15081.476336400700381679389312977099237969,EUR,,
ETH,,2024-11-24 16:21:41,WITHDRAWAL,-0.0008,-2.520624761904761904761904761904761905,EUR,,
ETH,,2024-11-24 16:27:41,WITHDRAWAL,-0.0008,-2.53299047619047619047619047619047619,EUR,,
ETH,,2024-11-24 16:28:41,WITHDRAWAL,-0.10250376,-324.551309817142857142857142857142857143,EUR,,
BTC,,2024-11-24 22:47:00,LOAN,0.14,13040.540896091515729265967588179218303146,EUR,,
USDC,,2024-11-24 22:47:04,LOAN,13670.9466091,13032.360923832221163012392755004766442291,EUR,,
BTC,,2024-11-24 22:47:04,LOAN_REPAYMENT,-0.14,-13040.540896091515729265967588179218303146,EUR,,
USDC,,2024-11-24 22:47:04,EXCHANGE_FEE,-12.98739929,-12.380742888465204957102001906577693039,EUR,,
BTC,,2024-11-24 23:03:16,CREDIT,0.14141,13226.066525904761904761904761904761904762,EUR,,
BTC,,2024-11-24 23:03:16,EXCHANGE_FEE,-0.00013434,-12.564809964571428571428571428571428571,EUR,,
USDC,,2024-11-24 23:03:16,DEBIT,-13878.5416259,-13217.658691333333333333333333333333333994,EUR,,
BTC,,2024-11-24 23:03:18,LOAN_REPAYMENT,-0.14000021,-13093.267639872,EUR,,
USDC,,2024-11-24 23:04:00,LOAN,12465.97475342,11872.356908019047619047619047619047619641,EUR,,
BTC,,2024-11-24 23:04:10,CREDIT,0.14,13094.189333333333333333333333333333333333,EUR,,
BTC,,2024-11-24 23:04:10,EXCHANGE_FEE,-0.000133,-12.439479866666666666666666666666666667,EUR,,
USDC,,2024-11-24 23:04:10,DEBIT,-13749.1214,-13094.401333333333333333333333333333333988,EUR,,
EURI,,2024-11-25 03:09:38,EARN,0.00004636,0,EUR,0,USD
BTC,,2024-11-25 03:12:30,EARN,0.00000004,0,EUR,0,USD
USDC,,2024-11-25 14:49:15,CREDIT,13405.95,12751.596779257849666983824928639391062693,EUR,,
BTC,,2024-11-25 14:49:15,DEBIT,-0.1395,-12759.932269267364414843006660323501427212,EUR,,
USDC,,2024-11-25 14:49:15,EXCHANGE_FEE,-12.7356525,-12.11401694029495718363463368220742151,EUR,,
USDC,,2024-11-25 14:49:17,LOAN_REPAYMENT,-12471.7232333,-11862.970234376793529971455756422454811047,EUR,,
USDC,,2024-11-25 15:16:00,LOAN,8576.05119113,8168.056367574814462416745956232159851518,EUR,,
BTC,,2024-11-25 15:16:03,CREDIT,0.1,9088.509039010466222645099904852521408183,EUR,,
BTC,,2024-11-25 15:16:03,EXCHANGE_FEE,-0.00009501,-8.63499243796384395813510941960038059,EUR,,
USDC,,2024-11-25 15:16:03,DEBIT,-9535.3327,-9081.701268030447193149381541389153191614,EUR,,
USDC,,2024-11-25 15:27:21,CREDIT,115.08,109.4957183634633682207421503330161751,EUR,,
BTC,,2024-11-25 15:27:21,DEBIT,-0.0012,-109.38479543292102759276879162702188392,EUR,,
USDC,,2024-11-25 15:27:21,EXCHANGE_FEE,-0.11508,-0.109495718363463368220742150333016175,EUR,,
USDC,,2024-11-25 15:28:59,CREDIT,9455.74,8988.346007604562737642585551330798479699,EUR,,
BTC,,2024-11-25 15:28:59,DEBIT,-0.0986,-9007.361186311787072243346007604562737643,EUR,,
USDC,,2024-11-25 15:28:59,EXCHANGE_FEE,-9.45574,-8.98834600760456273764258555133079848,EUR,,
USDC,,2024-11-25 15:29:01,LOAN_REPAYMENT,-8576.31572372,-8152.391372357414448669201520912547529071,EUR,,
USDC,,2024-11-25 15:41:00,LOAN,9583.85722124,9110.130438441064638783269961977186312407,EUR,,
BTC,,2024-11-25 15:41:54,CREDIT,0.11,10039.616349809885931558935361216730038023,EUR,,
BTC,,2024-11-25 15:41:54,EXCHANGE_FEE,-0.0001045,-9.537635532319391634980988593155893536,EUR,,
USDC,,2024-11-25 15:41:54,DEBIT,-10559.5347,-10037.580513307984790874524714828897339086,EUR,,
USDC,,2024-11-25 16:22:45,CREDIT,10587.356298,10101.428971727290076335877862595419843449,EUR,,
BTC,,2024-11-25 16:22:45,DEBIT,-0.1098,-10090.625238549618320610687022900763358779,EUR,,
USDC,,2024-11-25 16:22:45,EXCHANGE_FEE,-10.05798848,-9.596357520183206106870229007633587783,EUR,,
USDC,,2024-11-25 16:22:47,DEBIT,-9584.46552208,-9144.56782016010687022900763358778625603,EUR,,
BTC,,2024-11-25 16:23:00,CREDIT,0.1,9190.004770992366412213740458015267175572,EUR,,
USDC,,2024-11-25 16:23:26,CREDIT,9638,9195.645229007633587786259541984732820896,EUR,,
BTC,,2024-11-25 16:23:26,DEBIT,-0.1,-9190.004770992366412213740458015267175572,EUR,,
USDC,,2024-11-25 16:23:26,EXCHANGE_FEE,-9.1561,-8.73586296755725190839694656488549618,EUR,,
BTC,,2024-11-25 16:53:08,CREDIT,0.1002,9182.829956106870229007633587786259541985,EUR,,
BTC,,2024-11-25 16:53:08,EXCHANGE_FEE,-0.00009519,-8.723688458301526717557251908396946565,EUR,,
USDC,,2024-11-25 16:53:08,DEBIT,-9626.1845228,-9185.290575190839694656488549618320612451,EUR,,
BTC,,2024-11-25 16:53:10,LOAN_REPAYMENT,-0.10000015,-9164.514700949904580152671755725190839695,EUR,,
USDC,,2024-11-25 17:02:00,LOAN,9436.61815991,9004.406641135496183206106870229007635317,EUR,,
USDC,,2024-11-25 17:02:40,LOAN_REPAYMENT,-9436.61815991,-9003.506200471382633587786259541984729367,EUR,,
USDC,,2024-11-25 17:03:00,LOAN,9518.3722695,9081.508046062070610687022900763358775138,EUR,,
BTC,,2024-11-25 17:03:32,CREDIT,0.11,10035.445896946564885496183206106870229008,EUR,,
BTC,,2024-11-25 17:03:32,EXCHANGE_FEE,-0.0001045,-9.533673602099236641221374045801526718,EUR,,
USDC,,2024-11-25 17:03:32,DEBIT,-10514.5139,-10032.9331106870229007633587786259542004,EUR,,
BTC,,2024-11-25 17:07:00,LOAN,0.0012445,113.576145625,EUR,,
BTC,,2024-11-25 17:07:11,LOAN_REPAYMENT,-0.0012445,-113.576145625,EUR,,
USDC,,2024-11-25 17:14:49,CREDIT,10441.4591996,9960.23545977110687022900763358778625468,EUR,,
BTC,,2024-11-25 17:14:49,DEBIT,-0.1098,-9960.088963740458015267175572519083969466,EUR,,
USDC,,2024-11-25 17:14:49,EXCHANGE_FEE,-9.91938624,-9.46222368714503816793893129770992366,EUR,,
USDC,,2024-11-25 17:14:52,LOAN_REPAYMENT,-9518.99825238,-9080.288695519356870229007633587786255109,EUR,,
USDC,,2024-11-25 21:47:00,LOAN,8485.22940172,8088.065661372571973307912297426120116668,EUR,,
BTC,,2024-11-25 21:47:04,CREDIT,0.1,8946.019065776930409914204003813155386082,EUR,,
BTC,,2024-11-25 21:47:04,EXCHANGE_FEE,-0.000095,-8.498718112488083889418493803622497617,EUR,,
USDC,,2024-11-25 21:47:04,DEBIT,-9409.6439352,-8969.211602294070543374642516682554816629,EUR,,
BTC,,2024-11-25 21:47:06,LOAN_REPAYMENT,-0.00000005,-0.004485345567206863679694947569113441,EUR,,
USDC,,2024-11-25 22:23:44,CREDIT,9321.01621,8877.158295238095238095238095238095238539,EUR,,
BTC,,2024-11-25 22:23:44,DEBIT,-0.0998,-8862.477619047619047619047619047619047619,EUR,,
USDC,,2024-11-25 22:23:44,EXCHANGE_FEE,-8.8549654,-8.433300380952380952380952380952380953,EUR,,
USDC,,2024-11-25 22:23:46,LOAN_REPAYMENT,-8485.78984604,-8081.704615276190476190476190476190476595,EUR,,
BTC,,2024-11-26 03:45:22,EARN,0.00000006,0,EUR,0,USD
EURI,,2024-11-26 03:49:17,EARN,0.00004637,0,EUR,0,USD
BTC,,2024-11-26 18:05:00,LOAN,0.08,7130.192932187201528175740210124164278892,EUR,,
BTC,,2024-11-26 18:18:23,LOAN_REPAYMENT,-0.08,-7092.260803059273422562141491395793499044,EUR,,
BTC,,2024-11-27 03:01:34,EARN,0.00000006,0,EUR,0,USD
EURI,,2024-11-27 03:06:04,EARN,0.00004638,0,EUR,0,USD
BTC,,2024-11-27 19:16:00,LOAN,0.08,7282.088174077578051087984862819299905393,EUR,,
USDC,,2024-11-27 19:16:09,CREDIT,7693.5768,7278.691390728476821192052980132450328433,EUR,,
BTC,,2024-11-27 19:16:09,DEBIT,-0.08,-7282.088174077578051087984862819299905393,EUR,,
USDC,,2024-11-27 19:16:09,EXCHANGE_FEE,-7.30889796,-6.914756821192052980132450331125827812,EUR,,
BTC,,2024-11-27 19:56:37,CREDIT,0.0801,7337.441411931818181818181818181818181818,EUR,,
BTC,,2024-11-27 19:56:37,EXCHANGE_FEE,-0.00007611,-6.971943394034090909090909090909090909,EUR,,
USDC,,2024-11-27 19:56:37,DEBIT,-7746.3416076,-7335.550764772727272727272727272727275075,EUR,,
BTC,,2024-11-27 19:56:39,LOAN_REPAYMENT,-0.08000047,-7328.324114257291666666666666666666666667,EUR,,
BTC,,2024-11-27 20:30:00,LOAN,0.07797658,7185.749341497916666666666666666666666667,EUR,,
USDC,,2024-11-27 20:30:57,CREDIT,7590.36096,7187.841818181818181818181818181818184118,EUR,,
BTC,,2024-11-27 20:30:57,DEBIT,-78,-7187.907556818181818181818181818181818182,EUR,,
USDC,,2024-11-27 20:30:57,EXCHANGE_FEE,-7.21084291,-6.828449725378787878787878787878787881,EUR,,
BTC,,2024-11-27 20:31:00,EARN,0.00000014,0,EUR,0,USD
BTC,,2024-11-27 20:33:00,LOAN,0.00901119,828.324542115625,EUR,,
BTC,,2024-11-27 20:36:00,LOAN,0.09,8266.072159090909090909090909090909090909,EUR,,
USDC,,2024-11-27 20:36:03,LOAN,8731.8,8268.750000000000000000000000000000002646,EUR,,
BTC,,2024-11-27 20:36:03,LOAN_REPAYMENT,-0.09,-8266.072159090909090909090909090909090909,EUR,,
USDC,,2024-11-27 20:36:03,EXCHANGE_FEE,-8.29521,-7.855312500000000000000000000000000003,EUR,,
BTC,,2024-11-27 20:36:12,LOAN_REPAYMENT,-0.00901119,-827.634964214204545454545454545454545455,EUR,,
BTC,,2024-11-27 20:56:07,CREDIT,0.17,15533.39697256385998107852412488174077578,EUR,,
BTC,,2024-11-27 20:56:07,EXCHANGE_FEE,-0.0001615,-14.756727123935666982024597918637653737,EUR,,
USDC,,2024-11-27 20:56:07,DEBIT,-16425.1246,-15554.095265151515151515151515151515156492,EUR,,
BTC,,2024-11-27 20:56:09,DEBIT,-0.16797683,-15348.534015193377483443708609271523178808,EUR,,
USDC,,2024-11-27 20:59:00,CREDIT,17836.79211302,16874.921582800378429517502365184484383539,EUR,,
BTC,,2024-11-27 20:59:14,CREDIT,0.19221,17570.332524692526017029328287606433301798,EUR,,
BTC,,2024-11-27 20:59:14,EXCHANGE_FEE,-0.00018259,-16.690947482876064333017975402081362346,EUR,,
USDC,,2024-11-27 20:59:14,DEBIT,-18576.2661528,-17574.518592999053926206244087038789019041,EUR,,
USDC,,2024-11-27 21:03:02,CREDIT,19776.0268088,18707.709750349214758751182592242194881491,EUR,,
BTC,,2024-11-27 21:03:02,DEBIT,-0.20487,-18707.978308325449385052034058656575212867,EUR,,
USDC,,2024-11-27 21:03:02,EXCHANGE_FEE,-18.78722546,-17.77232425492336802270577105014191106,EUR,,
USDC,,2024-11-27 21:03:04,LOAN_REPAYMENT,-17837.31291703,-16873.726760395739829706717123935666973266,EUR,,
USDC,,2024-11-27 21:03:31,CREDIT,0.74612069,0.705814643264900662251655629139072847,EUR,,
BTC,,2024-11-27 21:03:31,DEBIT,-0.00000789,-0.720485912298959318826868495742667928,EUR,,
ETH,,2024-11-27 21:17:00,LOAN,2,6901.286660359508041627246925260170293282,EUR,,
USDC,,2024-11-27 21:17:23,CREDIT,7285.16,6892.298959318826868495742667928098389124,EUR,,
ETH,,2024-11-27 21:17:23,DEBIT,-2,-6896.669820245979186376537369914853358562,EUR,,
USDC,,2024-11-27 21:17:23,EXCHANGE_FEE,-6.920902,-6.54768401135288552507095553453169347,EUR,,
ETH,,2024-11-27 22:06:01,CREDIT,2.0021,6912.093983916745506149479659413434247871,EUR,,
ETH,,2024-11-27 22:06:01,EXCHANGE_FEE,-0.001902,-6.566506546830652790917691579943235572,EUR,,
USDC,,2024-11-27 22:06:01,DEBIT,-7318.04815,-6922.721234801324503311258278145695360645,EUR,,
ETH,,2024-11-27 22:06:03,LOAN_REPAYMENT,-2.00000549,-6904.862851620529801324503311258278145695,EUR,,
ETH,,2024-11-27 22:18:00,LOAN,1.99980749,6931.442494336613055818353831598864711447,EUR,,
USDC,,2024-11-27 22:18:34,CREDIT,7335.39095,6939.82114474929044465468306527909176659,EUR,,
ETH,,2024-11-27 22:18:34,DEBIT,-2,-6932.109744560075685903500473036896877956,EUR,,
USDC,,2024-11-27 22:18:34,EXCHANGE_FEE,-6.9686214,-6.592830085146641438032166508987701038,EUR,,
EURI,,2024-11-28 04:09:27,EARN,0.00004639,0,EUR,0,USD
ETH,,2024-11-28 15:24:38,CREDIT,2002,6738732,EUR,,
ETH,,2024-11-28 15:24:38,EXCHANGE_FEE,-0.00190191,-6.40182906,EUR,,
USDC,,2024-11-28 15:24:38,DEBIT,-7108.3012,-6737.726255924170616113744075829383884134,EUR,,
ETH,,2024-11-28 15:24:40,LOAN_REPAYMENT,-1.99990932,-6731.69477112,EUR,,
ETH,,2024-11-28 18:21:00,LOAN,1.99981123,6777.805714052037914691943127962085308057,EUR,,
ETH,,2024-11-28 19:18:00,LOAN,0.99981123,3387.445739193270142180094786729857819905,EUR,,
ETH,,2024-11-28 19:18:33,LOAN_REPAYMENT,-1.99981123,-6775.531047250142180094786729857819905213,EUR,,
USDC,,2024-11-28 19:18:36,CREDIT,3575.52,3388.779571563981042654028436018957347717,EUR,,
ETH,,2024-11-28 19:18:36,DEBIT,-1,-3388.085308056872037914691943127962085308,EUR,,
USDC,,2024-11-28 19:18:36,EXCHANGE_FEE,-3.396744,-3.21934059298578199052132701421800948,EUR,,
ETH,,2024-11-28 19:21:00,LOAN,1,3381.109004739336492890995260663507109005,EUR,,
USDC,,2024-11-28 19:21:24,CREDIT,3566.36,3380.436018957345971563981042654028434954,EUR,,
ETH,,2024-11-28 19:21:24,DEBIT,-1,-3381.109004739336492890995260663507109005,EUR,,
USDC,,2024-11-28 19:21:24,EXCHANGE_FEE,-3.388042,-3.211414218009478672985781990521327013,EUR,,
EURI,,2024-11-29 03:02:19,EARN,0.0000464,0,EUR,0,USD
ETH,,2024-11-29 14:46:51,CREDIT,2002,6882.192853080568720379146919431279620854,EUR,,
ETH,,2024-11-29 14:46:51,EXCHANGE_FEE,-0.0019019,-6.53808321042654028436018957345971564,EUR,,
USDC,,2024-11-29 14:46:51,DEBIT,-7257.723742,-6879.35899715639810426540284360189573243,EUR,,
ETH,,2024-11-29 14:46:53,LOAN_REPAYMENT,-1.99993287,-6875.086765511943127962085308056872037915,EUR,,
USDC,,2024-11-29 18:45:20,CREDIT,0.58023918,0.548430226843100189035916824196597353,EUR,,
ETH,,2024-11-29 18:45:20,DEBIT,-0.00016523,-0.559789244990548204158790170132325142,EUR,,
BTC,,2024-11-29 19:16:00,LOAN,0.18,16506.219470699432892249527410207939508507,EUR,,
USDC,,2024-11-29 19:16:18,CREDIT,17459.2764,16517.763859981078524124881740775780504768,EUR,,
BTC,,2024-11-29 19:16:18,DEBIT,-0.18,-16537.105771050141911069063386944181646168,EUR,,
USDC,,2024-11-29 19:16:18,EXCHANGE_FEE,-16.58631258,-15.69187566698202459791863765373699148,EUR,,
EURI,,2024-11-30 03:49:17,EARN,0.00004641,0,EUR,0,USD
EURI,,2024-12-01 03:05:57,EARN,0.00004642,0,EUR,0,USD
EURI,,2024-12-02 03:06:09,EARN,0.00004643,0,EUR,0,USD
BTC,,2024-12-02 13:10:22,CREDIT,0.1803,16348.61758230256898192197906755470980019,EUR,,
BTC,,2024-12-02 13:10:22,EXCHANGE_FEE,-0.00017129,-15.531640075832540437678401522359657469,EUR,,
USDC,,2024-12-02 13:10:22,DEBIT,-17177.539797,-16343.99600095147478591817316841103711175,EUR,,
BTC,,2024-12-02 13:10:24,LOAN_REPAYMENT,-0.18001583,-16322.850601390960989533777354900095147479,EUR,,
BTC,,2024-12-02 13:17:00,LOAN,0.01988712,1809.586382742530922930542340627973358706,EUR,,
USDC,,2024-12-02 13:17:55,CREDIT,1912.4026,1819.602854424357754519505233111322550424,EUR,,
BTC,,2024-12-02 13:17:55,DEBIT,-0.02,-1820.689438629876308277830637488106565176,EUR,,
USDC,,2024-12-02 13:17:55,EXCHANGE_FEE,-1.81678247,-1.728622711703139866793529971455756423,EUR,,
BTC,,2024-12-02 13:18:00,LOAN,0.04,3641.378877259752616555661274976213130352,EUR,,
BTC,,2024-12-02 13:19:00,LOAN,0.05,4551.72359657469077069457659372026641294,EUR,,
USDC,,2024-12-02 13:41:59,CREDIT,1916,1823.025689819219790675547098001902950044,EUR,,
BTC,,2024-12-02 13:41:59,DEBIT,-0.02,-1823.27098001902949571836346336822074215,EUR,,
USDC,,2024-12-02 13:41:59,EXCHANGE_FEE,-1916,-1.82302568981921979067554709800190295,EUR,,
USDC,,2024-12-02 14:29:00,CREDIT,1920,1828.57142857142857142857142857142857152,EUR,,
BTC,,2024-12-02 14:29:00,DEBIT,-0.02,-1827504,EUR,,
USDC,,2024-12-02 14:29:00,EXCHANGE_FEE,-1.92,-1.828571428571428571428571428571428572,EUR,,
USDC,,2024-12-02 14:33:49,CREDIT,4815,4585.714285714285714285714285714285714515,EUR,,
BTC,,2024-12-02 14:33:49,DEBIT,-0.05,-4588.394285714285714285714285714285714286,EUR,,
USDC,,2024-12-02 14:33:49,EXCHANGE_FEE,-4815,-4.585714285714285714285714285714285715,EUR,,
BTC,,2024-12-02 17:59:39,CREDIT,0.11,9913.283889418493803622497616777883698761,EUR,,
BTC,,2024-12-02 17:59:39,EXCHANGE_FEE,-0.0001045,-9.417619694947569113441372735938989514,EUR,,
USDC,,2024-12-02 17:59:39,DEBIT,-10402.0422,-9914.167580133460438512869399428026688736,EUR,,
BTC,,2024-12-02 17:59:41,LOAN_REPAYMENT,-0.10988788,-9913.025461658341277407054337464251668256,EUR,,
BTC,,2024-12-02 18:11:00,LOAN,0.05,4542.491897044804575786463298379408960915,EUR,,
USDC,,2024-12-02 18:11:19,CREDIT,2860.7043,2727.077502383222116301239275500476644017,EUR,,
BTC,,2024-12-02 18:11:19,DEBIT,-0.03,-2726.871020019065776930409914204003813155,EUR,,
USDC,,2024-12-02 18:11:19,EXCHANGE_FEE,-2.71766909,-2.590723632030505243088655862726406101,EUR,,
BTC,,2024-12-02 18:12:00,LOAN,0.05,4542.491897044804575786463298379408960915,EUR,,
USDC,,2024-12-02 18:18:55,CREDIT,1910,1820.78169685414680648236415633937082909,EUR,,
BTC,,2024-12-02 18:18:55,DEBIT,-0.02,-1821.424785510009532888465204957102001907,EUR,,
USDC,,2024-12-02 18:18:55,EXCHANGE_FEE,-1.91,-1.820781696854146806482364156339370829,EUR,,
BTC,,2024-12-02 18:39:00,LOAN,0.01,914.035748331744518589132507149666348904,EUR,,
BTC,,2024-12-02 18:40:00,LOAN,0.02,1826.456625357483317445185891325071496663,EUR,,
BTC,,2024-12-02 18:41:59,LOAN_REPAYMENT,-0.07,-6392.598188751191611058150619637750238322,EUR,,
BTC,,2024-12-02 18:42:00,LOAN_REPAYMENT,-0.01,-913.228312678741658722592945662535748332,EUR,,
BTC,,2024-12-02 18:43:00,LOAN,0.13,11869.851382268827454718779790276453765491,EUR,,
USDC,,2024-12-02 18:43:51,CREDIT,12447.5286,11866.0901811248808388941849380362249744,EUR,,
BTC,,2024-12-02 18:43:51,DEBIT,-0.13,-11869.851382268827454718779790276453765491,EUR,,
USDC,,2024-12-02 18:43:51,EXCHANGE_FEE,-11.82515217,-11.272785672068636796949475691134413726,EUR,,
BTC,,2024-12-02 19:26:54,CREDIT,0.1802,16362.031285714285714285714285714285714286,EUR,,
BTC,,2024-12-02 19:26:54,EXCHANGE_FEE,-0.00017119,-15.543929721428571428571428571428571429,EUR,,
USDC,,2024-12-02 19:26:54,DEBIT,-17203.593088,-16382.735932086857142857142857142857147772,EUR,,
BTC,,2024-12-02 19:26:56,LOAN_REPAYMENT,-0.18000059,-16367.086790354666666666666666666666666667,EUR,,
BTC,,2024-12-02 22:32:00,LOAN,0.09997178,9062.639896335619047619047619047619047619,EUR,,
USDC,,2024-12-02 22:32:28,CREDIT,9518592,9064.419181714285714285714285714285717005,EUR,,
BTC,,2024-12-02 22:32:28,DEBIT,-0.1,-9065.198095238095238095238095238095238095,EUR,,
USDC,,2024-12-02 22:32:28,EXCHANGE_FEE,-9.0426624,-8.611198222628571428571428571428571431,EUR,,
BTC,,2024-12-02 22:36:00,LOAN,0.08,7257.360761904761904761904761904761904762,EUR,,
USDC,,2024-12-02 22:36:17,CREDIT,7620.9152,7257.288674742857142857142857142857145035,EUR,,
BTC,,2024-12-02 22:36:17,DEBIT,-0.08,-7262.058666666666666666666666666666666667,EUR,,
USDC,,2024-12-02 22:36:17,EXCHANGE_FEE,-7.23986944,-6.894424241005714285714285714285714288,EUR,,
EURI,,2024-12-03 03:06:21,EARN,0.00004644,0,EUR,0,USD
BTC,,2024-12-03 14:13:48,CREDIT,0.1802,16127.636209125475285171102661596958174905,EUR,,
BTC,,2024-12-03 14:13:48,EXCHANGE_FEE,-0.00017119,-15.321254398669201520912547528517110266,EUR,,
USDC,,2024-12-03 14:13:48,DEBIT,-16966.502146,-16127.853750950570342205323193916349810983,EUR,,
BTC,,2024-12-03 14:13:50,LOAN_REPAYMENT,-0.17997578,-16107.568847356273764258555133079847908745,EUR,,
BTC,,2024-12-03 22:02:00,LOAN,0.18,16413.617697431018078020932445290199809705,EUR,,
USDC,,2024-12-03 22:02:23,CREDIT,17233.2018,16396.95699333967649857278782112274025163,EUR,,
BTC,,2024-12-03 22:02:23,DEBIT,-0.18,-16412.233872502378686964795432921027592769,EUR,,
USDC,,2024-12-03 22:02:23,EXCHANGE_FEE,-16.3715417,-15.577109134157944814462416745956232164,EUR,,
EURI,,2024-12-04 03:14:31,EARN,0.00004645,0,EUR,0,USD
BTC,,2024-12-04 09:15:48,CREDIT,0.1805,16671.464771428571428571428571428571428571,EUR,,
BTC,,2024-12-04 09:15:48,EXCHANGE_FEE,-0.00017147,-15.837429719428571428571428571428571429,EUR,,
USDC,,2024-12-04 09:15:48,DEBIT,-17506.0170495,-16672.397190000000000000000000000000000834,EUR,,
BTC,,2024-12-04 09:15:50,LOAN_REPAYMENT,-0.18000288,-16627.802040576,EUR,,
BTC,,2024-12-04 23:39:00,LOAN,0.14967435,14063.561123789173789173789173789173789174,EUR,,
USDC,,2024-12-04 23:39:22,CREDIT,14841.6405,14094.625356125356125356125356125356126103,EUR,,
BTC,,2024-12-04 23:39:22,DEBIT,-0.15,-14105.804843304843304843304843304843304843,EUR,,
USDC,,2024-12-04 23:39:22,EXCHANGE_FEE,-14.09955848,-13.389894093067426400759734093067426401,EUR,,
BTC,,2024-12-05 02:32:16,CREDIT,0.1502,14224.239544159544159544159544159544159544,EUR,,
BTC,,2024-12-05 02:32:16,EXCHANGE_FEE,-0.00014269,-13.513027566951566951566951566951566952,EUR,,
USDC,,2024-12-05 02:32:16,DEBIT,-14959.9602,-14206.989743589743589743589743589743590497,EUR,,
BTC,,2024-12-05 02:32:18,LOAN_REPAYMENT,-0.14967515,-14174.535202450142450142450142450142450142,EUR,,
EURI,,2024-12-05 03:02:13,EARN,0.00004646,0,EUR,0,USD
BTC,,2024-12-05 07:57:00,LOAN,0.13961784,13533.614258377294228949858088930936613056,EUR,,
USDC,,2024-12-05 07:57:17,CREDIT,14323.6772,13564.806884768211920529801324503311259132,EUR,,
BTC,,2024-12-05 07:57:17,DEBIT,-0.14,-13570.658278145695364238410596026490066225,EUR,,
USDC,,2024-12-05 07:57:17,EXCHANGE_FEE,-13.60749334,-12.886566540529801324503311258278145696,EUR,,
BTC,,2024-12-05 12:55:41,CREDIT,0.1402,13699.751306161137440758293838862559241706,EUR,,
BTC,,2024-12-05 12:55:41,EXCHANGE_FEE,-0.0001332,-13.015740898578199052132701421800947867,EUR,,
USDC,,2024-12-05 12:55:41,DEBIT,-14503.1090408,-13745.648085209402843601895734597156405184,EUR,,
BTC,,2024-12-05 12:55:43,LOAN_REPAYMENT,-0.13961898,-13642.976488016303317535545023696682464455,EUR,,
EURI,,2024-12-06 03:06:29,EARN,0.00004647,0,EUR,0,USD
EURI,,2024-12-07 03:14:24,EARN,0.00004648,0,EUR,0,USD
BTC,,2024-12-07 15:17:00,LOAN,0.16955218,15940.221652808876298394711992445703493862,EUR,,
USDC,,2024-12-07 15:17:42,CREDIT,16913.2697564,15970.98182851746931067044381491973560181,EUR,,
BTC,,2024-12-07 15:17:42,DEBIT,-0.17,-15982.322851746931067044381491973559962228,EUR,,
USDC,,2024-12-07 15:17:42,EXCHANGE_FEE,-16.06760628,-15.172432747875354107648725212464589237,EUR,,
BTC,,2024-12-07 18:44:54,CREDIT,0.1702,16098.109608695652173913043478260869565217,EUR,,
BTC,,2024-12-07 18:44:54,EXCHANGE_FEE,-0.0001617,-15.29414996313799621928166351606805293,EUR,,
USDC,,2024-12-07 18:44:54,DEBIT,-17020,-16086.9565217391304347826086956521739087,EUR,,
BTC,,2024-12-07 18:44:57,LOAN_REPAYMENT,-0.16955317,-16036.930171338468809073724007561436672968,EUR,,
USDC,,2024-12-07 20:42:00,LOAN,16419.89314714,15519.747776124763705103969754253308124354,EUR,,
BTC,,2024-12-07 20:42:33,CREDIT,0.18,17079.517769376181474480151228733459357278,EUR,,
BTC,,2024-12-07 20:42:33,EXCHANGE_FEE,-0.000171,-16.225541880907372400756143667296786389,EUR,,
USDC,,2024-12-07 20:42:33,DEBIT,-18070.2774,-17079.657277882797731568998109640831753423,EUR,,
EURI,,2024-12-08 03:06:30,EARN,0.0000465,0,EUR,0,USD
USDC,,2024-12-08 09:55:28,CREDIT,17733.7997124,16775.805423300624408703878902554399234433,EUR,,
BTC,,2024-12-08 09:55:28,DEBIT,-0.1795,-16766.789323557237464522232734153263954588,EUR,,
USDC,,2024-12-08 09:55:28,EXCHANGE_FEE,-16.84710972,-15.937015145721854304635761589403973502,EUR,,
USDC,,2024-12-08 09:55:30,LOAN_REPAYMENT,-16426.46014556,-15539.089403543466414380321665089877002341,EUR,,
BTC,,2024-12-08 23:24:00,EARN,0.00000002,0,EUR,0,USD
BTC,,2024-12-08 23:27:00,LOAN,0.1371252,13032.54620224196597353497164461247637051,EUR,,
USDC,,2024-12-08 23:27:25,CREDIT,13875.89034,13115.208260869565217391304347826086952981,EUR,,
BTC,,2024-12-08 23:27:25,DEBIT,-138,-13115.688260869565217391304347826086956522,EUR,,
USDC,,2024-12-08 23:27:25,EXCHANGE_FEE,-13.18209582,-12.459447844990548204158790170132325138,EUR,,
EURI,,2024-12-09 03:14:48,EARN,0.00004651,0,EUR,0,USD
BTC,,2024-12-09 12:19:07,CREDIT,0.1375,12795.017620624408703878902554399243140965,EUR,,
BTC,,2024-12-09 12:19:07,EXCHANGE_FEE,-0.00013062,-12.154801466225165562913907284768211921,EUR,,
USDC,,2024-12-09 12:19:07,DEBIT,-13523.140125,-12793.888481551561021759697256385998103119,EUR,,
BTC,,2024-12-09 12:19:09,LOAN_REPAYMENT,-0.137128,-12760.401282043519394512771996215704824976,EUR,,
BTC,,2024-12-09 12:21:00,LOAN,0.12975862,12081.083630371428571428571428571428571429,EUR,,
BTC,,2024-12-09 14:06:08,LOAN_REPAYMENT,-0.12975862,-12174.466870340964995269631031220435193945,EUR,,
BTC,,2024-12-09 14:09:00,LOAN,0.09975862,9361.115784630274361400189214758751182592,EUR,,
BTC,,2024-12-09 14:18:09,LOAN_REPAYMENT,-0.09975862,-9361.857603696688741721854304635761589404,EUR,,
BTC,,2024-12-09 14:22:00,LOAN,0.12975862,12158.067197639167455061494796594134342479,EUR,,
USDC,,2024-12-09 14:22:05,CREDIT,12877.7025,12183.256859035004730368968779564806050364,EUR,,
BTC,,2024-12-09 14:22:05,DEBIT,-0.13,-12200.897256385998107852412488174077578051,EUR,,
USDC,,2024-12-09 14:22:05,EXCHANGE_FEE,-12.23381737,-11.574094011352885525070955534531693468,EUR,,
BTC,,2024-12-09 18:11:07,CREDIT,0.13,12012.924881740775780510879848628192999054,EUR,,
BTC,,2024-12-09 18:11:07,EXCHANGE_FEE,-0.0001235,-11.412278637653736991485335856196783349,EUR,,
USDC,,2024-12-09 18:11:07,DEBIT,-12700519,-12015.628192999053926206244087038789021098,EUR,,
BTC,,2024-12-09 18:11:09,LOAN_REPAYMENT,-0.12976029,-11998.526443771333964049195837275307473983,EUR,,
USDC,,2024-12-09 20:53:00,LOAN,17462.49230501,16536.451046410984848484848484848484853777,EUR,,
BTC,,2024-12-09 20:53:27,CREDIT,0.2,18247.085388994307400379506641366223908918,EUR,,
BTC,,2024-12-09 20:53:27,EXCHANGE_FEE,-0.00019,-17.334731119544592030360531309297912713,EUR,,
USDC,,2024-12-09 20:53:27,DEBIT,-19247.193099,-18226.508616477272727272727272727272733105,EUR,,
USDC,,2024-12-09 21:20:37,CREDIT,19284.2592143,18261.609104450757575757575757575757581601,EUR,,
BTC,,2024-12-09 21:20:37,DEBIT,-0.1995,-18258.09453125,EUR,,
USDC,,2024-12-09 21:20:37,EXCHANGE_FEE,-18.32004626,-17.348528655303030303030303030303030309,EUR,,
USDC,,2024-12-09 21:20:39,LOAN_REPAYMENT,-17463.96362127,-16537.844338323863636363636363636363641656,EUR,,
BTC,,2024-12-09 21:24:00,LOAN,0.17957379,16501.71916786875,EUR,,
USDC,,2024-12-09 21:24:27,CREDIT,17477.6728394,16550.826552462121212121212121212121217417,EUR,,
BTC,,2024-12-09 21:24:27,DEBIT,-0.18,-16536.175568181818181818181818181818181818,EUR,,
USDC,,2024-12-09 21:24:27,EXCHANGE_FEE,-16.6037892,-15.723285227272727272727272727272727278,EUR,,
BTC,,2024-12-09 22:22:32,CREDIT,0.1799,16332.991157644824311490978157644824311491,EUR,,
BTC,,2024-12-09 22:22:32,EXCHANGE_FEE,-0.0001799,-16.332991157644824311490978157644824311,EUR,,
USDC,,2024-12-09 22:22:32,DEBIT,-17162.46,-16292.113025641025641025641025641025645328,EUR,,
BTC,,2024-12-09 22:22:34,LOAN_REPAYMENT,-0.17957433,-16303.423813396296296296296296296296296296,EUR,,
EURI,,2024-12-10 03:02:12,EARN,0.00004652,0,EUR,0,USD
USDC,,2024-12-10 07:25:31,CREDIT,13.5913344,12.882781421800947867298578199052132697,EUR,,
BTC,,2024-12-10 07:25:31,DEBIT,-0.00014,-12.889668625592417061611374407582938389,EUR,,
USDC,,2024-12-10 07:25:31,EXCHANGE_FEE,-0.01291177,-0.012238644549763033175355450236966825,EUR,,
ATOM,,2024-12-10 17:21:44,CREDIT,38.36,272.425347288296860133206470028544243595,EUR,,
ATOM,,2024-12-10 17:21:44,EXCHANGE_FEE,-0.036442,-0.258804079923882017126546146527117031,EUR,,
USDC,,2024-12-10 17:21:44,DEBIT,-286.97116,-273.045823025689819219790675547098001974,EUR,,
ATOM,,2024-12-10 17:27:42,WITHDRAWAL,-38.323558,-270.379812150333016175071360608943862991,EUR,,
EURI,,2024-12-11 03:10:51,EARN,0.00004653,0,EUR,0,USD
BTC,,2024-12-11 17:55:00,LOAN,0.17933423,17138.567192248617731172545281220209723546,EUR,,
USDC,,2024-12-11 17:55:52,CREDIT,17973.9055481,17134.323687416587225929456625357483314892,EUR,,
BTC,,2024-12-11 17:55:52,DEBIT,-0.17934,-17103.809666539561487130600571973307912297,EUR,,
USDC,,2024-12-11 17:55:52,EXCHANGE_FEE,-17.07521027,-16.277607502383222116301239275500476642,EUR,,
BTC,,2024-12-11 19:49:02,CREDIT,0.1795,17293.597561904761904761904761904761904762,EUR,,
BTC,,2024-12-11 19:49:02,EXCHANGE_FEE,-0.0001706,-16.436143420952380952380952380952380952,EUR,,
USDC,,2024-12-11 19:49:02,DEBIT,-18167.7301835,-17302.60017476190476190476190476190476277,EUR,,
BTC,,2024-12-11 19:49:05,LOAN_REPAYMENT,-0.16154,-15563.274374095238095238095238095238095238,EUR,,
BTC,,2024-12-11 20:11:00,LOAN,0.1322106,12729.777486725023786869647954329210275928,EUR,,
USDC,,2024-12-11 20:11:07,CREDIT,15176133,14439.707897240723120837297811607992391942,EUR,,
BTC,,2024-12-11 20:11:07,DEBIT,-0.15,-14442.613701236917221693625118934348239772,EUR,,
USDC,,2024-12-11 20:11:07,EXCHANGE_FEE,-14.41732636,-13.717722511893434823977164605137963848,EUR,,
EURI,,2024-12-12 03:21:26,EARN,0.00004654,0,EUR,0,USD
BTC,,2024-12-12 16:00:33,CREDIT,0.1501,14618.442379770992366412213740458015267176,EUR,,
BTC,,2024-12-12 16:00:33,EXCHANGE_FEE,-0.00014259,-13.887033304007633587786259541984732824,EUR,,
USDC,,2024-12-12 16:00:33,DEBIT,-15325.21,-14623.291984732824427480916030534351147846,EUR,,
BTC,,2024-12-12 16:00:36,LOAN_REPAYMENT,-0.13508973,-13153.488500382251908396946564885496183206,EUR,,
EURI,,2024-12-13 03:06:11,EARN,0.00004655,0,EUR,0,USD
EURI,,2024-12-14 03:10:21,EARN,0.00004656,0,EUR,0,USD
BTC,,2024-12-14 18:35:00,LOAN,0.12513232,12017.641339061465271170313986679352997146,EUR,,
USDC,,2024-12-14 18:35:14,CREDIT,14130.852672,13445.150020932445290199809705042816368849,EUR,,
BTC,,2024-12-14 18:35:14,DEBIT,-0.14,-13445.525404376784015223596574690770694577,EUR,,
USDC,,2024-12-14 18:35:14,EXCHANGE_FEE,-13.42431004,-12.772892521408182683158896289248334922,EUR,,
BTC,,2024-12-15 01:45:38,CREDIT,0.1401,13589.320090390104662226450999048525214082,EUR,,
BTC,,2024-12-15 01:45:38,EXCHANGE_FEE,-0.0001331,-12.910339072312083729781160799238820171,EUR,,
USDC,,2024-12-15 01:45:38,DEBIT,-14276.2186794,-13583.462111703139866793529971455756425973,EUR,,
BTC,,2024-12-15 01:45:40,LOAN_REPAYMENT,-0.12608135,-12225.046834954329210275927687916270218839,EUR,,
EURI,,2024-12-15 03:02:16,EARN,0.00004657,0,EUR,0,USD
BTC,,2024-12-15 11:47:00,LOAN,0.11111445,10852.522933911428571428571428571428571429,EUR,,
USDC,,2024-12-15 11:47:09,CREDIT,12816.99625,12206.663095238095238095238095238095238706,EUR,,
BTC,,2024-12-15 11:47:09,DEBIT,-125,-12208.721428571428571428571428571428571429,EUR,,
USDC,,2024-12-15 11:47:09,EXCHANGE_FEE,-12.17614644,-11.596329942857142857142857142857142858,EUR,,
BTC,,2024-12-16 00:33:59,CREDIT,0.1252,12548.496891406987724268177525967894239849,EUR,,
BTC,,2024-12-16 00:33:59,EXCHANGE_FEE,-0.00011893,-11.920069770727101038715769593956562795,EUR,,
USDC,,2024-12-16 00:33:59,DEBIT,-13271.2,-12530.56929178470254957507082152974504347,EUR,,
BTC,,2024-12-16 00:34:02,LOAN_REPAYMENT,-0.11263013,-11288.648851308026440037771482530689329556,EUR,,
EURI,,2024-12-16 03:06:48,EARN,0.00004658,0,EUR,0,USD
BTC,,2024-12-16 17:48:00,LOAN,0.07154906,7280.397746271673003802281368821292775665,EUR,,
USDC,,2024-12-16 17:48:01,CREDIT,8990.4402,8537.929914529914529914529914529914530367,EUR,,
BTC,,2024-12-16 17:48:01,DEBIT,-84,-8547.329771863117870722433460076045627376,EUR,,
USDC,,2024-12-16 17:48:01,EXCHANGE_FEE,-8.54091819,-8.111033418803418803418803418803418804,EUR,,
BTC,,2024-12-17 01:47:01,CREDIT,0.0851,8601.747174738841405508072174738841405508,EUR,,
BTC,,2024-12-17 01:47:01,EXCHANGE_FEE,-0.00008086,-8.173175987654320987654320987654320988,EUR,,
USDC,,2024-12-17 01:47:01,DEBIT,-9060.1954346,-8604.174201899335232668566001899335233125,EUR,,
BTC,,2024-12-17 01:47:04,LOAN_REPAYMENT,-0.08401238,-8491.812600565052231718898385565052231719,EUR,,
EURI,,2024-12-17 03:15:28,EARN,0.00004659,0,EUR,0,USD
BTC,,2024-12-17 12:42:00,LOAN,0.08599324,8759.277159282666666666666666666666666667,EUR,,
USDC,,2024-12-17 12:42:58,CREDIT,9303.93399,8860.889514285714285714285714285714286157,EUR,,
BTC,,2024-12-17 12:42:58,DEBIT,-87,-8861.8258,EUR,,
USDC,,2024-12-17 12:42:58,EXCHANGE_FEE,-8.83873729,-8.417845038095238095238095238095238096,EUR,,
BTC,,2024-12-17 14:50:52,CREDIT,87,8926.606495726495726495726495726495726496,EUR,,
BTC,,2024-12-17 14:50:52,EXCHANGE_FEE,-0.00008266,-8.481302217663817663817663817663817664,EUR,,
USDC,,2024-12-17 14:50:52,DEBIT,-9399.7514479,-8943.626496574690770694576593720266415256,EUR,,
BTC,,2024-12-17 14:50:54,LOAN_REPAYMENT,-0.08599363,-8823.34823159886039886039886039886039886,EUR,,
BTC,,2024-12-17 18:53:00,LOAN,0.07707629,7815.811078464285714285714285714285714286,EUR,,
USDC,,2024-12-17 18:53:16,CREDIT,8309.67306,7912.391547988571428571428571428571424614,EUR,,
BTC,,2024-12-17 18:53:16,DEBIT,-78,-7909.478571428571428571428571428571428571,EUR,,
USDC,,2024-12-17 18:53:16,EXCHANGE_FEE,-7.89418941,-7.516771973445714285714285714285714282,EUR,,
BTC,,2024-12-18 01:05:16,CREDIT,0.0775,7850006,EUR,,
BTC,,2024-12-18 01:05:16,EXCHANGE_FEE,-0.00007363,-7.458012152,EUR,,
USDC,,2024-12-18 01:05:16,DEBIT,-8254.598625,-7861.522500000000000000000000000000000393,EUR,,
BTC,,2024-12-18 01:05:18,LOAN_REPAYMENT,-0.07707713,-7809.59208229819047619047619047619047619,EUR,,
EURI,,2024-12-18 03:03:10,EARN,0.0000466,0,EUR,0,USD
EURI,,2024-12-19 03:07:33,EARN,0.00004661,0,EUR,0,USD
BTC,,2024-12-19 12:16:57,CREDIT,0.00009,8.849652449567723342939481268011527378,EUR,,
BTC,,2024-12-19 12:16:57,EXCHANGE_FEE,-0.00000009,-0.008849652449567723342939481268011527,EUR,,
USDC,,2024-12-19 12:16:57,DEBIT,-9.2123748,-8.849543515850144092219020172910662821,EUR,,
USDC,,2024-12-19 20:21:00,LOAN,8030.39046558,7751.342148243243243243243243243243243522,EUR,,
BTC,,2024-12-19 20:21:08,CREDIT,91,8497.414864864864864864864864864864864865,EUR,,
BTC,,2024-12-19 20:21:08,EXCHANGE_FEE,-0.00008646,-8.073477903474903474903474903474903475,EUR,,
USDC,,2024-12-19 20:21:08,DEBIT,-8807.2338284,-8492.993084281581485053037608486017354977,EUR,,
USDC,,2024-12-19 23:03:02,CREDIT,8919.0184638,8617.409143768115942028985507246376814223,EUR,,
BTC,,2024-12-19 23:03:02,DEBIT,-91,-8610.390985507246376811594202898550724638,EUR,,
USDC,,2024-12-19 23:03:02,EXCHANGE_FEE,-8.47306754,-8.186538685990338164251207729468599036,EUR,,
USDC,,2024-12-19 23:03:04,LOAN_REPAYMENT,-8030.97370884,-7759.394887768115942028985507246376813961,EUR,,
BTC,,2024-12-19 23:04:00,LOAN,0.04964731,4693.447545108599033816425120772946859903,EUR,,
USDC,,2024-12-19 23:04:37,CREDIT,4892.600122,4727.149876328502415458937198067632851683,EUR,,
BTC,,2024-12-19 23:04:37,DEBIT,-0.05,-4730.984057971014492753623188405797101449,EUR,,
USDC,,2024-12-19 23:04:37,EXCHANGE_FEE,-4.64797012,-4.490792386473429951690821256038647344,EUR,,
BTC,,2024-12-20 01:41:05,CREDIT,51,4749.607847490347490347490347490347490347,EUR,,
BTC,,2024-12-20 01:41:05,EXCHANGE_FEE,-0.000051,-4.74960784749034749034749034749034749,EUR,,
USDC,,2024-12-20 01:41:05,DEBIT,-4920.48,-4749.49806949806949806949806949806949824,EUR,,
BTC,,2024-12-20 01:41:07,LOAN_REPAYMENT,-0.04964755,-4623.654766444498069498069498069498069498,EUR,,
EURI,,2024-12-20 03:12:27,EARN,0.00004662,0,EUR,0,USD
USDC,,2024-12-20 22:33:00,LOAN,8876.59356763,8526.987096666666666666666666666666663767,EUR,,
BTC,,2024-12-20 22:33:38,CREDIT,0.1,9328.229586935638808837656099903938520653,EUR,,
BTC,,2024-12-20 22:33:38,EXCHANGE_FEE,-0.00009501,-8.862750930547550432276657060518731988,EUR,,
USDC,,2024-12-20 22:33:38,DEBIT,-9714.4505605,-9331.844918828049951969260326609029775886,EUR,,
EURI,,2024-12-21 03:19:03,EARN,0.00004663,0,EUR,0,USD
USDC,,2024-12-21 07:31:38,CREDIT,9988.9,9603.751067307692307692307692307692304619,EUR,,
BTC,,2024-12-21 07:31:38,DEBIT,-101,-9605.919653846153846153846153846153846154,EUR,,
USDC,,2024-12-21 07:31:38,EXCHANGE_FEE,-9.9889,-9.603751067307692307692307692307692305,EUR,,
USDC,,2024-12-21 07:31:40,LOAN_REPAYMENT,-8878.43184631,-8536.100003005162499999999999999999997268,EUR,,
PEPE,,2024-12-21 14:02:51,LOAN,100,0.0017214217098943323727185398655139,EUR,,
PEPE,,2024-12-21 14:02:56,LOAN,100,0.0017214217098943323727185398655139,EUR,,
EURI,,2024-12-22 03:46:51,EARN,0.00004664,0,EUR,0,USD
BTC,,2024-12-22 16:50:46,CREDIT,0.00196,179.949876007677543186180422264875239923,EUR,,
BTC,,2024-12-22 16:50:46,EXCHANGE_FEE,-0.00000186,-0.170768759884836852207293666026871401,EUR,,
USDC,,2024-12-22 16:50:46,DEBIT,-187.22704,-179.680460652591170825335892514395393423,EUR,,
BTC,,2024-12-22 19:58:46,CREDIT,0.00052,47.22351554702495201535508637236084453,EUR,,
BTC,,2024-12-22 19:58:46,EXCHANGE_FEE,-0.00000049,-0.04449908195777351247600767754318618,EUR,,
USDC,,2024-12-22 19:58:46,DEBIT,-49.1988848,-47.21640100564805220729366602687140114,EUR,,
USDC,,2024-12-23 01:22:00,LOAN,7127.68224179,6833.827652722914669223394055608820705959,EUR,,
EURI,,2024-12-23 03:21:40,EARN,0.00004666,0,EUR,0,USD
BTC,,2024-12-23 16:18:26,CREDIT,0.00055,49.204291626564003849855630413859480269,EUR,,
BTC,,2024-12-23 16:18:26,EXCHANGE_FEE,-0.00000055,-0.04920429162656400384985563041385948,EUR,,
USDC,,2024-12-23 16:18:26,DEBIT,-51095,-49.177093358999037536092396535129932632,EUR,,
USDC,,2024-12-23 19:02:45,LOAN_REPAYMENT,-7127.68224179,-6853.54061710576923076923076923076922748,EUR,,
USDC,,2024-12-23 19:04:00,LOAN,7514.8120212,7225.780789615384615384615384615384611916,EUR,,
BTC,,2024-12-23 19:04:09,CREDIT,0.09,8021.059615384615384615384615384615384615,EUR,,
BTC,,2024-12-23 19:04:09,EXCHANGE_FEE,-0.0000855,-7.620006634615384615384615384615384615,EUR,,
USDC,,2024-12-23 19:04:09,DEBIT,-8341.9210527,-8021.077935288461538461538461538461534611,EUR,,
USDC,,2024-12-23 21:14:21,CREDIT,8364.22,8041.71497884615384615384615384615384358,EUR,,
BTC,,2024-12-23 21:14:21,DEBIT,-89,-8036.296076923076923076923076923076923077,EUR,,
USDC,,2024-12-23 21:14:21,EXCHANGE_FEE,-8.36422,-8.041714978846153846153846153846153844,EUR,,
USDC,,2024-12-23 21:14:23,LOAN_REPAYMENT,-7517.9741916,-7228.821338076923076923076923076923073453,EUR,,
USDC,,2024-12-23 21:21:21,CREDIT,84.6225,81.367788461538461538461538461538461499,EUR,,
BTC,,2024-12-23 21:21:21,DEBIT,-0.0009,-81.374806730769230769230769230769230769,EUR,,
USDC,,2024-12-23 21:21:21,EXCHANGE_FEE,-0.0846225,-0.081367788461538461538461538461538461,EUR,,
EURI,,2024-12-24 03:03:09,EARN,0.00004667,0,EUR,0,USD
BTC,,2024-12-24 03:21:05,EARN,0.00000001,0,EUR,0,USD
BTC,,2024-12-25 03:02:16,EARN,0.00000002,0,EUR,0,USD
EURI,,2024-12-25 03:21:35,EARN,0.00004668,0,EUR,0,USD
BTC,,2024-12-25 10:50:00,LOAN,0.08,7598.144369586140519730510105871029836381,EUR,,
USDC,,2024-12-25 10:50:21,CREDIT,7889.28,7593.14725697786333012512030798845043386,EUR,,
BTC,,2024-12-25 10:50:21,DEBIT,-0.08,-7598.144369586140519730510105871029836381,EUR,,
USDC,,2024-12-25 10:50:21,EXCHANGE_FEE,-7.494816,-7.213489894128970163618864292589027912,EUR,,
EURI,,2024-12-26 03:42:30,EARN,0.00004669,0,EUR,0,USD
BTC,,2024-12-26 03:54:23,EARN,0.00000002,0,EUR,0,USD
BTC,,2024-12-26 08:32:47,CREDIT,0.0801,7384.790589990375360923965351299326275265,EUR,,
BTC,,2024-12-26 08:32:47,EXCHANGE_FEE,-0.0000801,-7.384790589990375360923965351299326275,EUR,,
USDC,,2024-12-26 08:32:47,DEBIT,-7673.58,-7385.543792107795957651588065447545717767,EUR,,
BTC,,2024-12-26 08:32:49,LOAN_REPAYMENT,-0.08000276,-7379.515412217516843118383060635226179018,EUR,,
BTC,,2024-12-27 03:17:10,EARN,0.00000002,0,EUR,0,USD
EURI,,2024-12-27 03:17:29,EARN,0.0000467,0,EUR,0,USD
BTC,,2024-12-27 17:39:11,CREDIT,0.0001,9.00843900096061479346781940441882805,EUR,,
BTC,,2024-12-27 17:39:11,EXCHANGE_FEE,-0.0000001,-0.009008439000960614793467819404418828,EUR,,
USDC,,2024-12-27 17:39:11,DEBIT,-9.37177,-9.002660902977905859750240153698366952,EUR,,
EURI,,2024-12-28 03:42:30,EARN,0.00004671,0,EUR,0,USD
BTC,,2024-12-28 03:54:29,EARN,0.00000002,0,EUR,0,USD
BTC,,2024-12-29 03:01:45,EARN,0.00000002,0,EUR,0,USD
EURI,,2024-12-29 03:15:14,EARN,0.00004672,0,EUR,0,USD
BTC,,2024-12-29 19:43:32,CREDIT,0.0009,80.425887931034482758620689655172413793,EUR,,
BTC,,2024-12-29 19:43:32,EXCHANGE_FEE,-0.0000009,-0.080425887931034482758620689655172414,EUR,,
USDC,,2024-12-29 19:43:32,DEBIT,-83.9997,-80.536625119846596356663470757430488932,EUR,,
ATOM,,2024-12-29 20:03:03,CREDIT,2.55,15.434339080459770114942528735632183907,EUR,,
ATOM,,2024-12-29 20:03:03,EXCHANGE_FEE,-0.00255,-0.015434339080459770114942528735632184,EUR,,
USDC,,2024-12-29 20:03:03,DEBIT,-15.9987,-15.324425287356321839080459770114942535,EUR,,
BTC,,2024-12-30 03:46:10,EARN,0.00000002,0,EUR,0,USD
EURI,,2024-12-30 04:01:34,EARN,0.00004673,0,EUR,0,USD
EURI,,2024-12-31 03:42:32,EARN,0.00009348,0,EUR,0,USD
BTC,,2024-12-31 03:54:24,EARN,0.00000004,0,EUR,0,USD
BTC,,2024-12-31 14:04:00,LOAN,0.16,14698.417709335899903753609239653512993263,EUR,,
USDC,,2024-12-31 14:04:32,CREDIT,15267.6069002,14694.520596920115495668912415784408086152,EUR,,
BTC,,2024-12-31 14:04:32,DEBIT,-0.16,-14698.417709335899903753609239653512993263,EUR,,
USDC,,2024-12-31 14:04:32,EXCHANGE_FEE,-14.50422656,-13.95979457170356111645813282001924928,EUR,,
BTC,,2024-12-31 16:48:41,CREDIT,0.1602,14651.61366023166023166023166023166023166,EUR,,
BTC,,2024-12-31 16:48:41,EXCHANGE_FEE,-0.00015218,-13.918118394594594594594594594594594595,EUR,,
USDC,,2024-12-31 16:48:41,DEBIT,-15177.439799,-14648.573412181563706563706563706563699883,EUR,,
BTC,,2024-12-31 16:48:43,LOAN_REPAYMENT,-0.16000066,-14629.589304335907335907335907335907335907,EUR,,
BTC,,2025-01-01 04:41:43,EARN,0.00000002,0,EUR,0,USD
EURI,,2025-01-01 04:46:47,EARN,0.00004675,0,EUR,0,USD
BTC,,2025-01-01 21:36:00,LOAN,0.08,7311.189178743961352657004830917874396135,EUR,,
USDC,,2025-01-01 21:36:28,CREDIT,7565272,7309.44154589371980676328502415458937421,EUR,,
BTC,,2025-01-01 21:36:28,DEBIT,-0.08,-7309.412173913043478260869565217391304348,EUR,,
USDC,,2025-01-01 21:36:28,EXCHANGE_FEE,-7.18700839,-6.943969458937198067632850241545893722,EUR,,
BTC,,2025-01-02 01:07:05,CREDIT,0.0801,7377.384130434782608695652173913043478261,EUR,,
BTC,,2025-01-02 01:07:05,EXCHANGE_FEE,-0.00007614,-7.012659521739130434782608695652173913,EUR,,
USDC,,2025-01-02 01:07:05,DEBIT,-7635.1135996,-7376.92135227053140096618357487922705539,EUR,,
BTC,,2025-01-02 01:07:07,LOAN_REPAYMENT,-0.08000055,-7368.224569239130434782608695652173913043,EUR,,
BTC,,2025-01-02 03:02:20,EARN,0.00000002,0,EUR,0,USD
BTC,,2025-01-02 10:07:00,LOAN,75,6993.541304347826086956521739130434782609,EUR,,
BTC,,2025-01-02 10:09:12,LOAN_REPAYMENT,-75,-6993.572463768115942028985507246376811594,EUR,,
BTC,,2025-01-03 03:16:26,EARN,0.00000002,0,EUR,0,USD
BTC,,2025-01-03 17:30:00,LOAN,75,7141.558252427184466019417475728155339806,EUR,,
USDC,,2025-01-03 17:30:01,CREDIT,7357551,7143.253398058252427184466019417475727512,EUR,,
BTC,,2025-01-03 17:30:01,DEBIT,-75,-7141.558252427184466019417475728155339806,EUR,,
USDC,,2025-01-03 17:30:01,EXCHANGE_FEE,-6.98967345,-6.786090728155339805825242718446601941,EUR,,
BTC,,2025-01-04 03:40:50,EARN,0.00000002,0,EUR,0,USD
BTC,,2025-01-05 03:02:31,EARN,0.00000002,0,EUR,0,USD
BTC,,2025-01-06 03:21:09,EARN,0.00000002,0,EUR,0,USD
BTC,,2025-01-06 14:49:06,CREDIT,75,7236.749277456647398843930635838150289017,EUR,,
BTC,,2025-01-06 14:49:06,EXCHANGE_FEE,-0.00007125,-6.874911813583815028901734104046242775,EUR,,
USDC,,2025-01-06 14:49:06,DEBIT,-7522.5,-7240.134744947064485081809432146294514672,EUR,,
USDC,,2025-01-06 17:06:53,CREDIT,7540.60518,7250.581903846153846153846153846153842674,EUR,,
BTC,,2025-01-06 17:06:53,DEBIT,-74,-7262.103599615014436958614051973051010587,EUR,,
USDC,,2025-01-06 17:06:53,EXCHANGE_FEE,-7.16357492,-6.888052807692307692307692307692307689,EUR,,
USDC,,2025-01-06 17:08:48,CREDIT,91.781982,88.251905769230769230769230769230769188,EUR,,
BTC,,2025-01-06 17:08:48,DEBIT,-0.0009,-88.322881616939364773820981713185755534,EUR,,
USDC,,2025-01-06 17:08:48,EXCHANGE_FEE,-0.08719288,-0.083839307692307692307692307692307692,EUR,,
BTC,,2025-01-07 03:10:41,EARN,0.00000002,0,EUR,0,USD
BTC,,2025-01-07 13:13:37,DEBIT,-0.00000002,-0.001939629643888354186717998075072185,EUR,,
BNB,,2025-01-07 13:13:37,DEBIT,-0.00000002,-0.00001395707410972088546679499518768,EUR,,
EUR,,2025-01-07 13:13:37,DEBIT,-0.004051,-0.004051,EUR,,
USDT,,2025-01-07 13:13:37,DEBIT,-0.92842743,-0.893488534414821944177093358999037536,EUR,,
USDC,,2025-01-07 13:13:37,DEBIT,-2.20090845,-2.117871288075072184793070259865255052,EUR,,
BTC,,2025-01-07 17:21:34,CREDIT,0.0751,7054.005993243243243243243243243243243243,EUR,,
BTC,,2025-01-07 17:21:34,EXCHANGE_FEE,-0.00007135,-6.701775334459459459459459459459459459,EUR,,
USDC,,2025-01-07 17:21:34,DEBIT,-7319.802491,-7064.73987524218146718146718146718146396,EUR,,
BTC,,2025-01-07 17:21:50,LOAN_REPAYMENT,-0.07501109,-7051.476887162162162162162162162162162162,EUR,,
BTC,,2025-01-08 03:01:49,EARN,0.00000002,0,EUR,0,USD
BTC,,2025-01-09 03:15:30,EARN,0.00000002,0,EUR,0,USD
BTC,,2025-01-09 14:33:45,CREDIT,0.0001,8.976715533980582524271844660194174757,EUR,,
BTC,,2025-01-09 14:33:45,EXCHANGE_FEE,-0.0000001,-0.008976715533980582524271844660194175,EUR,,
USDC,,2025-01-09 14:33:45,DEBIT,-9.248861,-8.979476699029126213592233009708737863,EUR,,
ETH,,2025-01-09 14:34:07,CREDIT,3,9.440737864077669902912621359223300971,EUR,,
ETH,,2025-01-09 14:34:07,EXCHANGE_FEE,-0.00000285,-0.008968700970873786407766990291262136,EUR,,
USDC,,2025-01-09 14:34:07,DEBIT,-9.72246,-9.439281553398058252427184466019417475,EUR,,
BTC,,2025-01-09 20:22:48,CREDIT,0.00104,92.256510009718172983479105928085519922,EUR,,
BTC,,2025-01-09 20:22:48,EXCHANGE_FEE,-0.00000104,-0.09225651000971817298347910592808552,EUR,,
USDC,,2025-01-09 20:22:48,DEBIT,-94848,-92.08543689320388349514563106796116504,EUR,,
BTC,,2025-01-10 03:14:00,EARN,0.00000002,0,EUR,0,USD
USDC,,2025-01-10 07:56:17,CREDIT,16.75384,16.28167152575315840621963070942662779,EUR,,
USDC,,2025-01-10 07:56:17,EXCHANGE_FEE,-0.01591615,-0.015467589893100097181729834791059281,EUR,,
ATOM,,2025-01-10 07:56:17,DEBIT,-2.54,-16.264392614188532555879494655004859085,EUR,,
BTC,,2025-01-11 00:03:00,LOAN,75,6934.850830078125,EUR,,
BTC,,2025-01-11 03:02:02,EARN,0.00000003,0,EUR,0,USD
BTC,,2025-01-11 08:54:49,LOAN_REPAYMENT,-75,-6889.358642578125,EUR,,
BTC,,2025-01-12 03:18:16,EARN,0.00000003,0,EUR,0,USD
BTC,,2025-01-13 03:06:38,EARN,0.00000003,0,EUR,0,USD
ETH,,2025-01-13 14:34:41,CREDIT,0.0335,97.269242871189773844641101278269419862,EUR,,
ETH,,2025-01-13 14:34:41,EXCHANGE_FEE,-0.0000335,-0.09726924287118977384464110127826942,EUR,,
USDC,,2025-01-13 14:34:41,DEBIT,-99026,-97.137008456243854473942969518190757106,EUR,,
BTC,,2025-01-14 03:06:31,EARN,0.00000003,0,EUR,0,USD
EURI,,2025-01-14 03:41:01,EARN,0.00006017,0,EUR,0,USD
BTC,,2025-01-15 03:07:21,EARN,0.00000003,0,EUR,0,USD
EURI,,2025-01-15 03:07:55,EARN,0.00006018,0,EUR,0,USD
BTC,,2025-01-15 07:40:00,LOAN,75,7084.175242718446601941747572815533980583,EUR,,
USDC,,2025-01-15 07:40:36,CREDIT,7297.88475,7085.324999999999999999999999999999999362,EUR,,
BTC,,2025-01-15 07:40:36,DEBIT,-75,-7084.175242718446601941747572815533980583,EUR,,
USDC,,2025-01-15 07:40:36,EXCHANGE_FEE,-6.93299051,-6.73105874757281553398058252427184466,EUR,,
BTC,,2025-01-15 13:30:18,CREDIT,0.07505,7124.73552662149080348499515972894482091,EUR,,
BTC,,2025-01-15 13:30:18,EXCHANGE_FEE,-0.00007135,-6.773482742497579864472410454985479187,EUR,,
USDC,,2025-01-15 13:30:18,DEBIT,-7369.91,-7133.758963213939980638915779283639883491,EUR,,
BTC,,2025-01-15 13:30:21,LOAN_REPAYMENT,-0.06753791,-6411.588897678412391093901258470474346563,EUR,,
BTC,,2025-01-15 14:50:00,LOAN,0.06655926,6384.141925446853823814133591481122942885,EUR,,
USDC,,2025-01-15 14:50:47,CREDIT,7329.04784,7094.915624394966118102613746369796709715,EUR,,
BTC,,2025-01-15 14:50:47,DEBIT,-74,-7102.615183752417794970986460348162475822,EUR,,
USDC,,2025-01-15 14:50:47,EXCHANGE_FEE,-6.96259544,-6.740169835430784123910939012584704745,EUR,,
BTC,,2025-01-15 20:33:00,LOAN,0.03950311,3842.96685969242718446601941747572815534,EUR,,
USDC,,2025-01-15 20:33:39,CREDIT,4504.86,4373.213120388349514563106796116504854019,EUR,,
BTC,,2025-01-15 20:33:39,DEBIT,-45,-4376.882621359223300970873786407766990291,EUR,,
USDC,,2025-01-15 20:33:39,EXCHANGE_FEE,-4.279617,-4.154552464368932038834951456310679611,EUR,,
EURI,,2025-01-16 03:41:13,EARN,0.00006019,0,EUR,0,USD
BTC,,2025-01-16 14:50:10,CREDIT,0.1192,11311.786638132295719844357976653696498055,EUR,,
BTC,,2025-01-16 14:50:10,EXCHANGE_FEE,-0.00011324,-10.746197306225680933852140077821011673,EUR,,
USDC,,2025-01-16 14:50:10,DEBIT,-11636.106064,-11315.773572160311284046692607003891048637,EUR,,
BTC,,2025-01-16 14:50:12,LOAN_REPAYMENT,-0.1022116,-9711.063465147859922178988326848249027237,EUR,,
BTC,,2025-01-16 14:50:26,LOAN_REPAYMENT,-0.01128048,-1071.751711129961089494163424124513618677,EUR,,
BTC,,2025-01-16 14:50:58,LOAN_REPAYMENT,-0.0000388,-3.686364976653696498054474708171206226,EUR,,
ATOM,,2025-01-16 20:52:34,CREDIT,7.5,48.768186226964112512124151309408341412,EUR,,
ATOM,,2025-01-16 20:52:34,EXCHANGE_FEE,-0.007125,-0.046329776915615906886517943743937924,EUR,,
USDC,,2025-01-16 20:52:34,DEBIT,-50.28051,-48.7686808923375363724539282250242483,EUR,,
EURI,,2025-01-17 03:41:09,EARN,0.00006021,0,EUR,0,USD
BTC,,2025-01-18 03:04:35,EARN,0.00000003,0,EUR,0,USD
EURI,,2025-01-18 03:05:12,EARN,0.00006023,0,EUR,0,USD
BTC,,2025-01-19 03:45:46,EARN,0.00000003,0,EUR,0,USD
EURI,,2025-01-19 03:50:32,EARN,0.00006025,0,EUR,0,USD
EURI,,2025-01-20 03:42:23,EARN,0.00006026,0,EUR,0,USD
BTC,,2025-01-20 03:44:38,EARN,0.00000003,0,EUR,0,USD
BTC,,2025-01-21 04:21:40,EARN,0.00000003,0,EUR,0,USD
EURI,,2025-01-21 04:35:13,EARN,0.00006028,0,EUR,0,USD
BTC,,2025-01-21 22:04:00,LOAN,74,7574.618694817658349328214971209213051823,EUR,,
USDC,,2025-01-21 22:04:20,CREDIT,7888.43404,7570.47412667946257197696737044145873104,EUR,,
BTC,,2025-01-21 22:04:20,DEBIT,-74,-7574.618694817658349328214971209213051823,EUR,,
USDC,,2025-01-21 22:04:20,EXCHANGE_FEE,-7.49401234,-7.191950422264875239923224568138195775,EUR,,
BTC,,2025-01-21 23:35:25,CREDIT,75,7639.693269230769230769230769230769230769,EUR,,
BTC,,2025-01-21 23:35:25,EXCHANGE_FEE,-0.00007125,-7.257708605769230769230769230769230769,EUR,,
USDC,,2025-01-21 23:35:25,DEBIT,-7942.80075,-7637.308413461538461538461538461538457873,EUR,,
BTC,,2025-01-21 23:35:27,LOAN_REPAYMENT,-0.0740002,-7537.851064823076923076923076923076923077,EUR,,
BTC,,2025-01-22 03:46:17,EARN,0.00000003,0,EUR,0,USD
EURI,,2025-01-22 03:46:56,EARN,0.0000603,0,EUR,0,USD
EURI,,2025-01-23 10:03:00,EARN,0.00006032,0,EUR,0,USD
BTC,,2025-01-23 11:26:11,EARN,0.00000003,0,EUR,0,USD
BTC,,2025-01-23 21:09:00,LOAN,0.07,6925.353262955854126679462571976967370441,EUR,,
USDC,,2025-01-23 21:09:39,CREDIT,7216.79,6925.902111324376199616122840690978884775,EUR,,
BTC,,2025-01-23 21:09:39,DEBIT,-0.07,-6925.353262955854126679462571976967370441,EUR,,
USDC,,2025-01-23 21:09:39,EXCHANGE_FEE,-6.85595051,-6.579607015355086372360844529750479845,EUR,,
BTC,,2025-01-23 21:28:21,CREDIT,0.0702,6945.826046109510086455331412103746397695,EUR,,
BTC,,2025-01-23 21:28:21,EXCHANGE_FEE,-0.00006669,-6.598534743804034582132564841498559078,EUR,,
USDC,,2025-01-23 21:28:21,DEBIT,-7233.408702,-6948.519406340057636887608069164265127321,EUR,,
BTC,,2025-01-23 21:28:23,LOAN_REPAYMENT,-0.0700001,-6926.047262254562920268972142170989433237,EUR,,
EURI,,2025-01-24 03:47:59,EARN,0.00006034,0,EUR,0,USD
BTC,,2025-01-24 04:21:23,EARN,0.00000004,0,EUR,0,USD
BTC,,2025-01-25 12:09:40,EARN,0.00000004,0,EUR,0,USD
EURI,,2025-01-25 12:15:52,EARN,0.00006035,0,EUR,0,USD
BTC,,2025-01-25 22:16:00,LOAN,69,6911.089990467111534795042897998093422307,EUR,,
USDC,,2025-01-25 22:16:57,CREDIT,7249.68303,6911.04197330791229742612011439466158143,EUR,,
BTC,,2025-01-25 22:16:57,DEBIT,-69,-6911.089990467111534795042897998093422307,EUR,,
USDC,,2025-01-25 22:16:57,EXCHANGE_FEE,-6.88719888,-6.565489876072449952335557673975214489,EUR,,
EURI,,2025-01-26 03:17:45,EARN,0.00006037,0,EUR,0,USD
BTC,,2025-01-26 03:26:41,EARN,0.00000004,0,EUR,0,USD
EURI,,2025-01-27 04:08:05,EARN,0.00006039,0,EUR,0,USD
BTC,,2025-01-27 04:18:34,EARN,0.00000004,0,EUR,0,USD
BTC,,2025-01-27 07:29:28,CREDIT,0.0693,6481.711894736842105263157894736842105263,EUR,,
BTC,,2025-01-27 07:29:28,EXCHANGE_FEE,-0.0000693,-6.481711894736842105263157894736842105,EUR,,
USDC,,2025-01-27 07:29:28,DEBIT,-6784.47,-6490.368094736842105263157894736842103251,EUR,,
BTC,,2025-01-27 07:29:31,LOAN_REPAYMENT,-0.0690034,-6453.970541952153110047846889952153110048,EUR,,
ETH,,2025-01-27 07:38:15,CREDIT,0.0163,47.68716156787762906309751434034416826,EUR,,
ETH,,2025-01-27 07:38:15,EXCHANGE_FEE,-0.00001549,-0.045317431453154875717017208413001912,EUR,,
USDC,,2025-01-27 07:38:15,DEBIT,-49.85355,-47.661137667304015296367112810707456988,EUR,,
BTC,,2025-01-27 07:38:26,CREDIT,0.00101,95.208837667304015296367112810707456979,EUR,,
BTC,,2025-01-27 07:38:26,EXCHANGE_FEE,-0.00000096,-0.090495528871892925430210325047801147,EUR,,
USDC,,2025-01-27 07:38:26,DEBIT,-99.5009378,-95.125179541108986615678776290630975161,EUR,,
ATOM,,2025-01-27 18:41:23,CREDIT,5,27.204198473282442748091603053435114505,EUR,,
ATOM,,2025-01-27 18:41:23,EXCHANGE_FEE,-5,-0.027204198473282442748091603053435115,EUR,,
USDC,,2025-01-27 18:41:23,DEBIT,-28.5,-27.194656488549618320610687022900763364,EUR,,
BTC,,2025-01-28 02:54:22,EARN,0.00000004,0,EUR,0,USD
EURI,,2025-01-28 02:59:16,EARN,0.00006041,0,EUR,0,USD
BTC,,2025-01-29 03:43:20,EARN,0.00000005,0,EUR,0,USD
EURI,,2025-01-29 03:44:09,EARN,0.00006043,0,EUR,0,USD
BTC,,2025-01-29 17:40:00,LOAN,75,7389.036023054755043227665706051873198847,EUR,,
USDC,,2025-01-29 17:41:00,CREDIT,7690.94925,7380.949376199616122840690978886756235893,EUR,,
BTC,,2025-01-29 17:41:00,DEBIT,-75,-7385.872600767754318618042226487523992322,EUR,,
USDC,,2025-01-29 17:41:00,EXCHANGE_FEE,-7.30640179,-7.0119019097888675623800383877159309,EUR,,
BTC,,2025-01-29 20:24:24,CREDIT,0.0755,7539.991725790987535953978906999041227229,EUR,,
BTC,,2025-01-29 20:24:24,EXCHANGE_FEE,-0.00007173,-7.163491476701821668264621284755512943,EUR,,
USDC,,2025-01-29 20:24:24,DEBIT,-7867.1,-7542.761265580057526366251198465963562735,EUR,,
BTC,,2025-01-29 20:24:26,LOAN_REPAYMENT,-0.07500044,-7490.101947426270373921380632790028763183,EUR,,
BTC,,2025-01-30 03:07:27,EARN,0.00000005,0,EUR,0,USD
EURI,,2025-01-30 03:08:20,EARN,0.00006044,0,EUR,0,USD
BTC,,2025-01-30 16:33:00,LOAN,0.06,6094.241458733205374280230326295585412668,EUR,,
USDC,,2025-01-30 16:33:38,CREDIT,6350.7684,6094.787332053742802303262955854126677719,EUR,,
BTC,,2025-01-30 16:33:38,DEBIT,-0.06,-6094.241458733205374280230326295585412668,EUR,,
USDC,,2025-01-30 16:33:38,EXCHANGE_FEE,-6.03322998,-5.790047965451055662188099808061420344,EUR,,
BTC,,2025-01-31 04:53:32,EARN,0.00000005,0,EUR,0,USD
EURI,,2025-01-31 04:58:15,EARN,0.00006046,0,EUR,0,USD
BTC,,2025-01-31 18:47:46,CREDIT,62,6152.111271676300578034682080924855491329,EUR,,
BTC,,2025-01-31 18:47:46,EXCHANGE_FEE,-0.0000589,-5.844505708092485549132947976878612717,EUR,,
USDC,,2025-01-31 18:47:46,DEBIT,-6390.34,-6149.856560153994225216554379210779597998,EUR,,
BTC,,2025-01-31 18:47:48,LOAN_REPAYMENT,-0.06000216,-5956.736667716650625601539942252165543792,EUR,,
USDC,,2025-01-31 18:48:47,CREDIT,164.851184,158.647448394225216554379210779595765216,EUR,,
BTC,,2025-01-31 18:48:47,DEBIT,-0.0016,-158.76416184971098265895953757225433526,EUR,,
USDC,,2025-01-31 18:48:47,EXCHANGE_FEE,-0.15660862,-0.150715071355149181905678537054860443,EUR,,
ETH,,2025-01-31 22:23:30,CREDIT,0.0151,48.168125482625482625482625482625482625,EUR,,
ETH,,2025-01-31 22:23:30,EXCHANGE_FEE,-0.00001435,-0.045775668918918918918918918918918919,EUR,,
USDC,,2025-01-31 22:23:30,DEBIT,-49.893722,-48.159963320463320463320463320463320465,EUR,,
ETH,,2025-01-31 22:27:40,WITHDRAWAL,-0.06783381,-216.842297555501930501930501930501930502,EUR,,
ATOM,,2025-01-31 22:28:42,WITHDRAWAL,-12.495325,-75.647372972972972972972972972972972972,EUR,,
BTC,,2025-02-01 03:07:00,EARN,0.00000005,0,EUR,0,USD
EURI,,2025-02-01 03:18:04,EARN,0.00006048,0,EUR,0,USD
EURI,,2025-02-02 03:13:35,EARN,0.0000605,0,EUR,0,USD
BTC,,2025-02-02 03:22:18,EARN,0.00000005,0,EUR,0,USD
ETH,,2025-02-02 09:48:33,CREDIT,16,48.121587608906098741529525653436592449,EUR,,
ETH,,2025-02-02 09:48:33,EXCHANGE_FEE,-0.0000152,-0.045715508228460793804453049370764763,EUR,,
USDC,,2025-02-02 09:48:33,DEBIT,-49.76848,-48.178586640851887705711519845111326242,EUR,,
BTC,,2025-02-02 09:48:46,CREDIT,0.0007,67.638804453049370764762826718296224589,EUR,,
BTC,,2025-02-02 09:48:46,EXCHANGE_FEE,-0.00000067,-0.064739998547918683446272991287512101,EUR,,
USDC,,2025-02-02 09:48:46,DEBIT,-69.879061,-67.646719264278799612778315585672797687,EUR,,
ATOM,,2025-02-02 15:31:01,CREDIT,3.7,19.728557599225556631171345595353339787,EUR,,
ATOM,,2025-02-02 15:31:01,EXCHANGE_FEE,-0.0037,-0.01972855759922555663117134559535334,EUR,,
USDC,,2025-02-02 15:31:01,DEBIT,-20.35,-19.699903194578896418199419167473378512,EUR,,
USDC,,2025-02-02 17:43:00,LOAN,7048.95825729,6823.09134701284704743465634075508228428,EUR,,
BTC,,2025-02-02 17:43:57,CREDIT,0.08,7562.825169409486931268151016456921587609,EUR,,
BTC,,2025-02-02 17:43:57,EXCHANGE_FEE,-0.00007601,-7.185629264085188770571151984511132623,EUR,,
USDC,,2025-02-02 17:43:57,DEBIT,-7815.52,-7565.090462729912875121006776379477250363,EUR,,
ATOM,,2025-02-02 17:53:19,CREDIT,4,20.282671829622458857696030977734753148,EUR,,
ATOM,,2025-02-02 17:53:19,EXCHANGE_FEE,-4,-0.020282671829622458857696030977734753,EUR,,
USDC,,2025-02-02 17:53:19,DEBIT,-21,-20.329138431752178121974830590513068735,EUR,,
ATOM,,2025-02-02 18:13:58,CREDIT,5.8,29.044961240310077519379844961240310077,EUR,,
ATOM,,2025-02-02 18:13:58,EXCHANGE_FEE,-0.00551,-0.027592713178294573643410852713178295,EUR,,
USDC,,2025-02-02 18:13:58,DEBIT,-29986,-29.056201550387596899224806201550387612,EUR,,
USDC,,2025-02-03 01:39:53,CREDIT,7526.843293,7349.69786002998046875,EUR,,
BTC,,2025-02-03 01:39:53,DEBIT,-0.0797,-7356.546609375,EUR,,
USDC,,2025-02-03 01:39:53,EXCHANGE_FEE,-7.15050113,-6.9822129686396484375,EUR,,
USDC,,2025-02-03 01:39:55,LOAN_REPAYMENT,-7049.86484574,-6883.945175054126953125,EUR,,
EURI,,2025-02-03 03:08:23,EARN,0.00006051,0,EUR,0,USD
BTC,,2025-02-03 03:18:56,EARN,0.00000005,0,EUR,0,USD
ATOM,,2025-02-03 07:52:19,CREDIT,22.97,97.880968688845401174168297455968688846,EUR,,
ATOM,,2025-02-03 07:52:19,EXCHANGE_FEE,-0.0218215,-0.092986920254403131115459882583170254,EUR,,
USDC,,2025-02-03 07:52:19,DEBIT,-99.96544,-97.813542074363992172211350293542074333,EUR,,
ATOM,,2025-02-03 07:55:40,WITHDRAWAL,-36.434968,-155.981630879529872673849167482859941222,EUR,,
EURI,,2025-02-04 04:38:12,EARN,0.00006053,0,EUR,0,USD
BTC,,2025-02-04 04:43:21,EARN,0.00000006,0,EUR,0,USD
BTC,,2025-02-05 03:07:24,EARN,0.00000006,0,EUR,0,USD
EURI,,2025-02-05 03:24:18,EARN,0.00006055,0,EUR,0,USD
EURI,,2025-02-06 03:09:05,EARN,0.00006057,0,EUR,0,USD
BTC,,2025-02-06 03:19:43,EARN,0.00000006,0,EUR,0,USD
EUR,,2025-02-06 06:45:39,DEPOSIT,1139,1139,EUR,,
USDC,,2025-02-06 07:03:24,CREDIT,499.9339,481.631888246628131021194605009633911395,EUR,,
USDC,,2025-02-06 07:03:24,EXCHANGE_FEE,-0.4999339,-0.481631888246628131021194605009633911,EUR,,
EUR,,2025-02-06 07:03:24,DEBIT,-481.4,-481.4,EUR,,
BTC,,2025-02-07 03:14:33,EARN,0.00000006,0,EUR,0,USD
EURI,,2025-02-07 03:15:14,EARN,0.00006059,0,EUR,0,USD
USDC,,2025-02-08 03:15:54,EARN,0.09589,0,EUR,0,USD
BTC,,2025-02-08 03:19:06,EARN,0.00000006,0,EUR,0,USD
EURI,,2025-02-08 03:28:43,EARN,0.0000606,0,EUR,0,USD
BTC,,2025-02-09 03:07:43,EARN,0.00000006,0,EUR,0,USD
EURI,,2025-02-09 03:15:27,EARN,0.00006062,0,EUR,0,USD
USDC,,2025-02-09 03:16:33,EARN,0.09589,0,EUR,0,USD
EURI,,2025-02-10 03:08:44,EARN,0.00006064,0,EUR,0,USD
USDC,,2025-02-10 03:21:12,EARN,0.09589,0,EUR,0,USD
BTC,,2025-02-10 03:24:37,EARN,0.00000006,0,EUR,0,USD
USDC,,2025-02-11 03:15:59,EARN,0.09589,0,EUR,0,USD
EURI,,2025-02-11 03:20:15,EARN,0.00004718,0,EUR,0,USD
BTC,,2025-02-11 03:24:07,EARN,0.00000006,0,EUR,0,USD
EURI,,2025-02-12 03:18:32,EARN,0.00004719,0,EUR,0,USD
USDC,,2025-02-12 03:23:27,EARN,0.09589,0,EUR,0,USD
BTC,,2025-02-12 03:26:07,EARN,0.00000006,0,EUR,0,USD
EURI,,2025-02-13 03:14:41,EARN,0.0000472,0,EUR,0,USD
USDC,,2025-02-13 03:15:28,EARN,0.09589,0,EUR,0,USD
BTC,,2025-02-13 03:27:13,EARN,0.00000006,0,EUR,0,USD
USDC,,2025-02-14 03:09:22,EARN,0.09589,0,EUR,0,USD
BTC,,2025-02-14 03:14:32,EARN,0.00000006,0,EUR,0,USD
EURI,,2025-02-14 03:19:47,EARN,0.00004721,0,EUR,0,USD
EURI,,2025-02-15 03:08:16,EARN,0.00004722,0,EUR,0,USD
USDC,,2025-02-15 03:24:37,EARN,0.09589,0,EUR,0,USD
BTC,,2025-02-15 03:26:59,EARN,0.00000006,0,EUR,0,USD
BTC,,2025-02-16 03:07:07,EARN,0.00000006,0,EUR,0,USD
EURI,,2025-02-16 03:23:48,EARN,0.00004723,0,EUR,0,USD
USDC,,2025-02-16 03:27:54,EARN,0.09589,0,EUR,0,USD
BTC,,2025-02-17 03:19:03,EARN,0.00000006,0,EUR,0,USD
EURI,,2025-02-17 03:23:56,EARN,0.00004725,0,EUR,0,USD
USDC,,2025-02-17 03:24:42,EARN,0.09589,0,EUR,0,USD
BTC,,2025-02-17 19:20:13,CREDIT,0.00055,49.994055343511450381679389312977099237,EUR,,
BTC,,2025-02-17 19:20:13,EXCHANGE_FEE,-0.00000055,-0.049994055343511450381679389312977099,EUR,,
EUR,,2025-02-17 19:20:13,DEBIT,-50.0005,-50.0005,EUR,,
EURI,,2025-02-18 03:44:25,EARN,0.00004726,0,EUR,0,USD
BTC,,2025-02-18 03:58:25,EARN,0.00000006,0,EUR,0,USD
USDC,,2025-02-18 03:59:12,EARN,0.09589,0,EUR,0,USD
USDC,,2025-02-19 03:17:21,EARN,0.09589,0,EUR,0,USD
BTC,,2025-02-19 03:31:26,EARN,0.00000006,0,EUR,0,USD
EURI,,2025-02-19 03:31:43,EARN,0.00004727,0,EUR,0,USD
EURI,,2025-02-20 04:07:29,EARN,0.00004728,0,EUR,0,USD
USDC,,2025-02-20 04:15:02,EARN,0.09589,0,EUR,0,USD
BTC,,2025-02-20 04:23:31,EARN,0.00000006,0,EUR,0,USD
USDC,,2025-02-21 03:09:55,EARN,0.09589,0,EUR,0,USD
EURI,,2025-02-21 03:20:56,EARN,0.00004729,0,EUR,0,USD
BTC,,2025-02-21 03:30:43,EARN,0.00000006,0,EUR,0,USD
BTC,,2025-02-22 03:49:55,EARN,0.00000006,0,EUR,0,USD
USDC,,2025-02-22 03:57:35,EARN,0.09589,0,EUR,0,USD
EURI,,2025-02-22 04:00:20,EARN,0.0000473,0,EUR,0,USD
BTC,,2025-02-23 03:37:17,EARN,0.00000006,0,EUR,0,USD
USDC,,2025-02-23 03:46:21,EARN,0.09589,0,EUR,0,USD
EURI,,2025-02-23 03:50:30,EARN,0.00004731,0,EUR,0,USD
BTC,,2025-02-24 04:07:05,EARN,0.00000006,0,EUR,0,USD
USDC,,2025-02-24 04:27:06,EARN,0.09589,0,EUR,0,USD
EURI,,2025-02-24 04:30:07,EARN,0.00004732,0,EUR,0,USD
ETH,,2025-02-24 20:12:39,CREDIT,0.0197,49.924917860553963705826170009551098376,EUR,,
ETH,,2025-02-24 20:12:39,EXCHANGE_FEE,-0.0000197,-0.049924917860553963705826170009551098,EUR,,
EUR,,2025-02-24 20:12:39,DEBIT,-49.9198,-49.9198,EUR,,
BTC,,2025-02-24 21:04:41,CREDIT,0.00126,113.083747227533460803059273422562141491,EUR,,
BTC,,2025-02-24 21:04:41,EXCHANGE_FEE,-0.00000126,-0.113083747227533460803059273422562141,EUR,,
EUR,,2025-02-24 21:04:41,DEBIT,-113.1490458,-113.1490458,EUR,,
ETH,,2025-02-24 22:53:53,CREDIT,0.02,48.822753346080305927342256214149139579,EUR,,
ETH,,2025-02-24 22:53:53,EXCHANGE_FEE,-0.00002,-0.04882275334608030592734225621414914,EUR,,
EUR,,2025-02-24 22:53:53,DEBIT,-48.2,-48.2,EUR,,
EURI,,2025-02-25 03:08:11,EARN,0.00004734,0,EUR,0,USD
BTC,,2025-02-25 03:14:11,EARN,0.00000006,0,EUR,0,USD
USDC,,2025-02-25 03:22:37,EARN,0.09589,0,EUR,0,USD
BTC,,2025-02-25 06:44:01,CREDIT,0.00114,99.721951862464183381088825214899713467,EUR,,
BTC,,2025-02-25 06:44:01,EXCHANGE_FEE,-0.00000114,-0.099721951862464183381088825214899713,EUR,,
EUR,,2025-02-25 06:44:01,DEBIT,-99.7414614,-99.7414614,EUR,,
ETH,,2025-02-25 07:25:33,CREDIT,0.02,44.460936007640878701050620821394460363,EUR,,
ETH,,2025-02-25 07:25:33,EXCHANGE_FEE,-0.00002,-0.04446093600764087870105062082139446,EUR,,
EUR,,2025-02-25 07:25:33,DEBIT,-44.4,-44.4,EUR,,
BTC,,2025-02-25 12:12:05,CREDIT,0.00058,49.309084270734032411820781696854146806,EUR,,
BTC,,2025-02-25 12:12:05,EXCHANGE_FEE,-0.00000058,-0.049309084270734032411820781696854147,EUR,,
EUR,,2025-02-25 12:12:05,DEBIT,-49.2550326,-49.2550326,EUR,,
USDC,,2025-02-26 04:16:33,EARN,0.09589,0,EUR,0,USD
EURI,,2025-02-26 04:20:32,EARN,0.00004735,0,EUR,0,USD
BTC,,2025-02-26 04:25:27,EARN,0.00000006,0,EUR,0,USD
BTC,,2025-02-26 19:35:14,CREDIT,0.00063,50.688580838894184938036224976167778837,EUR,,
BTC,,2025-02-26 19:35:14,EXCHANGE_FEE,-0.00000063,-0.050688580838894184938036224976167779,EUR,,
EUR,,2025-02-26 19:35:14,DEBIT,-50.7063438,-50.7063438,EUR,,
USDC,,2025-02-26 19:38:00,LOAN,4553.24017383,4339.684962626533841754051477597712105301,EUR,,
BTC,,2025-02-26 19:38:04,CREDIT,0.06,4810.019828408007626310772163965681601525,EUR,,
BTC,,2025-02-26 19:38:04,EXCHANGE_FEE,-0.000057,-4.569518836987607244995233555767397521,EUR,,
USDC,,2025-02-26 19:38:04,DEBIT,-5046.9678,-4810.736990676835081029551954242135368368,EUR,,
BTC,,2025-02-26 19:40:00,LOAN,0.000057,4.565342459485224022878932316491897045,EUR,,
EURI,,2025-02-27 03:14:44,EARN,0.00004736,0,EUR,0,USD
BTC,,2025-02-27 03:25:42,EARN,0.00000006,0,EUR,0,USD
USDC,,2025-02-27 03:28:22,EARN,0.09589,0,EUR,0,USD
BTC,,2025-02-27 06:18:14,LOAN_REPAYMENT,-0.000057,-4.672994469914040114613180515759312321,EUR,,
USDC,,2025-02-27 06:19:37,CREDIT,5104862,4875.703915950334288443170964660936005149,EUR,,
BTC,,2025-02-27 06:19:37,DEBIT,-0.0595,-4877.243982808022922636103151862464183381,EUR,,
USDC,,2025-02-27 06:19:37,EXCHANGE_FEE,-4.8496189,-4.631918720152817574021012416427889205,EUR,,
USDC,,2025-02-27 06:19:39,LOAN_REPAYMENT,-4554.71282153,-4350.251023428844317096466093600764085647,EUR,,
BTC,,2025-02-27 06:20:14,LOAN_REPAYMENT,-0.00000012,-0.00984724126074498567335243553008596,EUR,,
BTC,,2025-02-28 02:44:35,CREDIT,0.00198,152.157326538461538461538461538461538462,EUR,,
BTC,,2025-02-28 02:44:35,EXCHANGE_FEE,-0.00000198,-0.152157326538461538461538461538461538,EUR,,
EUR,,2025-02-28 02:44:35,DEBIT,-152064,-152064,EUR,,
EURI,,2025-02-28 04:37:24,EARN,0.00004737,0,EUR,0,USD
USDC,,2025-02-28 04:39:08,EARN,0.09589,0,EUR,0,USD
BTC,,2025-02-28 04:48:26,EARN,0.00000006,0,EUR,0,USD
USDC,,2025-02-28 06:10:00,LOAN,5054.4526401,4864.728238787295476419634263715110683831,EUR,,
BTC,,2025-02-28 06:10:49,CREDIT,0.07,5365.715384615384615384615384615384615385,EUR,,
BTC,,2025-02-28 06:10:49,EXCHANGE_FEE,-0.0000665,-5.097429615384615384615384615384615385,EUR,,
USDC,,2025-02-28 06:10:49,DEBIT,-5594.6401,-5384.639172281039461020211742059672762804,EUR,,
USDC,,2025-02-28 13:11:57,CREDIT,5643.537209,5421.265330451488952929875120076849181634,EUR,,
BTC,,2025-02-28 13:11:57,DEBIT,-0.0697,-5434.479539865513928914505283381364073007,EUR,,
USDC,,2025-02-28 13:11:57,EXCHANGE_FEE,-5.36136035,-5.150202065321805955811719500480307395,EUR,,
USDC,,2025-02-28 13:11:59,LOAN_REPAYMENT,-5054.83295636,-4854.776166924810758885686839577329488475,EUR,,
BTC,,2025-03-01 03:13:57,EARN,0.00000006,0,EUR,0,USD
USDC,,2025-03-01 03:21:57,EARN,0.13730447,0,EUR,0,USD
EURI,,2025-03-01 03:26:17,EARN,0.00004738,0,EUR,0,USD
BTC,,2025-03-02 03:26:39,EARN,0.00000006,0,EUR,0,USD
EURI,,2025-03-02 03:27:20,EARN,0.00004739,0,EUR,0,USD
USDC,,2025-03-02 03:28:38,EARN,0.13731427,0,EUR,0,USD
EURI,,2025-03-02 07:32:00,EARN,0.00113386,0,EUR,0,USD
BTC,,2025-03-02 07:34:21,CREDIT,0.00000295,0.245504006750241080038572806171648987,EUR,,
EURI,,2025-03-02 07:34:22,DEBIT,-0.24725372,-0.247294428526593179729218900675024108,EUR,,
BTC,,2025-03-02 21:42:00,LOAN,0.06,5427.458381502890173410404624277456647399,EUR,,
USDC,,2025-03-02 21:42:50,CREDIT,5632.6806,5426.474566473988439306358381502890173714,EUR,,
BTC,,2025-03-02 21:42:50,DEBIT,-0.06,-5435.259537572254335260115606936416184971,EUR,,
USDC,,2025-03-02 21:42:50,EXCHANGE_FEE,-5.35104658,-5.155150847784200385356454720616570328,EUR,,
USDC,,2025-03-03 03:10:18,EARN,0.13732706,0,EUR,0,USD
BTC,,2025-03-03 03:26:21,EARN,0.00000006,0,EUR,0,USD
BTC,,2025-03-03 17:39:50,CREDIT,0.06005,5187.28287690839694656488549618320610687,EUR,,
BTC,,2025-03-03 17:39:50,EXCHANGE_FEE,-0.00005705,-4.928134689885496183206106870229007634,EUR,,
USDC,,2025-03-03 17:39:50,DEBIT,-5441.131701,-5191.400370066698473282442748091603051441,EUR,,
BTC,,2025-03-03 17:39:52,LOAN_REPAYMENT,-0.05404083,-4671.714246382442748091603053435114503817,EUR,,
BTC,,2025-03-03 17:40:10,LOAN_REPAYMENT,-0.00595212,-514.631086257251908396946564885496183206,EUR,,
BTC,,2025-03-03 17:40:22,CREDIT,0.00011,9.526601431297709923664122137404580153,EUR,,
BTC,,2025-03-03 17:40:22,EXCHANGE_FEE,-0.0000001,-0.008660546755725190839694656488549618,EUR,,
USDC,,2025-03-03 17:40:22,DEBIT,-9.9609686,-9.501889608225190839694656488549618316,EUR,,
BTC,,2025-03-03 17:40:24,LOAN_REPAYMENT,-0.00000887,-0.766916281106870229007633587786259542,EUR,,
BTC,,2025-03-03 19:46:24,CREDIT,0.00127,105.091325643469971401334604385128693994,EUR,,
BTC,,2025-03-03 19:46:24,EXCHANGE_FEE,-0.00000127,-0.105091325643469971401334604385128694,EUR,,
USDC,,2025-03-03 19:46:24,DEBIT,-109.9566,-104.79943630123927550047664442326024782,EUR,,
BTC,,2025-03-04 03:25:47,EARN,0.00000006,0,EUR,0,USD
USDC,,2025-03-04 03:32:17,EARN,0.13733993,0,EUR,0,USD
BTC,,2025-03-04 08:42:19,DEPOSIT,0.00037045,29.513409600380589914367269267364414843,EUR,,
BTC,,2025-03-05 03:14:40,EARN,0.00000006,0,EUR,0,USD
USDC,,2025-03-05 03:16:34,EARN,0.13735296,0,EUR,0,USD
BTC,,2025-03-06 03:07:47,EARN,0.00000006,0,EUR,0,USD
USDC,,2025-03-06 03:17:35,EARN,0.13736958,0,EUR,0,USD
BTC,,2025-03-06 07:39:00,LOAN,65,5514.352638888888888888888888888888888889,EUR,,
BTC,,2025-03-06 07:41:56,LOAN_REPAYMENT,-65,-5504.598057354301572617946345975948196115,EUR,,
USDC,,2025-03-07 03:10:21,EARN,0.1373823,0,EUR,0,USD
BTC,,2025-03-07 03:21:02,EARN,0.00000006,0,EUR,0,USD
USDC,,2025-03-07 22:14:00,LOAN,6310.27416285,5826.661276869806094182825484764542934779,EUR,,
BTC,,2025-03-07 22:14:22,CREDIT,0.08165,6473.950845798707294552169898430286241921,EUR,,
BTC,,2025-03-07 22:14:22,EXCHANGE_FEE,-0.00007757,-6.150451526131117266851338873499538319,EUR,,
USDC,,2025-03-07 22:14:22,DEBIT,-7010.201702,-6472.299798550138504155124653739612189162,EUR,,
BTC,,2025-03-07 22:17:25,LOAN_REPAYMENT,-0.00000048,-0.038043448199445983379501385041551247,EUR,,
USDC,,2025-03-08 01:33:35,CREDIT,6925.5,6394.736842105263157894736842105263156238,EUR,,
BTC,,2025-03-08 01:33:35,DEBIT,-81,-6410.862797783933518005540166204986149584,EUR,,
USDC,,2025-03-08 01:33:35,EXCHANGE_FEE,-6.579225,-6.074999999999999999999999999999999998,EUR,,
USDC,,2025-03-08 01:33:37,LOAN_REPAYMENT,-6310.46316945,-5831.054599645203327171903881700554526271,EUR,,
BTC,,2025-03-08 03:26:19,EARN,0.00000006,0,EUR,0,USD
USDC,,2025-03-08 03:28:50,EARN,0.13739485,0,EUR,0,USD
USDC,,2025-03-09 03:19:23,EARN,0.13740723,0,EUR,0,USD
BTC,,2025-03-09 03:23:44,EARN,0.00000006,0,EUR,0,USD
ATOM,,2025-03-09 15:08:17,CREDIT,25,91.85885608856088560885608856088560885,EUR,,
ATOM,,2025-03-09 15:08:17,EXCHANGE_FEE,-25,-0.091858856088560885608856088560885609,EUR,,
USDC,,2025-03-09 15:08:17,DEBIT,-99.5,-91.789667896678966789667896678966789646,EUR,,
USDC,,2025-03-09 16:07:00,EARN,0.8550949,0,EUR,0,USD
USDC,,2025-03-09 16:09:00,LOAN,7353.09450539,6783.297514197416974169741697416974168087,EUR,,
BTC,,2025-03-09 16:09:09,CREDIT,0.1,7670.892988929889298892988929889298892989,EUR,,
BTC,,2025-03-09 16:09:09,EXCHANGE_FEE,-0.000095,-7.287348339483394833948339483394833948,EUR,,
USDC,,2025-03-09 16:09:09,DEBIT,-8296.4514534,-7660.619993905817174515235457063711909373,EUR,,
USDC,,2025-03-09 22:29:21,CREDIT,8086.5043,7452.999354838709677419354838709677419467,EUR,,
BTC,,2025-03-09 22:29:21,DEBIT,-0.0995,-7460.348599078341013824884792626728110599,EUR,,
USDC,,2025-03-09 22:29:21,EXCHANGE_FEE,-7.68217909,-7.080349391705069124423963133640552995,EUR,,
USDC,,2025-03-09 22:29:23,LOAN_REPAYMENT,-7353.47707442,-6777.398225271889400921658986175115207475,EUR,,
USDC,,2025-03-09 23:36:00,LOAN,6768.06149102,6232.100820460405156537753222836095761967,EUR,,
BTC,,2025-03-10 03:12:42,EARN,0.00000006,0,EUR,0,USD
USDC,,2025-03-10 07:22:42,LOAN_REPAYMENT,-6768.06149102,-6249.364257636195752539242843951985224605,EUR,,
ATOM,,2025-03-10 07:26:40,WITHDRAWAL,-24975,-90.260526315789473684210526315789473694,EUR,,
USDC,,2025-03-10 10:51:31,LOAN_REPAYMENT,-0.45118601,-0.415415185450276243093922651933701657,EUR,,
USDC,,2025-03-10 19:10:00,LOAN,7041.3803138,6507.745206839186691312384473197781887272,EUR,,
BTC,,2025-03-10 19:11:00,CREDIT,0.1,7179.639556377079482439926062846580406654,EUR,,
BTC,,2025-03-10 19:11:00,EXCHANGE_FEE,-0.000095,-6.820657578558225508317929759704251386,EUR,,
USDC,,2025-03-10 19:11:00,DEBIT,-7768.1696208,-7179.454363031423290203327171903881702622,EUR,,
USDC,,2025-03-10 20:56:20,CREDIT,7910.25,7304.016620498614958448753462603878114452,EUR,,
BTC,,2025-03-10 20:56:20,DEBIT,-0.0995,-7311.99683287165281625115420129270544783,EUR,,
USDC,,2025-03-10 20:56:20,EXCHANGE_FEE,-7.91025,-7.304016620498614958448753462603878114,EUR,,
USDC,,2025-03-10 20:56:22,LOAN_REPAYMENT,-7041.49304208,-6501.840297396121883656509695290858724078,EUR,,
BTC,,2025-03-11 03:07:01,EARN,0.00000006,0,EUR,0,USD
BTC,,2025-03-12 03:16:22,EARN,0.00000006,0,EUR,0,USD
EUR,,2025-03-12 06:38:21,DEPOSIT,1300,1.3E+3,EUR,,
BTC,,2025-03-13 03:16:38,EARN,0.00000006,0,EUR,0,USD
BTC,,2025-03-13 18:21:55,CREDIT,0.00134,99.598692534562211981566820276497695853,EUR,,
BTC,,2025-03-13 18:21:55,EXCHANGE_FEE,-0.00000134,-0.099598692534562211981566820276497696,EUR,,
EUR,,2025-03-13 18:21:55,DEBIT,-99.6017846,-99.6017846,EUR,,
ETH,,2025-03-13 18:26:01,CREDIT,0.0705,119.881188940092165898617511520737327189,EUR,,
ETH,,2025-03-13 18:26:01,EXCHANGE_FEE,-0.0000705,-0.119881188940092165898617511520737327,EUR,,
EUR,,2025-03-13 18:26:01,DEBIT,-119.860575,-119.860575,EUR,,
USDC,,2025-03-13 23:16:00,LOAN,1490.45527611,1373.416760419150230414746543778801843833,EUR,,
USDC,,2025-03-13 23:17:22,LOAN_REPAYMENT,-1490.45527611,-1373.416760419150230414746543778801843833,EUR,,
USDC,,2025-03-13 23:18:00,LOAN,7273.63142887,6703.807768543778801843317972350230414847,EUR,,
BTC,,2025-03-13 23:18:32,CREDIT,0.1,7495.326267281105990783410138248847926267,EUR,,
BTC,,2025-03-13 23:18:32,EXCHANGE_FEE,-0.000095,-7.12055995391705069124423963133640553,EUR,,
USDC,,2025-03-13 23:18:32,DEBIT,-8132.16,-7495.078341013824884792626728110599078453,EUR,,
BTC,,2025-03-14 03:07:06,EARN,0.00000006,0,EUR,0,USD
USDC,,2025-03-14 08:20:10,CREDIT,8207.58983,7564.598921658986175115207373271889401035,EUR,,
BTC,,2025-03-14 08:20:10,DEBIT,-0.0995,-7563.627764976958525345622119815668202765,EUR,,
USDC,,2025-03-14 08:20:10,EXCHANGE_FEE,-7.79721033,-7.186368967741935483870967741935483871,EUR,,
USDC,,2025-03-14 08:20:12,LOAN_REPAYMENT,-7274.23242156,-6704.361678857142857142857142857142857243,EUR,,
BTC,,2025-03-14 18:35:00,LOAN,0.09,6993.027322907083716651333946642134314627,EUR,,
USDC,,2025-03-14 18:35:02,LOAN,7597.8,6989.696412143514259429622815087396502399,EUR,,
BTC,,2025-03-14 18:35:02,LOAN_REPAYMENT,-0.09,-6993.027322907083716651333946642134314627,EUR,,
USDC,,2025-03-14 18:35:02,EXCHANGE_FEE,-7.21791,-6.640211591536338546458141674333026677,EUR,,
BTC,,2025-03-15 03:07:25,EARN,0.00000006,0,EUR,0,USD
USDC,,2025-03-16 03:15:47,EARN,0.02657523,0,EUR,0,USD
BTC,,2025-03-16 03:16:54,EARN,0.00000006,0,EUR,0,USD
BTC,,2025-03-16 11:41:48,CREDIT,0.0901,6835.560418583256669733210671573137074517,EUR,,
BTC,,2025-03-16 11:41:48,EXCHANGE_FEE,-0.0000901,-6.835560418583256669733210671573137075,EUR,,
USDC,,2025-03-16 11:41:48,DEBIT,-7428745,-6833.488615915363385464581416743330264548,EUR,,
BTC,,2025-03-16 11:41:50,LOAN_REPAYMENT,-0.09000504,-6828.35614758049678012879484820607175713,EUR,,
BTC,,2025-03-17 03:12:48,EARN,0.00000006,0,EUR,0,USD
USDC,,2025-03-17 03:19:20,EARN,0.02657594,0,EUR,0,USD
USDC,,2025-03-18 03:19:26,EARN,0.04363866,0,EUR,0,USD
BTC,,2025-03-18 03:23:32,EARN,0.00000006,0,EUR,0,USD
BTC,,2025-03-19 03:47:45,EARN,0.00000006,0,EUR,0,USD
USDC,,2025-03-19 03:50:25,EARN,0.04364709,0,EUR,0,USD
BTC,,2025-03-20 03:15:54,EARN,0.00000006,0,EUR,0,USD
USDC,,2025-03-20 03:22:45,EARN,0.04366013,0,EUR,0,USD
USDC,,2025-03-21 03:44:49,EARN,0.04367315,0,EUR,0,USD
BTC,,2025-03-21 03:45:52,EARN,0.00000006,0,EUR,0,USD
USDC,,2025-03-22 03:09:43,EARN,0.04368621,0,EUR,0,USD
BTC,,2025-03-22 03:11:25,EARN,0.00000006,0,EUR,0,USD
BTC,,2025-03-23 04:47:50,EARN,0.00000006,0,EUR,0,USD
USDC,,2025-03-23 04:50:02,EARN,0.04370078,0,EUR,0,USD
BTC,,2025-03-24 03:10:01,EARN,0.00000006,0,EUR,0,USD
USDC,,2025-03-24 03:18:46,EARN,0.04371553,0,EUR,0,USD
BTC,,2025-03-24 16:25:00,LOAN,0.08,6528.085925925925925925925925925925925926,EUR,,
BTC,,2025-03-24 16:57:20,LOAN_REPAYMENT,-0.08,-6523.81983317886932344763670064874884152,EUR,,
BTC,,2025-03-24 17:27:00,LOAN,0.09,7370.568767377201112140871177015755329008,EUR,,
USDC,,2025-03-24 17:27:57,CREDIT,7951.8582,7362.831666666666666666666666666666667256,EUR,,
BTC,,2025-03-24 17:27:57,DEBIT,-0.09,-7370.568767377201112140871177015755329008,EUR,,
USDC,,2025-03-24 17:27:57,EXCHANGE_FEE,-7.55426529,-6.994690083333333333333333333333333334,EUR,,
BTC,,2025-03-24 22:53:02,CREDIT,0.0903,7313.117738888888888888888888888888888889,EUR,,
BTC,,2025-03-24 22:53:02,CREDIT,0.00053,42.923060925925925925925925925925925926,EUR,,
BTC,,2025-03-24 22:53:02,EXCHANGE_FEE,-0.0000005,-0.040493453703703703703703703703703704,EUR,,
BTC,,2025-03-24 22:53:02,EXCHANGE_FEE,-0.00008579,-6.947866786481481481481481481481481481,EUR,,
USDC,,2025-03-24 22:53:02,DEBIT,-46.3591,-42.925092592592592592592592592592592596,EUR,,
USDC,,2025-03-24 22:53:02,DEBIT,-7897.173858,-7312.198016666666666666666666666666667252,EUR,,
BTC,,2025-03-24 22:53:04,LOAN_REPAYMENT,-0.09000084,-7288.889695668888888888888888888888888889,EUR,,
USDC,,2025-03-25 04:12:41,EARN,0.04373004,0,EUR,0,USD
BTC,,2025-03-25 04:20:21,EARN,0.00000006,0,EUR,0,USD
BTC,,2025-03-26 03:49:44,EARN,0.00000006,0,EUR,0,USD
USDC,,2025-03-26 04:01:08,EARN,0.04374302,0,EUR,0,USD
BTC,,2025-03-27 04:37:06,EARN,0.00000006,0,EUR,0,USD
USDC,,2025-03-27 04:51:42,EARN,0.04393147,0,EUR,0,USD
BTC,,2025-03-28 03:07:10,EARN,0.00000006,0,EUR,0,USD
USDC,,2025-03-28 03:28:25,EARN,0.04394431,0,EUR,0,USD
BTC,,2025-03-29 04:07:34,EARN,0.00000006,0,EUR,0,USD
USDC,,2025-03-29 04:22:58,EARN,0.04395733,0,EUR,0,USD
BTC,,2025-03-29 11:26:47,CREDIT,0.00105,79.93418282548476454293628808864265928,EUR,,
BTC,,2025-03-29 11:26:47,EXCHANGE_FEE,-0.000001,-0.076127793167128347183748845798707295,EUR,,
EUR,,2025-03-29 11:26:47,DEBIT,-79.9842435,-79.9842435,EUR,,
BTC,,2025-03-30 04:44:28,EARN,0.00000006,0,EUR,0,USD
USDC,,2025-03-30 04:52:40,EARN,0.04397179,0,EUR,0,USD
BTC,,2025-03-31 05:06:51,EARN,0.00000006,0,EUR,0,USD
USDC,,2025-03-31 05:20:54,EARN,0.04398665,0,EUR,0,USD
BTC,,2025-03-31 09:55:39,CREDIT,0.00027,20.313869223659889094269870609981515712,EUR,,
BTC,,2025-03-31 09:55:39,EXCHANGE_FEE,-0.00000026,-0.01956150369685767097966728280961183,EUR,,
EUR,,2025-03-31 09:55:39,DEBIT,-20.3209308,-20.3209308,EUR,,
USDC,,2025-04-01 04:52:01,EARN,0.04400159,0,EUR,0,USD
BTC,,2025-04-01 04:55:30,EARN,0.00000006,0,EUR,0,USD
BTC,,2025-04-02 03:26:43,EARN,0.00000006,0,EUR,0,USD
USDC,,2025-04-02 03:28:36,EARN,0.02200655,0,EUR,0,USD
USDC,,2025-04-03 03:28:39,EARN,0.02201307,0,EUR,0,USD
BTC,,2025-04-03 03:31:52,EARN,0.00000006,0,EUR,0,USD
BTC,,2025-04-03 14:44:59,CREDIT,0.00108,79.494133933393339333933393339333933393,EUR,,
BTC,,2025-04-03 14:44:59,EXCHANGE_FEE,-0.00000103,-0.075813849954995499549954995499549955,EUR,,
EUR,,2025-04-03 14:44:59,DEBIT,-79.4901276,-79.4901276,EUR,,
USDC,,2025-04-04 03:23:27,EARN,0.0220166,0,EUR,0,USD
BTC,,2025-04-04 03:27:00,EARN,0.00000006,0,EUR,0,USD
ETH,,2025-04-04 11:28:43,CREDIT,0.0125,19.998416289592760180995475113122171946,EUR,,
ETH,,2025-04-04 11:28:43,EXCHANGE_FEE,-0.0000125,-0.019998416289592760180995475113122172,EUR,,
EUR,,2025-04-04 11:28:43,DEBIT,-20,-2E+1,EUR,,
USDC,,2025-04-05 03:09:43,EARN,0.02202013,0,EUR,0,USD
BTC,,2025-04-05 03:30:25,EARN,0.00000006,0,EUR,0,USD
BTC,,2025-04-06 03:14:56,EARN,0.00000006,0,EUR,0,USD
USDC,,2025-04-06 03:17:23,EARN,0.02202365,0,EUR,0,USD
USDC,,2025-04-06 18:09:00,LOAN,7189.43904724,6553.727481531449407474931631722880586798,EUR,,
BTC,,2025-04-06 18:09:31,CREDIT,0.1,7298.273224043715846994535519125683060109,EUR,,
BTC,,2025-04-06 18:09:31,EXCHANGE_FEE,-0.00009501,-6.934089390163934426229508196721311475,EUR,,
USDC,,2025-04-06 18:09:31,DEBIT,-8018801,-7303.097449908925318761384335154826961056,EUR,,
BTC,,2025-04-06 18:21:20,CREDIT,0.00125,91.079831358249772105742935278030993619,EUR,,
BTC,,2025-04-06 18:21:20,EXCHANGE_FEE,-0.00000125,-0.091079831358249772105742935278030994,EUR,,
USDC,,2025-04-06 18:21:20,DEBIT,-99.75,-90.902529626253418413855970829535095728,EUR,,
USDC,,2025-04-06 22:03:00,CREDIT,7751.7025357,7085.651312340036563071297989031078606919,EUR,,
BTC,,2025-04-06 22:03:00,DEBIT,-99,-7105.081590493601462522851919561243144424,EUR,,
USDC,,2025-04-06 22:03:00,EXCHANGE_FEE,-7.36411741,-6.731368747714808043875685557586837291,EUR,,
USDC,,2025-04-06 22:03:02,LOAN_REPAYMENT,-7189.64470548,-6571.88729934186471663619744058500913735,EUR,,
USDC,,2025-04-07 03:16:56,EARN,0.02202718,0,EUR,0,USD
BTC,,2025-04-07 03:20:34,EARN,0.00000006,0,EUR,0,USD
USDC,,2025-04-07 06:29:00,EARN,0.12173352,0,EUR,0,USD
ETH,,2025-04-07 06:53:25,CREDIT,0.0534,69.888098003629764065335753176043557169,EUR,,
ETH,,2025-04-07 06:53:25,EXCHANGE_FEE,-0.0000534,-0.069888098003629764065335753176043557,EUR,,
EUR,,2025-04-07 06:53:25,DEBIT,-69954,-69954,EUR,,
BTC,,2025-04-07 07:02:57,CREDIT,0.00295,199.296035811423390752493200362647325476,EUR,,
BTC,,2025-04-07 07:02:57,EXCHANGE_FEE,-0.00000295,-0.199296035811423390752493200362647325,EUR,,
EUR,,2025-04-07 07:02:57,DEBIT,-199.8625,-199.8625,EUR,,
BTC,,2025-04-08 03:25:12,EARN,0.00000006,0,EUR,0,USD
BTC,,2025-04-09 01:11:53,CREDIT,0.00037,25.443485195277020890099909173478655767,EUR,,
BTC,,2025-04-09 01:11:53,EXCHANGE_FEE,-0.00000037,-0.025443485195277020890099909173478656,EUR,,
EUR,,2025-04-09 01:11:53,DEBIT,-25382,-25382,EUR,,
BTC,,2025-04-09 03:49:08,EARN,0.00000006,0,EUR,0,USD
BTC,,2025-04-10 03:19:12,EARN,0.00000006,0,EUR,0,USD
BTC,,2025-04-11 03:14:34,EARN,0.00000006,0,EUR,0,USD
BTC,,2025-04-11 22:14:00,LOAN,0.08,5887.668722466960352422907488986784140969,EUR,,
USDC,,2025-04-11 22:14:28,CREDIT,6681.7592,5886.423809762114537444933920704845811887,EUR,,
BTC,,2025-04-11 22:14:28,DEBIT,-0.08,-5887.668722466960352422907488986784140969,EUR,,
USDC,,2025-04-11 22:14:28,EXCHANGE_FEE,-6.34767124,-5.592102619274008810572687224669603521,EUR,,
BTC,,2025-04-12 03:20:30,EARN,0.00000006,0,EUR,0,USD
BTC,,2025-04-12 13:56:17,CREDIT,0.0802,5978.319275770925110132158590308370044053,EUR,,
BTC,,2025-04-12 13:56:17,EXCHANGE_FEE,-0.00007621,-5.68089416466960352422907488986784141,EUR,,
USDC,,2025-04-12 13:56:17,DEBIT,-6785.5197187,-5977.833627073242290748898678414096913161,EUR,,
BTC,,2025-04-12 13:56:19,LOAN_REPAYMENT,-0.0800016,-5963.530017113656387665198237885462555066,EUR,,
BTC,,2025-04-13 00:26:00,LOAN,0.06987781,5246.56326776590308370044052863436123348,EUR,,
USDC,,2025-04-13 00:26:34,CREDIT,5964.3468214,5254.931120176211453744493392070484580657,EUR,,
BTC,,2025-04-13 00:26:34,DEBIT,-0.07,-5255.737533039647577092511013215859030837,EUR,,
USDC,,2025-04-13 00:26:34,EXCHANGE_FEE,-5.66612947,-4.992184555066079295154185022026431717,EUR,,
BTC,,2025-04-13 01:31:06,CREDIT,0.0698,5275.86959118942731277533039647577092511,EUR,,
BTC,,2025-04-13 01:31:06,EXCHANGE_FEE,-0.00006631,-5.012076111629955947136563876651982379,EUR,,
USDC,,2025-04-13 01:31:06,DEBIT,-5999.31,-5285.207109251101321585903083700440525859,EUR,,
BTC,,2025-04-13 01:31:08,LOAN_REPAYMENT,-0.06973369,-5270.857515077797356828193832599118942731,EUR,,
BTC,,2025-04-13 03:07:23,EARN,0.00000006,0,EUR,0,USD
BTC,,2025-04-14 03:15:02,EARN,0.00000006,0,EUR,0,USD
BTC,,2025-04-15 03:18:37,EARN,0.00000006,0,EUR,0,USD
BTC,,2025-04-16 03:54:50,EARN,0.00000006,0,EUR,0,USD
BTC,,2025-04-17 03:55:35,EARN,0.00000006,0,EUR,0,USD
BTC,,2025-04-17 19:10:00,LOAN,65,4860.603386103781882145998240985048372911,EUR,,
USDC,,2025-04-17 19:10:33,CREDIT,5527.72935,4861.67928759894459102902374670184696463,EUR,,
BTC,,2025-04-17 19:10:33,DEBIT,-65,-4860.603386103781882145998240985048372911,EUR,,
USDC,,2025-04-17 19:10:33,EXCHANGE_FEE,-5.25134288,-4.618595321020228671943711521547933156,EUR,,
BTC,,2025-04-18 03:07:47,EARN,0.00000006,0,EUR,0,USD
BTC,,2025-04-19 04:19:54,EARN,0.00000006,0,EUR,0,USD
BTC,,2025-04-20 03:14:08,EARN,0.00000006,0,EUR,0,USD
BTC,,2025-04-21 00:26:30,CREDIT,0.0654,4898.976585876198779424585876198779424586,EUR,,
BTC,,2025-04-21 00:26:30,EXCHANGE_FEE,-0.00006213,-4.654027756582388840453356582388840453,EUR,,
USDC,,2025-04-21 00:26:30,DEBIT,-5617.86,-4896.893136878814298169136878814298167937,EUR,,
BTC,,2025-04-21 00:26:33,LOAN_REPAYMENT,-0.06515168,-4880.375456429642545771578029642545771578,EUR,,
BTC,,2025-04-21 04:25:48,EARN,0.00000006,0,EUR,0,USD
BTC,,2025-04-21 12:43:00,LOAN,55,4159.455377276669557675628794449262792715,EUR,,
USDC,,2025-04-21 12:43:08,CREDIT,4795.07325,4158.364043950563746747614917606244578314,EUR,,
BTC,,2025-04-21 12:43:08,DEBIT,-55,-4158.377797051170858629661751951431049436,EUR,,
USDC,,2025-04-21 12:43:08,EXCHANGE_FEE,-4.55531959,-3.950445843921075455333911535125758889,EUR,,
BTC,,2025-04-22 01:20:23,CREDIT,56,4322.058067885117493472584856396866840731,EUR,,
BTC,,2025-04-22 01:20:23,EXCHANGE_FEE,-0.00005322,-4.107498756657963446475195822454308094,EUR,,
USDC,,2025-04-22 01:20:23,DEBIT,-4958.9529733,-4315.022787384978241949521322889469102679,EUR,,
BTC,,2025-04-22 01:20:25,LOAN_REPAYMENT,-0.05500098,-4244.954095546214099216710182767624020888,EUR,,
BTC,,2025-04-22 03:44:20,EARN,0.00000006,0,EUR,0,USD
BTC,,2025-04-22 21:25:00,LOAN,0.0660542,5292.211648622922134733158355205599300088,EUR,,
USDC,,2025-04-22 21:25:17,CREDIT,6405.56,5604.164479440069991251093613298337707831,EUR,,
BTC,,2025-04-22 21:25:17,DEBIT,-0.07,-5608.346106736657917760279965004374453193,EUR,,
USDC,,2025-04-22 21:25:17,EXCHANGE_FEE,-6.085282,-5.323956255468066491688538932633420822,EUR,,
BTC,,2025-04-23 04:50:06,EARN,0.00000006,0,EUR,0,USD
BTC,,2025-04-24 03:18:41,EARN,0.00000006,0,EUR,0,USD
BTC,,2025-04-25 04:20:08,EARN,0.00000006,0,EUR,0,USD
BTC,,2025-04-25 14:55:32,CREDIT,0.07,5887.266344463971880492091388400702987698,EUR,,
BTC,,2025-04-25 14:55:32,EXCHANGE_FEE,-0.0000665,-5.592903027240773286467486818980667838,EUR,,
USDC,,2025-04-25 14:55:32,DEBIT,-6699,-5892.529876977152899824253075571177502663,EUR,,
BTC,,2025-04-25 14:55:34,LOAN_REPAYMENT,-0.0660595,-5562.648168211775043936731107205623901582,EUR,,
BTC,,2025-04-25 18:55:00,LOAN,0.26909393,22473.041423071353251318101933216168717048,EUR,,
USDC,,2025-04-25 18:55:17,CREDIT,28522.1406644,25063.392499472759226713532513181019326197,EUR,,
BTC,,2025-04-25 18:55:17,DEBIT,-0.3,-25054.123022847100175746924428822495606327,EUR,,
USDC,,2025-04-25 18:55:17,EXCHANGE_FEE,-27.09603363,-23.810222873462214411247803163444639713,EUR,,
USDC,,2025-04-25 19:02:00,LOAN,295.33002776,259.516720351493848857644991212653778497,EUR,,
USDC,,2025-04-26 10:32:05,LOAN_REPAYMENT,-295.33002776,-259.947618624316901408450704225352112605,EUR,,
BTC,,2025-04-26 23:01:56,CREDIT,0.3005,25102.315114436619718309859154929577464789,EUR,,
BTC,,2025-04-26 23:01:56,EXCHANGE_FEE,-0.00028548,-23.847617034507042253521126760563380282,EUR,,
USDC,,2025-04-26 23:01:56,DEBIT,-28503.7612657,-25088.830008427315140845070422535211260781,EUR,,
BTC,,2025-04-26 23:01:58,LOAN_REPAYMENT,-0.26910331,-22479.587640458978873239436619718309859155,EUR,,
BTC,,2025-04-28 19:29:00,LOAN,0.26888879,22300.680298215236427320490367775831873905,EUR,,
USDC,,2025-04-28 19:29:45,CREDIT,28412814,24879.872154115586690017513134851138347147,EUR,,
BTC,,2025-04-28 19:29:45,DEBIT,-0.3,-24883.360770577933450087565674255691768827,EUR,,
USDC,,2025-04-28 19:29:45,EXCHANGE_FEE,-26.9921733,-23.63587854640980735551663747810858143,EUR,,
USDC,,2025-04-28 19:37:00,LOAN,282.55196676,247.418534816112084063047285464098073489,EUR,,
USDC,,2025-04-29 23:21:32,LOAN_REPAYMENT,-282.55196676,-248.045400845762949956101843722563652312,EUR,,
BTC,,2025-04-29 23:22:44,CREDIT,0.3005,24785.693784021071115013169446883230904302,EUR,,
BTC,,2025-04-29 23:22:44,EXCHANGE_FEE,-0.00028551,-23.549295947673397717295873573309920983,EUR,,
USDC,,2025-04-29 23:22:44,DEBIT,-28229.5544612,-24784.507867603160667251975417032484630044,EUR,,
BTC,,2025-04-29 23:22:46,LOAN_REPAYMENT,-0.26889807,-22179.118875654784899034240561896400351185,EUR,,
BTC,,2025-04-29 23:26:00,LOAN,0.26868358,22152.75122509464442493415276558384547849,EUR,,
USDC,,2025-04-30 00:34:30,CREDIT,28368,24903.567339771729587357330992098331868592,EUR,,
BTC,,2025-04-30 00:34:30,DEBIT,-0.3,-24893.03599648814749780509218612818261633,EUR,,
USDC,,2025-04-30 00:34:30,EXCHANGE_FEE,-28368,-24.903567339771729587357330992098331869,EUR,,
USDC,,2025-04-30 06:30:00,LOAN,124.66692796,109.442020427747146619841966637401229142,EUR,,
USDC,,2025-05-01 11:09:35,LOAN_REPAYMENT,-124.76411205,-110.118368976169461606354810238305383904,EUR,,
BTC,,2025-05-01 13:23:07,CREDIT,269,22968.225185512367491166077738515901060071,EUR,,
BTC,,2025-05-01 13:23:07,EXCHANGE_FEE,-0.00025562,-21.825790787809187279151943462897526502,EUR,,
USDC,,2025-05-01 13:23:07,DEBIT,-25999.8159207,-22947.763389849955869373345101500441299474,EUR,,
BTC,,2025-05-01 13:23:09,LOAN_REPAYMENT,-0.26869606,-22942.273652564840989399293286219081272085,EUR,,
BTC,,2025-05-01 15:27:00,LOAN,0.22995168,19802.894863189371124889282550930026572188,EUR,,
USDC,,2025-05-01 15:27:13,CREDIT,22338.52,19803.65248226950354609929078014184396466,EUR,,
BTC,,2025-05-01 15:27:13,DEBIT,-0.23,-19804.706648936170212765957446808510638298,EUR,,
USDC,,2025-05-01 15:27:13,EXCHANGE_FEE,-21.221594,-18.813469858156028368794326241134751766,EUR,,
BTC,,2025-05-02 14:55:16,CREDIT,0.23,19791.022603342128408091468777484608619173,EUR,,
BTC,,2025-05-02 14:55:16,EXCHANGE_FEE,-0.00021851,-18.802331952418645558487247141600703606,EUR,,
USDC,,2025-05-02 14:55:16,DEBIT,-22505.5,-19793.75549692172383465259454705364995167,EUR,,
BTC,,2025-05-02 14:55:18,LOAN_REPAYMENT,-0.20699126,-17807.188663266314863676341248900615655233,EUR,,
BTC,,2025-05-02 14:55:59,LOAN_REPAYMENT,-0.02279023,-1960.613821517062445030782761653474054529,EUR,,
BTC,,2025-05-02 14:59:15,CREDIT,1,86.012955145118733509234828496042216359,EUR,,
BTC,,2025-05-02 14:59:15,EXCHANGE_FEE,-0.00000095,-0.081712307387862796833773087071240106,EUR,,
USDC,,2025-05-02 14:59:15,DEBIT,-97.8,-86.015831134564643799472295514511873332,EUR,,
BTC,,2025-05-02 14:59:17,LOAN_REPAYMENT,-0.00017671,-15.199349303693931398416886543535620053,EUR,,
BTC,,2025-05-03 15:52:00,LOAN,0.19917766,17003.872694601948627103631532329495128432,EUR,,
BTC,,2025-05-04 08:45:21,LOAN_REPAYMENT,-0.19917766,-16874.809452151815766164747564216120460585,EUR,,
BTC,,2025-05-04 08:45:35,CREDIT,0.0001,8.472240035429583702391496899911426041,EUR,,
BTC,,2025-05-04 08:45:35,EXCHANGE_FEE,-0.0000001,-0.008472240035429583702391496899911426,EUR,,
USDC,,2025-05-04 08:45:35,DEBIT,-9.561801,-8.477734987599645704162976085031000886,EUR,,
BTC,,2025-05-04 08:45:37,LOAN_REPAYMENT,-0.00000432,-0.366000769530558015943312666076173605,EUR,,
BTC,,2025-05-07 17:36:00,LOAN,0.21908208,18664.454381066666666666666666666666666667,EUR,,
USDC,,2025-05-07 17:36:31,CREDIT,21251.5226,18740.319753086419753086419753086419755598,EUR,,
BTC,,2025-05-07 17:36:31,DEBIT,-0.22,-18742.655555555555555555555555555555555556,EUR,,
USDC,,2025-05-07 17:36:31,EXCHANGE_FEE,-20.18894647,-17.803303765432098765432098765432098768,EUR,,
BTC,,2025-05-08 00:57:39,CREDIT,0.22005,18970.654348939929328621908127208480565371,EUR,,
BTC,,2025-05-08 00:57:39,EXCHANGE_FEE,-0.00020917,-18.032682436572438162544169611307420495,EUR,,
USDC,,2025-05-08 00:57:39,DEBIT,-21466.3520096,-18963.208489045936395759717314487632512096,EUR,,
BTC,,2025-05-08 00:57:41,LOAN_REPAYMENT,-0.21908416,-18887.388651160424028268551236749116607774,EUR,,
BTC,,2025-05-08 11:12:00,LOAN,0.17924333,15810.55447868982300884955752212389380531,EUR,,
USDC,,2025-05-08 11:12:47,CREDIT,17937.36,15873.769911504424778761061946902654861542,EUR,,
BTC,,2025-05-08 11:12:47,DEBIT,-0.18,-15871.963539823008849557522123893805309734,EUR,,
USDC,,2025-05-08 11:12:47,EXCHANGE_FEE,-17.040492,-15.080081415929203539823008849557522118,EUR,,
BTC,,2025-05-08 15:24:24,CREDIT,0.1805,16074.904352836879432624113475177304964539,EUR,,
BTC,,2025-05-08 15:24:24,EXCHANGE_FEE,-0.00017148,-15.271604423404255319148936170212765957,EUR,,
USDC,,2025-05-08 15:24:24,DEBIT,-18072021,-16019.693083244680851063829787234042547039,EUR,,
BTC,,2025-05-08 15:24:26,LOAN_REPAYMENT,-0.1792444,-15963.08357773758865248226950354609929078,EUR,,
BTC,,2025-05-08 21:25:00,LOAN,0.16891588,15565.040302895102404274265360641139804096,EUR,,
USDC,,2025-05-08 21:25:40,CREDIT,17584.7966,15644.836832740213523131672597864768691534,EUR,,
BTC,,2025-05-08 21:25:40,DEBIT,-0.17,-15669.081494661921708185053380782918149466,EUR,,
USDC,,2025-05-08 21:25:40,EXCHANGE_FEE,-16.70555677,-14.862594991103202846975088967971530257,EUR,,
BTC,,2025-05-09 07:48:40,CREDIT,0.1705,15763.363996447602131438721136767317939609,EUR,,
BTC,,2025-05-09 07:48:40,EXCHANGE_FEE,-0.00016204,-14.981205290230905861456483126110124334,EUR,,
USDC,,2025-05-09 07:48:40,DEBIT,-17758.4568042,-15780.55934858554666666666666666666666272,EUR,,
BTC,,2025-05-09 07:48:42,LOAN_REPAYMENT,-0.16891808,-15648.599459586844444444444444444444444444,EUR,,
BTC,,2025-05-09 14:25:00,LOAN,0.15858012,14454.93330354791851195748449955713020372,EUR,,
USDC,,2025-05-09 14:25:06,CREDIT,16455.2037856,14575.025496545615589016829052258635953725,EUR,,
BTC,,2025-05-09 14:25:06,DEBIT,-0.16,-14584.358547387068201948627103631532329495,EUR,,
USDC,,2025-05-09 14:25:06,EXCHANGE_FEE,-15.6324437,-13.846274313551815766164747564216120454,EUR,,
BTC,,2025-05-10 06:59:31,CREDIT,0.1603,14796.78191918294849023090586145648312611,EUR,,
BTC,,2025-05-10 06:59:31,EXCHANGE_FEE,-0.00015232,-14.060173561634103019538188277087033748,EUR,,
USDC,,2025-05-10 06:59:31,DEBIT,-16657.4711708,-14792.011921565648312611012433392539959624,EUR,,
BTC,,2025-05-10 06:59:34,LOAN_REPAYMENT,-0.15858335,-14638.32343083880994671403197158081705151,EUR,,
BTC,,2025-05-11 00:00:00,LOAN,0.08843567,8222.644924233747779751332149200710479574,EUR,,
BTC,,2025-05-11 00:01:00,LOAN,0.05,4648.941385435168738898756660746003552398,EUR,,
USDC,,2025-05-11 00:01:14,CREDIT,5234.5695,4648.818383658969804618117229129662520185,EUR,,
BTC,,2025-05-11 00:01:14,DEBIT,-0.05,-4648.941385435168738898756660746003552398,EUR,,
USDC,,2025-05-11 00:01:14,EXCHANGE_FEE,-4.97284103,-4.41637746891651865008880994671403197,EUR,,
BTC,,2025-05-11 00:02:39,LOAN_REPAYMENT,-0.03843567,-3577.572724086335403726708074534161490683,EUR,,
BTC,,2025-05-11 00:03:00,LOAN,0.03843567,3577.572724086335403726708074534161490683,EUR,,
BTC,,2025-05-11 08:35:22,CREDIT,49,4519.558516873889875666074600355239786856,EUR,,
BTC,,2025-05-11 08:35:22,EXCHANGE_FEE,-0.00004658,-4.29634766767317939609236234458259325,EUR,,
USDC,,2025-05-11 08:35:22,DEBIT,-5089.02384,-4519.107404632326820603907637655417405267,EUR,,
BTC,,2025-05-11 08:35:24,LOAN_REPAYMENT,-0.039962,-3686.021770124333925399644760213143872114,EUR,,
BTC,,2025-05-11 08:35:49,LOAN_REPAYMENT,-0.00809991,-747.120879736944937833037300177619893428,EUR,,
BTC,,2025-05-11 08:36:14,LOAN_REPAYMENT,-0.08843567,-8157.144409076909413854351687388987566607,EUR,,
BTC,,2025-05-11 08:36:33,LOAN_REPAYMENT,-0.00193967,-178.911612203019538188277087033747779751,EUR,,
BTC,,2025-05-13 16:43:00,LOAN,0.13948383,12975.004199965384615384615384615384615385,EUR,,
USDC,,2025-05-13 16:43:48,CREDIT,14559594,13022.892665474060822898032200357781751959,EUR,,
BTC,,2025-05-13 16:43:48,DEBIT,-0.14,-13023.019141323792486583184257602862254025,EUR,,
USDC,,2025-05-13 16:43:48,EXCHANGE_FEE,-13.83161429,-12.371748023255813953488372093023255813,EUR,,
BTC,,2025-05-13 19:30:54,CREDIT,0.1403,13131.469400357462019660411081322609472744,EUR,,
BTC,,2025-05-13 19:30:54,EXCHANGE_FEE,-0.00013331,-12.477235821537086684539767649687220733,EUR,,
USDC,,2025-05-13 19:30:54,DEBIT,-14690.1068433,-13127.888153083109919571045576407506698973,EUR,,
BTC,,2025-05-13 19:30:56,LOAN_REPAYMENT,-0.13948451,-13053.591180045397676496872207327971403038,EUR,,
BTC,,2025-05-13 21:38:00,LOAN,0.09931782,9287.041449559749552772808586762075134168,EUR,,
BTC,,2025-05-14 02:35:08,LOAN_REPAYMENT,-0.09931782,-9201.983297888471849865951742627345844504,EUR,,
BTC,,2025-05-14 02:35:21,LOAN_REPAYMENT,-0.00000072,-0.06670935764075067024128686327077748,EUR,,
BTC,,2025-05-19 18:07:00,LOAN,0.12931854,12149.173976579519145146927871772039180766,EUR,,
USDC,,2025-05-19 18:07:41,CREDIT,13714.9780828,12210.360718774211932324131789848619771726,EUR,,
BTC,,2025-05-19 18:07:41,DEBIT,-0.13,-12209.443722172751558325912733748886910062,EUR,,
USDC,,2025-05-19 18:07:41,EXCHANGE_FEE,-13.02922919,-11.59984269293143365983971504897595726,EUR,,
BTC,,2025-05-20 19:56:54,CREDIT,0.1302,12369.888776595744680851063829787234042553,EUR,,
BTC,,2025-05-20 19:56:54,EXCHANGE_FEE,-0.00012369,-11.75139433776595744680851063829787234,EUR,,
USDC,,2025-05-20 19:56:54,DEBIT,-13952.209866,-12368.980377659574468085106382978723399901,EUR,,
BTC,,2025-05-20 19:56:57,LOAN_REPAYMENT,-0.12932246,-12286.516486296099290780141843971631205674,EUR,,
BTC,,2025-05-21 15:17:00,LOAN,0.09924615,9559.345447229074889867841409691629955947,EUR,,
USDC,,2025-05-21 15:17:18,CREDIT,10929197,9620.772007042253521126760563380281692296,EUR,,
BTC,,2025-05-21 15:17:18,DEBIT,-0.1,-9620.114436619718309859154929577464788732,EUR,,
USDC,,2025-05-21 15:17:18,EXCHANGE_FEE,-10.38273714,-9.139733397887323943661971830985915495,EUR,,
BTC,,2025-05-21 17:29:33,CREDIT,0.1002,9490.575630606860158311345646437994722955,EUR,,
BTC,,2025-05-21 17:29:33,EXCHANGE_FEE,-0.0001002,-9.490575630606860158311345646437994723,EUR,,
USDC,,2025-05-21 17:29:33,DEBIT,-10729416,-9443.019469014084507042253521126760566856,EUR,,
BTC,,2025-05-21 17:29:35,LOAN_REPAYMENT,-0.09924651,-9348.287376961267605633802816901408450704,EUR,,
BTC,,2025-05-26 17:22:00,LOAN,0.11914671,11458.036522499736379613356766256590509666,EUR,,
USDC,,2025-05-26 17:22:23,CREDIT,13134.24,11540.357272407732864674868189806678377819,EUR,,
BTC,,2025-05-26 17:22:23,DEBIT,-0.12,-11540.095254833040421792618629173989455185,EUR,,
USDC,,2025-05-26 17:22:23,EXCHANGE_FEE,-12.477528,-10.963339408787346221441124780316344459,EUR,,
BTC,,2025-05-27 13:12:21,CREDIT,0.12,11635.899121265377855887521968365553602812,EUR,,
BTC,,2025-05-27 13:12:21,EXCHANGE_FEE,-0.00011403,-11.057013139982425307557117750439367311,EUR,,
USDC,,2025-05-27 13:12:21,DEBIT,-13248,-11641.476274165202108963093145869947273152,EUR,,
BTC,,2025-05-27 13:12:23,LOAN_REPAYMENT,-0.11914965,-11553.444231117311072056239015817223198594,EUR,,
BTC,,2025-05-27 14:28:00,LOAN,0.09926368,9590.391490430308370044052863436123348018,EUR,,
USDC,,2025-05-27 14:28:46,CREDIT,10969981,9664.21497964757709251101321585903083193,EUR,,
BTC,,2025-05-27 14:28:46,DEBIT,-0.1,-9661.531277533039647577092511013215859031,EUR,,
USDC,,2025-05-27 14:28:46,EXCHANGE_FEE,-10.42148195,-9.18100423066519823788546255506607929,EUR,,
BTC,,2025-05-28 14:45:38,CREDIT,0.1,9523.785335689045936395759717314487632509,EUR,,
BTC,,2025-05-28 14:45:38,EXCHANGE_FEE,-0.000095,-9.047596068904593639575971731448763251,EUR,,
USDC,,2025-05-28 14:45:38,DEBIT,-10766201,-9506.022879416961130742049469964664305704,EUR,,
BTC,,2025-05-28 14:45:40,LOAN_REPAYMENT,-0.09926668,-9446.415626622104332449160035366931918656,EUR,,
USDC,,2025-05-29 13:13:00,LOAN,13856.17350042,12217.625999179857142857142857142857142417,EUR,,
BTC,,2025-05-29 13:13:43,CREDIT,0.14,13393.35308641975308641975308641975308642,EUR,,
BTC,,2025-05-29 13:13:43,EXCHANGE_FEE,-0.00013301,-12.724642100176366843033509700176366843,EUR,,
USDC,,2025-05-29 13:13:43,DEBIT,-15190.8414,-13394.464123333333333333333333333333332851,EUR,,
USDC,,2025-05-29 13:14:13,CREDIT,15239.199025,13437.103267281746031746031746031746031262,EUR,,
BTC,,2025-05-29 13:14:13,DEBIT,-0.1405,-13441.186490299823633156966490299823633157,EUR,,
USDC,,2025-05-29 13:14:13,EXCHANGE_FEE,-14.47723907,-12.765248100611111111111111111111111111,EUR,,
USDC,,2025-05-29 13:14:15,LOAN_REPAYMENT,-13856.25967197,-12217.701980602119047619047619047619047179,EUR,,
BTC,,2025-06-09 22:47:00,LOAN,0.11999469,11576.319221269291338582677165354330708661,EUR,,
USDC,,2025-06-09 22:47:28,CREDIT,13235.3675197,11577.183242516237970253718285214348212009,EUR,,
BTC,,2025-06-09 22:47:28,DEBIT,-0.12,-11576.831496062992125984251968503937007874,EUR,,
USDC,,2025-06-09 22:47:28,EXCHANGE_FEE,-12.57359917,-10.998324103382327209098862642169728789,EUR,,
BTC,,2025-06-10 06:10:21,CREDIT,0.1205,11547.236191936897458369851007887817703769,EUR,,
BTC,,2025-06-10 06:10:21,EXCHANGE_FEE,-0.00011449,-10.971311797633654688869412795793163891,EUR,,
USDC,,2025-06-10 06:10:21,DEBIT,-13172.576795,-11543.610462156441717791411042944785272668,EUR,,
BTC,,2025-06-10 06:10:23,LOAN_REPAYMENT,-0.11999602,-11498.940954625591586327782646801051709027,EUR,,
BTC,,2025-06-12 18:34:00,LOAN,0.11961051,11151.740260109844559585492227979274611399,EUR,,
USDC,,2025-06-12 18:34:26,CREDIT,12955.9212,11188.187564766839378238341968911917097595,EUR,,
BTC,,2025-06-12 18:34:26,DEBIT,-0.12,-11188.053886010362694300518134715025906736,EUR,,
USDC,,2025-06-12 18:34:26,EXCHANGE_FEE,-12.30812516,-10.628778203799654576856649395509499136,EUR,,
BTC,,2025-06-12 21:04:20,CREDIT,0.12,11000.011398963730569948186528497409326425,EUR,,
BTC,,2025-06-12 21:04:20,EXCHANGE_FEE,-0.00011401,-10.450927496632124352331606217616580311,EUR,,
USDC,,2025-06-12 21:04:20,DEBIT,-12728.6400699,-10991.917158808290155440414507772020724553,EUR,,
BTC,,2025-06-12 21:04:22,LOAN_REPAYMENT,-0.11961093,-10964.346612005440414507772020725388601036,EUR,,
BTC,,2025-06-16 18:13:00,LOAN,0.12972494,12103.922177874503025064822817631806395851,EUR,,
USDC,,2025-06-16 18:13:02,CREDIT,14021.5634,12118.896629213483146067415730337078649019,EUR,,
BTC,,2025-06-16 18:13:02,DEBIT,-0.13,-12129.586516853932584269662921348314606742,EUR,,
USDC,,2025-06-16 18:13:02,EXCHANGE_FEE,-13.32048522,-11.512951789109766637856525496974935175,EUR,,
BTC,,2025-06-16 19:08:34,CREDIT,0.1303,12240.035433506044905008635578583765112263,EUR,,
BTC,,2025-06-16 19:08:34,EXCHANGE_FEE,-0.00012379,-11.628503348531951640759930915371329879,EUR,,
USDC,,2025-06-16 19:08:34,DEBIT,-14166.735897,-12233.796111398963730569948186528497408397,EUR,,
BTC,,2025-06-16 19:08:36,LOAN_REPAYMENT,-0.12972526,-12186.045886575474956822107081174438687392,EUR,,
USDC,,2025-06-22 19:32:00,LOAN,14928.88062146,12947.858301352992194275802254986990454336,EUR,,
BTC,,2025-06-22 19:32:56,CREDIT,0.16667,14346.775799392888117953165654813529921943,EUR,,
BTC,,2025-06-22 19:32:56,EXCHANGE_FEE,-0.00015834,-13.629738285689505637467476149176062446,EUR,,
USDC,,2025-06-22 19:32:56,DEBIT,-16540.3174664,-14345.461809540329575021682567215958363561,EUR,,
USDC,,2025-06-22 20:09:29,CREDIT,16476.0549704,14302.131050694444444444444444444444451767,EUR,,
BTC,,2025-06-22 20:09:29,DEBIT,-0.1669,-14280.949173611111111111111111111111111111,EUR,,
USDC,,2025-06-22 20:09:29,EXCHANGE_FEE,-15.65225219,-13.587024470486111111111111111111111118,EUR,,
USDC,,2025-06-22 20:09:31,LOAN_REPAYMENT,-14929.07089006,-12959.262925399305555555555555555555562191,EUR,,
BTC,,2025-06-25 15:52:00,LOAN,0.12493739,11520.957343030206540447504302925989672978,EUR,,
USDC,,2025-06-25 15:52:20,CREDIT,13388.7965622,11522.200139586919104991394148020654048069,EUR,,
BTC,,2025-06-25 15:52:20,DEBIT,-125,-11532.437607573149741824440619621342512909,EUR,,
USDC,,2025-06-25 15:52:20,EXCHANGE_FEE,-12.71935674,-10.94609013769363166953528399311531842,EUR,,
BTC,,2025-06-29 11:54:13,CREDIT,0.1255,11613.81818686006825938566552901023890785,EUR,,
BTC,,2025-06-29 11:54:13,EXCHANGE_FEE,-0.00011929,-11.039142402474402730375426621160409556,EUR,,
USDC,,2025-06-29 11:54:13,DEBIT,-13598.6645985,-11602.956142064846416382252559726962457988,EUR,,
BTC,,2025-06-29 11:54:15,LOAN_REPAYMENT,-0.12495134,-11563.044979797098976109215017064846416382,EUR,,
USDC,,2025-06-29 11:59:56,CREDIT,686.55754,585.300545609548167092924126172208013657,EUR,,
USDC,,2025-06-29 11:59:56,EXCHANGE_FEE,-0.65222966,-0.556035515771526001705029838022165388,EUR,,
EUR,,2025-06-29 11:59:56,DEBIT,-585.7,-585.7,EUR,,
BTC,,2025-06-29 23:16:00,LOAN,0.14957063,13780.784990889173060528559249786871270247,EUR,,
USDC,,2025-06-29 23:16:27,CREDIT,16213.7971773,13822.503987468030690537084398976982097588,EUR,,
BTC,,2025-06-29 23:16:27,DEBIT,-0.15,-13820.345268542199488491048593350383631714,EUR,,
USDC,,2025-06-29 23:16:27,EXCHANGE_FEE,-15.40310734,-13.131378806479113384484228473998294971,EUR,,
BTC,,2025-06-29 23:24:00,LOAN,0.01,922.609454855195911413969335604770017036,EUR,,
USDC,,2025-06-29 23:24:06,CREDIT,1083.28,922.725724020442930153321976149914820731,EUR,,
BTC,,2025-06-29 23:24:06,DEBIT,-0.01,-922.609454855195911413969335604770017036,EUR,,
USDC,,2025-06-29 23:24:06,EXCHANGE_FEE,-1.029116,-0.87658943781942078364565587734241908,EUR,,
BTC,,2025-06-30 14:55:28,CREDIT,0.1605,14647.035703324808184143222506393861892583,EUR,,
BTC,,2025-06-30 14:55:28,EXCHANGE_FEE,-0.00015247,-13.914227624211423699914748508098891731,EUR,,
USDC,,2025-06-30 14:55:28,DEBIT,-17177673,-14642.758084143222506393861892583120209963,EUR,,
BTC,,2025-06-30 14:55:30,LOAN_REPAYMENT,-0.15957368,-14559.410056718840579710144927536231884058,EUR,,
USDC,,2025-06-30 14:59:44,CREDIT,82.3182283,70.170499980537084398976982097186700793,EUR,,
BTC,,2025-06-30 14:59:44,DEBIT,-0.00077,-70.124674595055413469735720375106564365,EUR,,
USDC,,2025-06-30 14:59:44,EXCHANGE_FEE,-0.07820232,-0.066661977636828644501278772378516624,EUR,,
BTC,,2025-07-02 15:38:00,LOAN,0.04999615,4604.107680517402376910016977928692699491,EUR,,
USDC,,2025-07-02 15:38:37,CREDIT,5423.6677015,4604.132174448217317487266553480475381073,EUR,,
BTC,,2025-07-02 15:38:37,DEBIT,-0.05,-4604.462224108658743633276740237691001698,EUR,,
USDC,,2025-07-02 15:38:37,EXCHANGE_FEE,-5.15248433,-4.373925577249575551782682512733446519,EUR,,
BTC,,2025-07-02 15:43:00,LOAN,0.05,4606.499151103565365025466893039049235993,EUR,,
BTC,,2025-07-02 16:01:00,LOAN,0.05,4614.293469041560644614079728583545377438,EUR,,
USDC,,2025-07-02 16:01:23,CREDIT,5436.6221465,4611.214712892281594571670907548770145679,EUR,,
BTC,,2025-07-02 16:01:23,DEBIT,-0.05,-4613.673027989821882951653944020356234097,EUR,,
USDC,,2025-07-02 16:01:23,EXCHANGE_FEE,-5.16479105,-4.380653986429177268871925360474978797,EUR,,
USDC,,2025-07-02 16:08:58,CREDIT,5475,4639.8305084745762711864406779661016964,EUR,,
BTC,,2025-07-02 16:08:58,DEBIT,-0.05,-4643.932569974554707379134860050890585242,EUR,,
USDC,,2025-07-02 16:08:58,EXCHANGE_FEE,-5475,-4.639830508474576271186440677966101696,EUR,,
BTC,,2025-07-04 14:12:57,CREDIT,0.1507,13783.810040747028862478777589134125636672,EUR,,
BTC,,2025-07-04 14:12:57,EXCHANGE_FEE,-0.0001507,-13.783810040747028862478777589134125637,EUR,,
USDC,,2025-07-04 14:12:57,DEBIT,-16237925,-13784.316638370118845500848896434634971749,EUR,,
BTC,,2025-07-04 14:12:59,LOAN_REPAYMENT,-0.15000473,-13720.217010839728353140916808149405772496,EUR,,
USDC,,2025-07-04 16:53:13,CREDIT,58.0978602,49.356032637196261682242990654205607457,EUR,,
BTC,,2025-07-04 16:53:13,DEBIT,-0.00054,-49.35828479184367034834324553950722175,EUR,,
USDC,,2025-07-04 16:53:13,EXCHANGE_FEE,-0.05519297,-0.046888233392523364485981308411214953,EUR,,
BTC,,2025-07-06 21:33:00,LOAN,0.03999543,3719.87919972224108658743633276740237691,EUR,,
USDC,,2025-07-06 21:33:32,CREDIT,4381.8556,3719.741595925297113752122241086587435581,EUR,,
BTC,,2025-07-06 21:33:32,DEBIT,-0.04,-3714.424448217317487266553480475382003396,EUR,,
USDC,,2025-07-06 21:33:32,EXCHANGE_FEE,-4.16276282,-3.533754516129032258064516129032258064,EUR,,
BTC,,2025-07-06 21:36:00,LOAN,0.1,9297.370118845500848896434634974533106961,EUR,,
USDC,,2025-07-06 21:36:22,CREDIT,10955033,9299.688455008488964346349745331069607629,EUR,,
BTC,,2025-07-06 21:36:22,DEBIT,-0.1,-9297.370118845500848896434634974533106961,EUR,,
USDC,,2025-07-06 21:36:22,EXCHANGE_FEE,-10.955033,-9.299688455008488964346349745331069608,EUR,,
BTC,,2025-07-06 21:47:37,CREDIT,0.1403,13005.059668930390492359932088285229202037,EUR,,
BTC,,2025-07-06 21:47:37,EXCHANGE_FEE,-0.00013331,-12.357124051782682512733446519524617997,EUR,,
USDC,,2025-07-06 21:47:37,DEBIT,-15317.4300991,-13002.91179889643463497453310696095076138,EUR,,
BTC,,2025-07-06 21:47:39,LOAN_REPAYMENT,-0.1399956,-12976.843416876061120543293718166383701189,EUR,,
BTC,,2025-07-09 21:26:00,LOAN,0.14982891,14216.305188744624573378839590443686006826,EUR,,
USDC,,2025-07-09 21:26:52,CREDIT,16679.4150255,14231.58278626279863481228668941979522264,EUR,,
BTC,,2025-07-09 21:26:52,DEBIT,-0.15,-14234.050341296928327645051194539249146758,EUR,,
USDC,,2025-07-09 21:26:52,EXCHANGE_FEE,-15.84544431,-13.520003677474402730375426621160409557,EUR,,
BTC,,2025-07-10 16:15:52,CREDIT,0.1503,14355.583714285714285714285714285714285714,EUR,,
BTC,,2025-07-10 16:15:52,EXCHANGE_FEE,-0.0001428,-13.639237221556886227544910179640718563,EUR,,
USDC,,2025-07-10 16:15:52,DEBIT,-16780.7282426,-14354.771807185628742514970059880239523485,EUR,,
BTC,,2025-07-10 16:15:54,LOAN_REPAYMENT,-0.14983251,-14310.932404700940975192472198460222412318,EUR,,
BTC,,2025-07-10 22:00:00,LOAN,0.14967531,14833.124101520954003407155025553662691652,EUR,,
USDC,,2025-07-10 22:00:24,CREDIT,17450.9145,14861.519861243611584327086882453151617655,EUR,,
BTC,,2025-07-10 22:00:24,DEBIT,-0.15,-14844.485519591141396933560477001703577513,EUR,,
USDC,,2025-07-10 22:00:24,EXCHANGE_FEE,-16.57836878,-14.118443872439522998296422487223168653,EUR,,
BTC,,2025-07-11 05:30:38,CREDIT,0.1503,15091.592221843003412969283276450511945392,EUR,,
BTC,,2025-07-11 05:30:38,EXCHANGE_FEE,-0.00014279,-14.337514659726962457337883959044368601,EUR,,
USDC,,2025-07-11 05:30:38,DEBIT,-17674.977897,-15081.039161262798634812286689419795222688,EUR,,
BTC,,2025-07-11 05:30:40,LOAN_REPAYMENT,-0.14967675,-15029.011816970989761092150170648464163822,EUR,,
BTC,,2025-07-12 16:51:00,LOAN,0.14951954,14895.424942986745964316057774001699235344,EUR,,
USDC,,2025-07-12 16:51:35,CREDIT,17588.7015,14943.671622769753610875106202209005939284,EUR,,
BTC,,2025-07-12 16:51:35,DEBIT,-0.15,-14946.307136788445199660152931180968564146,EUR,,
USDC,,2025-07-12 16:51:35,EXCHANGE_FEE,-16.70926644,-14.196488054375531011045029736618521658,EUR,,
BTC,,2025-07-13 12:50:47,CREDIT,0.1503,15117.453895408163265306122448979591836735,EUR,,
BTC,,2025-07-13 12:50:47,EXCHANGE_FEE,-0.00014285,-14.368119021683673469387755102040816327,EUR,,
USDC,,2025-07-13 12:50:47,DEBIT,-17796.9555325,-15131.952242301658163265306122448979597648,EUR,,
BTC,,2025-07-13 12:50:50,LOAN_REPAYMENT,-0.14952332,-15039.333974639795918367346938775510204082,EUR,,
BTC,,2025-07-14 05:53:00,LOAN,0.12936617,13467.349976873679727427597955706984667802,EUR,,
USDC,,2025-07-14 05:53:16,CREDIT,15861.8395,13509.585448083475298126064735945485516376,EUR,,
BTC,,2025-07-14 05:53:16,DEBIT,-0.13,-13533.333304940374787052810902896081771721,EUR,,
USDC,,2025-07-14 05:53:16,EXCHANGE_FEE,-15.06874752,-12.834106171420783645655877342419080065,EUR,,
BTC,,2025-07-14 14:44:02,CREDIT,0.1303,13466.543978632478632478632478632478632479,EUR,,
BTC,,2025-07-14 14:44:02,EXCHANGE_FEE,-0.0001303,-13.466543978632478632478632478632478632,EUR,,
USDC,,2025-07-14 14:44:02,DEBIT,-15740.24,-13453.196581196581196581196581196581198868,EUR,,
BTC,,2025-07-14 14:44:04,LOAN_REPAYMENT,-0.12936767,-13370.187394230341880341880341880341880342,EUR,,
BTC,,2025-07-17 10:59:00,LOAN,0.12919797,13198.31393532786885245901639344262295082,EUR,,
USDC,,2025-07-17 10:59:25,CREDIT,15393.56,13281.760138050043140638481449525452974778,EUR,,
BTC,,2025-07-17 10:59:25,DEBIT,-0.13,-13280.245901639344262295081967213114754098,EUR,,
USDC,,2025-07-17 10:59:25,EXCHANGE_FEE,-14.62388201,-12.617672139775668679896462467644521137,EUR,,
BTC,,2025-07-17 21:15:05,CREDIT,0.1303,13511.428758828596037898363479758828596038,EUR,,
BTC,,2025-07-17 21:15:05,EXCHANGE_FEE,-0.0001238,-12.837412742463393626184323858742463394,EUR,,
USDC,,2025-07-17 21:15:05,DEBIT,-15666.7080637,-13494.149925667527993109388458225667534902,EUR,,
BTC,,2025-07-17 21:15:07,LOAN_REPAYMENT,-0.12919979,-13397.342734003186907838070628768303186908,EUR,,
BTC,,2025-07-17 22:20:00,LOAN,0.00902359,935.525084575021533161068044788975021533,EUR,,
BTC,,2025-07-17 22:21:00,LOAN,0.03,3110.264599483204134366925064599483204134,EUR,,
BTC,,2025-07-17 22:22:00,LOAN,0.04,4147.019465977605512489233419465977605512,EUR,,
BTC,,2025-07-18 06:35:55,LOAN_REPAYMENT,-0.07902359,-8170.291777375752364574376612209802235598,EUR,,
BTC,,2025-07-18 06:37:06,LOAN_REPAYMENT,-0.00000092,-0.095119298366294067067927773000859845,EUR,,
BTC,,2025-07-22 14:46:00,LOAN,0.11902451,12071.662992542783945345858240819812126388,EUR,,
USDC,,2025-07-22 14:46:09,CREDIT,14261.28,12178.719043552519214346712211784799318991,EUR,,
BTC,,2025-07-22 14:46:09,DEBIT,-0.12,-12170.598804440649017933390264730999146029,EUR,,
USDC,,2025-07-22 14:46:09,EXCHANGE_FEE,-13.548216,-11.569783091374893253629376601195559353,EUR,,
BTC,,2025-07-25 06:32:55,CREDIT,0.12,11774.993361702127659574468085106382978723,EUR,,
BTC,,2025-07-25 06:32:55,EXCHANGE_FEE,-0.000114,-11.18624369361702127659574468085106383,EUR,,
USDC,,2025-07-25 06:32:55,DEBIT,-13834.0932,-11773.69634042553191489361702127659574939,EUR,,
BTC,,2025-07-25 06:32:57,LOAN_REPAYMENT,-0.11903374,-11679.206621672680851063829787234042553191,EUR,,
USDC,,2025-08-10 00:07:32,CREDIT,901.064976,770.79980838323353293413173652694610792,EUR,,
ETH,,2025-08-10 00:07:32,DEBIT,-0.2118,-771.767312232677502138579982891360136869,EUR,,
USDC,,2025-08-10 00:07:32,EXCHANGE_FEE,-0.85601173,-0.732259820359281437125748502994011976,EUR,,
ETH,,2025-08-10 00:15:00,LOAN,5,18260.094097519247219846022241231822070145,EUR,,
USDC,,2025-08-10 00:15:57,CREDIT,21353.4,18264.554884516680923866552609067579129615,EUR,,
ETH,,2025-08-10 00:15:57,DEBIT,-5,-18258.597091531223267750213857998289136015,EUR,,
USDC,,2025-08-10 00:15:57,EXCHANGE_FEE,-20.28573,-17.351327140290846877673224978614200173,EUR,,
ETH,,2025-08-10 00:54:54,CREDIT,5,18508.54700854700854700854700854700854701,EUR,,
ETH,,2025-08-10 00:54:54,EXCHANGE_FEE,-0.00475,-17.58311965811965811965811965811965812,EUR,,
USDC,,2025-08-10 00:54:54,DEBIT,-21650,-18504.27350427350427350427350427350427665,EUR,,
ETH,,2025-08-10 00:54:56,LOAN_REPAYMENT,-4.99525,-18490.96388888888888888888888888888888889,EUR,,
ETH,,2025-08-10 08:26:59,CREDIT,6,21.482659846547314578005115089514066496,EUR,,
ETH,,2025-08-10 08:26:59,EXCHANGE_FEE,-0.0000057,-0.020408526854219948849104859335038363,EUR,,
USDC,,2025-08-10 08:26:59,DEBIT,-25.2033,-21.486189258312020460358056265984654732,EUR,,
ETH,,2025-08-10 08:27:01,LOAN_REPAYMENT,-0.00477879,-17.110186674680306905370843989769820972,EUR,,
ATOM,,2025-08-30 19:15:34,CREDIT,118.69,455.452551369863013698630136986301369829,EUR,,
ATOM,,2025-08-30 19:15:34,EXCHANGE_FEE,-0.1127555,-0.432679923801369863013698630136986301,EUR,,
USDC,,2025-08-30 19:15:34,DEBIT,-531.96858,-455.452551369863013698630136986301370052,EUR,,
ATOM,,2025-08-30 19:20:12,WITHDRAWAL,-118.577245,-455.629003047945205479452054794520547986,EUR,,
USDC,,2025-09-02 03:56:11,EARN,0.0000086,0,EUR,0,USD
USDC,,2025-09-03 03:56:55,EARN,0.0000086,0,EUR,0,USD
USDC,,2025-09-04 03:46:43,EARN,0.00000861,0,EUR,0,USD
USDC,,2025-09-05 04:09:59,EARN,0.00000861,0,EUR,0,USD
USDC,,2025-09-06 04:26:00,EARN,0.00000861,0,EUR,0,USD
USDC,,2025-09-07 04:21:15,EARN,0.00000862,0,EUR,0,USD
USDC,,2025-09-08 04:16:16,EARN,0.00000862,0,EUR,0,USD
USDC,,2025-09-09 04:27:26,EARN,0.00000862,0,EUR,0,USD
USDC,,2025-09-10 04:15:05,EARN,0.00000862,0,EUR,0,USD
USDC,,2025-09-11 04:31:35,EARN,0.00000345,0,EUR,0,USD
USDC,,2025-09-12 04:09:31,EARN,0.00000345,0,EUR,0,USD
USDC,,2025-09-13 05:09:17,EARN,0.00000345,0,EUR,0,USD
USDC,,2025-09-14 04:28:29,EARN,0.00000345,0,EUR,0,USD
USDC,,2025-09-15 04:38:44,EARN,0.00000345,0,EUR,0,USD
USDC,,2025-09-16 04:15:42,EARN,0.00000345,0,EUR,0,USD
USDC,,2025-09-17 05:31:31,EARN,0.00000345,0,EUR,0,USD
USDC,,2025-09-18 05:24:47,EARN,0.00000345,0,EUR,0,USD
USDC,,2025-09-19 04:45:40,EARN,0.00000345,0,EUR,0,USD
USDC,,2025-09-20 05:27:11,EARN,0.00000345,0,EUR,0,USD
USDC,,2025-09-21 05:21:40,EARN,0.00000345,0,EUR,0,USD
USDC,,2025-09-21 10:13:00,EARN,0.16856268,0,EUR,0,USD
USDC,,2025-09-22 05:09:02,EARN,0.00000346,0,EUR,0,USD
ATOM,,2025-09-22 06:25:45,CREDIT,119.34,425.836075085324232081911262798634812306,EUR,,
ATOM,,2025-09-22 06:25:45,EXCHANGE_FEE,-0.113373,-0.404544271331058020477815699658703072,EUR,,
USDC,,2025-09-22 06:25:45,DEBIT,-499.97385,-426.556188238054607508532423208191126514,EUR,,
ATOM,,2025-09-22 06:31:13,WITHDRAWAL,-119.226627,-424.357346739130434782608695652173913083,EUR,,
USDC,,2025-09-23 05:15:30,EARN,0.16443887,0,EUR,0,USD
USDC,,2025-09-24 05:45:44,EARN,0.16445582,0,EUR,0,USD
USDC,,2025-09-25 05:14:29,EARN,0.1644889,0,EUR,0,USD
USDC,,2025-09-26 05:14:05,EARN,0.16452321,0,EUR,0,USD
USDC,,2025-09-27 05:24:39,EARN,0.16455819,0,EUR,0,USD
USDC,,2025-09-28 05:20:07,EARN,0.16459295,0,EUR,0,USD
USDC,,2025-09-29 05:08:49,EARN,0.16462754,0,EUR,0,USD
USDC,,2025-09-30 05:49:08,EARN,0.16466211,0,EUR,0,USD
USDC,,2025-10-01 05:18:55,EARN,0.15341088,0,EUR,0,USD
USDC,,2025-10-02 04:14:25,EARN,0.1647322,0,EUR,0,USD
USDC,,2025-10-03 03:54:42,EARN,0.16476694,0,EUR,0,USD
USDC,,2025-10-04 04:19:00,EARN,0.1648017,0,EUR,0,USD
USDC,,2025-10-05 04:24:50,EARN,0.16483686,0,EUR,0,USD
USDC,,2025-10-06 05:19:47,EARN,0.16487202,0,EUR,0,USD
USDC,,2025-10-07 04:08:20,EARN,0.16491172,0,EUR,0,USD
USDC,,2025-10-08 04:19:37,EARN,0.15344699,0,EUR,0,USD
USDC,,2025-10-09 04:13:57,EARN,0.15348411,0,EUR,0,USD
USDC,,2025-10-10 04:28:31,EARN,0.15352059,0,EUR,0,USD
ATOM,,2025-10-10 15:31:24,CREDIT,26.58,90.102082616179001721170395869191049904,EUR,,
ATOM,,2025-10-10 15:31:24,EXCHANGE_FEE,-0.02658,-0.09010208261617900172117039586919105,EUR,,
USDC,,2025-10-10 15:31:24,DEBIT,-104991,-90.353700516351118760757314974182444088,EUR,,
ETH,,2025-10-10 19:46:28,CREDIT,0.0625,216.643857758620689655172413793103448276,EUR,,
ETH,,2025-10-10 19:46:28,EXCHANGE_FEE,-0.00005938,-0.205828996379310344827586206896551724,EUR,,
USDC,,2025-10-10 19:46:28,DEBIT,-251.308125,-216.644935344827586206896551724137931147,EUR,,
ETH,,2025-10-10 19:54:32,WITHDRAWAL,-0.06374483,-220.54941845844827586206896551724137931,EUR,,
ATOM,,2025-10-10 19:54:32,WITHDRAWAL,-26.55342,-89.549119862068965517241379310344827578,EUR,,
USDC,,2025-10-11 04:09:04,EARN,0.1259961,0,EUR,0,USD
ATOM,,2025-10-11 05:33:45,CREDIT,80,217.27193744569939183318853171155516944,EUR,,
ATOM,,2025-10-11 05:33:45,EXCHANGE_FEE,-76,-0.206408340573414422241529105125977411,EUR,,
USDC,,2025-10-11 05:33:45,DEBIT,-250,-217.20243266724587315377932232841007825,EUR,,
ATOM,,2025-10-11 05:36:31,WITHDRAWAL,-79924,-217.621039096437880104257167680278019096,EUR,,
USDC,,2025-10-12 04:58:46,EARN,0.09863052,0,EUR,0,USD
USDC,,2025-10-13 03:39:25,EARN,0.09867315,0,EUR,0,USD
USDC,,2025-10-14 05:19:47,EARN,0.09868833,0,EUR,0,USD
USDC,,2025-10-15 04:16:45,EARN,0.09870275,0,EUR,0,USD
ATOM,,2025-10-15 12:37:19,CREDIT,29.65,86.345090439276485788113695090439276478,EUR,,
ATOM,,2025-10-15 12:37:19,EXCHANGE_FEE,-0.0281675,-0.082027835917312661498708010335917313,EUR,,
USDC,,2025-10-15 12:37:19,DEBIT,-100.0984,-86.217398794142980189491817398794143024,EUR,,
ATOM,,2025-10-15 12:40:11,WITHDRAWAL,-29.621832,-86.265300764199655765920826161790017206,EUR,,
USDC,,2025-10-16 05:19:40,EARN,0.08775948,0,EUR,0,USD
USDC,,2025-10-17 04:08:24,EARN,0.08776307,0,EUR,0,USD
ATOM,,2025-10-17 06:52:47,CREDIT,63.69,170.72836037574722459436379163108454313,EUR,,
ATOM,,2025-10-17 06:52:47,EXCHANGE_FEE,-0.0605055,-0.162191942356959863364645602049530316,EUR,,
USDC,,2025-10-17 06:52:47,DEBIT,-199.9866,-170.782749786507258753202391118701964164,EUR,,
ATOM,,2025-10-17 06:55:32,WITHDRAWAL,-63.629495,-170.729182997438087105038428693424423552,EUR,,
USDC,,2025-10-18 05:15:32,EARN,0.06586083,0,EUR,0,USD
USDC,,2025-10-19 05:08:56,EARN,0.0658752,0,EUR,0,USD
USDC,,2025-10-19 22:13:00,EARN,3.442628,0,EUR,0,USD
USDC,,2025-10-19 22:30:00,LOAN,5417.53870342,4650.247814094420600858369098712446352768,EUR,,
BTC,,2025-10-19 22:30:07,CREDIT,0.0551,5173.780272961373390557939914163090128755,EUR,,
BTC,,2025-10-19 22:30:07,EXCHANGE_FEE,-0.00005235,-4.915560749356223175965665236051502146,EUR,,
USDC,,2025-10-19 22:30:07,DEBIT,-6018.617631,-5166.1953914163090128755364806866952799,EUR,,
USDC,,2025-10-20 07:16:45,CREDIT,6125.74545,5253.115673632075471698113207547169810627,EUR,,
BTC,,2025-10-20 07:16:45,DEBIT,-55,-5253.661792452830188679245283018867924528,EUR,,
USDC,,2025-10-20 07:16:45,EXCHANGE_FEE,-5.81945818,-4.99045989209433962264150943396226415,EUR,,
USDC,,2025-10-20 07:16:47,LOAN_REPAYMENT,-5417.85700175,-4646.067938293160377358490566037735848443,EUR,,
USDC,,2025-10-21 21:34:00,LOAN,6003.11936684,5166.195668537005163511187607573149743312,EUR,,
BTC,,2025-10-21 21:34:41,CREDIT,0.06,5723.693023255813953488372093023255813953,EUR,,
BTC,,2025-10-21 21:34:41,EXCHANGE_FEE,-0.000057,-5.437508372093023255813953488372093023,EUR,,
USDC,,2025-10-21 21:34:41,DEBIT,-6646.9248,-5725.172093023255813953488372093023258745,EUR,,
USDC,,2025-10-22 11:03:51,CREDIT,640.93,553.480138169257340241796200345423143309,EUR,,
BTC,,2025-10-22 11:03:51,DEBIT,-0.00599,-554.525363094209161624891961970613656007,EUR,,
USDC,,2025-10-22 11:03:51,EXCHANGE_FEE,-0.6088835,-0.525806131260794473229706390328151986,EUR,,
USDC,,2025-10-22 11:03:54,LOAN_REPAYMENT,-640.3211165,-553.432252808988764044943820224719101002,EUR,,
USDC,,2025-10-26 00:04:58,CREDIT,1557.028134,1338.803210662080825451418744625967326113,EUR,,
BTC,,2025-10-26 00:04:58,DEBIT,-0.01395,-1338.86846259673258813413585554600171969,EUR,,
USDC,,2025-10-26 00:04:58,EXCHANGE_FEE,-1.47917673,-1.271863052450558899398108340498710232,EUR,,
USDC,,2025-10-26 00:05:00,LOAN_REPAYMENT,-1555.54895727,-1337.531347609630266552020636285468615881,EUR,,
USDC,,2025-10-26 10:08:53,CREDIT,4495.1752,3865.154944110060189165950128976784179516,EUR,,
BTC,,2025-10-26 10:08:53,DEBIT,-0.04,-3864.929320722269991401547721410146173689,EUR,,
USDC,,2025-10-26 10:08:53,EXCHANGE_FEE,-4.27041644,-3.671897196904557179707652622527944971,EUR,,
USDC,,2025-10-26 10:08:55,LOAN_REPAYMENT,-3810.65228885,-3276.571185597592433361994840928632846655,EUR,,
ATOM,,2025-10-26 10:10:09,CREDIT,43.26,118.593350515463917525773195876288659774,EUR,,
ATOM,,2025-10-26 10:10:09,EXCHANGE_FEE,-0.041097,-0.112663682989690721649484536082474227,EUR,,
USDC,,2025-10-26 10:10:09,DEBIT,-137.9994,-118.658125537403267411865864144453998301,EUR,,
ATOM,,2025-10-26 10:12:35,WITHDRAWAL,-43.218903,-118.656885020636285468615649183147033541,EUR,,
BTC,,2025-10-26 22:58:00,LOAN,0.04,3939.814432989690721649484536082474226804,EUR,,
USDC,,2025-10-26 22:58:52,CREDIT,4585.6836,3938.400882914100309278350515463917527759,EUR,,
BTC,,2025-10-26 22:58:52,DEBIT,-0.04,-3939.814432989690721649484536082474226804,EUR,,
USDC,,2025-10-26 22:58:52,EXCHANGE_FEE,-4.35639942,-3.741480838768395293814432989690721651,EUR,,
BTC,,2025-10-27 00:36:01,CREDIT,0.0401,3962.405020618556701030927835051546391753,EUR,,
BTC,,2025-10-27 00:36:01,EXCHANGE_FEE,-0.00003817,-3.771695751546391752577319587628865979,EUR,,
USDC,,2025-10-27 00:36:01,DEBIT,-4618.87398,-3967.707983335051546391752577319587630818,EUR,,
BTC,,2025-10-27 00:36:04,LOAN_REPAYMENT,-0.04000006,-3952.52964012577319587628865979381443299,EUR,,
USDC,,2025-10-28 05:19:25,EARN,0.00000006,0,EUR,0,USD
USDC,,2025-10-29 05:59:58,EARN,0.00000006,0,EUR,0,USD
USDC,,2025-10-30 06:00:16,EARN,0.00000006,0,EUR,0,USD
USDC,,2025-10-31 05:50:36,EARN,0.00000006,0,EUR,0,USD
USDC,,2025-11-01 05:59:20,EARN,0.00000006,0,EUR,0,USD
USDC,,2025-11-02 04:14:31,EARN,0.00000006,0,EUR,0,USD
USDC,,2025-11-03 04:08:42,EARN,0.00000006,0,EUR,0,USD
USDC,,2025-11-03 22:59:00,LOAN,4806.94840789,4172.893498354570406806423611111111112179,EUR,,
BTC,,2025-11-03 22:59:13,CREDIT,0.05,4619.618055555555555555555555555555555556,EUR,,
BTC,,2025-11-03 22:59:13,EXCHANGE_FEE,-0.0000475,-4.388637152777777777777777777777777778,EUR,,
USDC,,2025-11-03 22:59:13,DEBIT,-5322592,-4620.305555555555555555555555555555557921,EUR,,
USDC,,2025-11-04 04:19:02,EARN,0.00000006,0,EUR,0,USD
USDC,,2025-11-04 05:43:10,CREDIT,5246.09517,4557.858531711555169417897480451781061147,EUR,,
BTC,,2025-11-04 05:43:10,DEBIT,-0.04993,-4552.683337098175499565595134665508253692,EUR,,
USDC,,2025-11-04 05:43:10,EXCHANGE_FEE,-4.98379041,-4.329965603822762814943527367506516074,EUR,,
USDC,,2025-11-04 05:43:12,LOAN_REPAYMENT,-4807.160478,-4172.882359375000000000000000000000002137,EUR,,
USDC,,2025-11-04 19:04:00,LOAN,4322.92122001,3762.333524812880765883376849434290686885,EUR,,
BTC,,2025-11-04 19:04:01,CREDIT,47,4143.938868581375108790252393385552654482,EUR,,
BTC,,2025-11-04 19:04:01,EXCHANGE_FEE,-0.00004465,-3.936741925152306353350739773716275022,EUR,,
USDC,,2025-11-04 19:04:01,DEBIT,-4761.12162,-4143.708981723237597911227154046997388296,EUR,,
USDC,,2025-11-04 21:31:49,CREDIT,4671.5724195,4069.313954268292682926829268292682926178,EUR,,
BTC,,2025-11-04 21:31:49,DEBIT,-0.04695,-4063.445955536181342632955536181342632956,EUR,,
USDC,,2025-11-04 21:31:49,EXCHANGE_FEE,-4.4379938,-3.865848257839721254355400696864111498,EUR,,
USDC,,2025-11-04 21:31:51,LOAN_REPAYMENT,-4322.99290486,-3768.956325074106364428945074106364430754,EUR,,
USDC,,2025-11-05 04:21:14,EARN,0.00000006,0,EUR,0,USD
USDC,,2025-11-06 04:08:28,EARN,0.00000006,0,EUR,0,USD
USDC,,2025-11-07 04:15:36,EARN,0.00000006,0,EUR,0,USD
USDC,,2025-11-08 04:26:56,EARN,0.00000006,0,EUR,0,USD
ATOM,,2025-11-08 23:24:57,CREDIT,131.52,334.654174589455488331892826274848746717,EUR,,
ATOM,,2025-11-08 23:24:57,EXCHANGE_FEE,-0.124944,-0.317921465859982713915298184961106309,EUR,,
USDC,,2025-11-08 23:24:57,DEBIT,-387.45792,-334.881521175453759723422644770959377627,EUR,,
ATOM,,2025-11-08 23:28:10,WITHDRAWAL,-131.395056,-333.768426606741573033707865168539325893,EUR,,
USDC,,2025-11-09 04:09:06,EARN,0.00000006,0,EUR,0,USD
USDC,,2025-11-11 04:28:38,EARN,0.00000309,0,EUR,0,USD
USDC,,2025-11-12 04:51:21,EARN,0.00000309,0,EUR,0,USD
USDC,,2025-11-13 04:30:13,EARN,0.00000309,0,EUR,0,USD
USDC,,2025-11-14 05:15:48,EARN,0.00000309,0,EUR,0,USD
USDC,,2025-11-15 04:21:16,EARN,0.00000309,0,EUR,0,USD
USDC,,2025-11-16 05:45:20,EARN,0.00000309,0,EUR,0,USD
USDC,,2025-11-17 04:14:51,EARN,0.00000309,0,EUR,0,USD
USDC,,2025-11-18 05:48:10,EARN,0.00000309,0,EUR,0,USD
USDC,,2025-11-19 05:59:34,EARN,0.00000309,0,EUR,0,USD
USDC,,2025-11-20 05:17:24,EARN,0.0000031,0,EUR,0,USD
USDC,,2025-11-21 05:17:08,EARN,0.0000031,0,EUR,0,USD
EUR,,2025-11-21 06:39:30,DEPOSIT,500,5E+2,EUR,,
ETH,,2025-11-21 08:03:35,CREDIT,0.2128,499.329483535528596187175043327556325823,EUR,,
ETH,,2025-11-21 08:03:35,EXCHANGE_FEE,-0.00020217,-0.474386474090121317157712305025996534,EUR,,
EUR,,2025-11-21 08:03:35,DEBIT,-499.959667,-499.959667,EUR,,
ETH,,2025-11-21 08:08:21,WITHDRAWAL,-0.21259783,-502.922826772357019064124783362218370884,EUR,,
USDC,,2025-11-22 05:26:22,EARN,0.0000031,0,EUR,0,USD
USDC,,2025-11-23 05:17:44,EARN,0.0000031,0,EUR,0,USD
USDC,,2025-11-24 05:12:19,EARN,0.0000031,0,EUR,0,USD
USDC,,2025-11-25 05:26:14,EARN,0.0000031,0,EUR,0,USD
USDC,,2025-11-26 05:07:37,EARN,0.0000031,0,EUR,0,USD
USDC,,2025-11-27 05:37:51,EARN,0.0000031,0,EUR,0,USD
USDC,,2025-11-28 05:21:25,EARN,0.0000031,0,EUR,0,USD
USDC,,2025-11-29 05:51:08,EARN,0.0000031,0,EUR,0,USD
USDC,,2025-11-30 05:41:45,EARN,0.0000031,0,EUR,0,USD
USDC,,2025-12-01 05:45:51,EARN,0.0000031,0,EUR,0,USD
BTC,,2025-12-01 19:02:06,DEPOSIT,0.00404448,296.589765556589147286821705426356589147,EUR,,
USDC,,2025-12-02 04:11:44,EARN,0.0000031,0,EUR,0,USD
USDC,,2025-12-03 04:25:07,EARN,0.0000031,0,EUR,0,USD
USDC,,2025-12-04 04:11:20,EARN,0.0000031,0,EUR,0,USD
BTC,,2025-12-04 04:23:03,EARN,0.00000003,0,EUR,0,USD
USDC,,2025-12-05 04:11:22,EARN,0.0000031,0,EUR,0,USD
BTC,,2025-12-05 04:19:06,EARN,0.00000003,0,EUR,0,USD
USDC,,2025-12-06 04:12:33,EARN,0.0000031,0,EUR,0,USD
BTC,,2025-12-06 04:16:01,EARN,0.00000003,0,EUR,0,USD
USDC,,2025-12-07 04:12:32,EARN,0.0000031,0,EUR,0,USD
BTC,,2025-12-07 04:16:10,EARN,0.00000003,0,EUR,0,USD
BTC,,2025-12-08 04:07:12,EARN,0.00000003,0,EUR,0,USD
USDC,,2025-12-08 04:07:58,EARN,0.0000031,0,EUR,0,USD
BTC,,2025-12-09 04:41:42,EARN,0.00000003,0,EUR,0,USD
USDC,,2025-12-09 04:42:21,EARN,0.0000031,0,EUR,0,USD
BTC,,2025-12-10 04:12:15,EARN,0.00000003,0,EUR,0,USD
USDC,,2025-12-10 04:26:04,EARN,0.0000031,0,EUR,0,USD
BTC,,2025-12-11 04:45:53,EARN,0.00000003,0,EUR,0,USD
USDC,,2025-12-11 04:51:42,EARN,0.0000031,0,EUR,0,USD
USDC,,2025-12-12 04:08:01,EARN,0.0000031,0,EUR,0,USD
BTC,,2025-12-12 04:12:00,EARN,0.00000003,0,EUR,0,USD
BTC,,2025-12-13 05:15:57,EARN,0.00000003,0,EUR,0,USD
USDC,,2025-12-13 05:25:26,EARN,0.00000311,0,EUR,0,USD
BTC,,2025-12-14 04:50:18,EARN,0.00000003,0,EUR,0,USD
USDC,,2025-12-14 04:51:46,EARN,0.00000311,0,EUR,0,USD
BTC,,2025-12-15 05:07:01,EARN,0.00000003,0,EUR,0,USD
USDC,,2025-12-15 05:12:33,EARN,0.00000311,0,EUR,0,USD
USDC,,2025-12-16 04:12:47,EARN,0.00000311,0,EUR,0,USD
BTC,,2025-12-16 04:25:14,EARN,0.00000003,0,EUR,0,USD
USDC,,2025-12-17 05:46:45,EARN,0.00000311,0,EUR,0,USD
BTC,,2025-12-17 05:50:24,EARN,0.00000003,0,EUR,0,USD
BTC,,2025-12-18 05:06:58,EARN,0.00000003,0,EUR,0,USD
USDC,,2025-12-18 05:21:37,EARN,0.00000311,0,EUR,0,USD
EUR,,2025-12-19 00:37:04,DEPOSIT,800,8E+2,EUR,,
ATOM,,2025-12-19 00:58:24,CREDIT,62.97,99.95749360613810741687979539641943731,EUR,,
ATOM,,2025-12-19 00:58:24,EXCHANGE_FEE,-0.0598215,-0.094959618925831202046035805626598465,EUR,,
EUR,,2025-12-19 00:58:24,DEBIT,-99.99636,-99.99636,EUR,,
BTC,,2025-12-19 01:00:27,CREDIT,0.00548,399.693540664961636828644501278772378517,EUR,,
BTC,,2025-12-19 01:00:27,EXCHANGE_FEE,-0.00000521,-0.380000610741687979539641943734015345,EUR,,
EUR,,2025-12-19 01:00:27,DEBIT,-399.699418,-399.699418,EUR,,
ATOM,,2025-12-19 01:10:43,WITHDRAWAL,-62.910178,-99.808901328218243819266837169650468908,EUR,,
BTC,,2025-12-19 05:46:29,EARN,0.00000003,0,EUR,0,USD
USDC,,2025-12-19 05:55:43,EARN,0.00000311,0,EUR,0,USD
BTC,,2025-12-20 05:37:00,EARN,0.00000003,0,EUR,0,USD
USDC,,2025-12-20 05:52:09,EARN,0.00000311,0,EUR,0,USD
USDC,,2025-12-21 05:17:05,EARN,0.00000311,0,EUR,0,USD
BTC,,2025-12-21 05:21:06,EARN,0.00000006,0,EUR,0,USD
USDC,,2025-12-22 05:37:45,EARN,0.00000311,0,EUR,0,USD
BTC,,2025-12-22 05:41:33,EARN,0.00000006,0,EUR,0,USD
BTC,,2025-12-23 05:41:44,EARN,0.00000006,0,EUR,0,USD
USDC,,2025-12-23 05:47:19,EARN,0.00000311,0,EUR,0,USD
USDC,,2025-12-24 05:42:23,EARN,0.00000311,0,EUR,0,USD
BTC,,2025-12-24 05:50:59,EARN,0.00000006,0,EUR,0,USD
USDC,,2025-12-25 06:12:59,EARN,0.00000311,0,EUR,0,USD
BTC,,2025-12-25 06:16:16,EARN,0.00000006,0,EUR,0,USD
USDC,,2025-12-26 05:16:52,EARN,0.00000311,0,EUR,0,USD
BTC,,2025-12-26 05:25:18,EARN,0.00000006,0,EUR,0,USD
BTC,,2025-12-27 05:36:50,EARN,0.00000006,0,EUR,0,USD
USDC,,2025-12-27 05:47:38,EARN,0.00000311,0,EUR,0,USD
BTC,,2025-12-28 05:46:02,EARN,0.00000006,0,EUR,0,USD
USDC,,2025-12-28 05:47:28,EARN,0.00000311,0,EUR,0,USD
BTC,,2025-12-29 06:07:02,EARN,0.00000006,0,EUR,0,USD
USDC,,2025-12-29 06:17:53,EARN,0.00000311,0,EUR,0,USD
BTC,,2025-12-30 05:36:58,EARN,0.00000006,0,EUR,0,USD
USDC,,2025-12-30 05:47:08,EARN,0.00000311,0,EUR,0,USD
USDC,,2025-12-31 05:37:59,EARN,0.00000311,0,EUR,0,USD
BTC,,2025-12-31 05:50:47,EARN,0.00000006,0,EUR,0,USD
